etf_id,date,adj_close,close,high,low,open,volume,rsi,ma5,ma20,macd_line,macd_signal,macd_hist,pct_k,pct_d,daily_return,cumulative_return
IJH,2015-05-01,25.85497283935547,30.191999435424805,30.256000518798828,30.027999877929688,30.030000686645508,6377000,,,,,,,,,,
IJH,2015-05-04,25.952594757080078,30.305999755859375,30.43199920654297,30.224000930786133,30.266000747680664,4185500,,,,,,,,,0.0037757501557307283,1.0037757501557307
IJH,2015-05-05,25.642595291137695,29.944000244140625,30.384000778198242,29.884000778198242,30.305999755859375,4926500,,,,,,,,,-0.011944835144386157,0.991785814298188
IJH,2015-05-06,25.64430046081543,29.945999145507812,30.086000442504883,29.777999877929688,30.040000915527344,3738000,,,,,,,,,6.649754669418861e-05,0.991851765621685
IJH,2015-05-07,25.729942321777344,30.04599952697754,30.13800048828125,29.847999572753906,29.95199966430664,3231000,,30.08679962158203,,,,,,,0.003339606049803434,0.9951641597786633
IJH,2015-05-08,25.966297149658203,30.32200050354004,30.43600082397461,30.29199981689453,30.304000854492188,2499500,,30.112799835205077,,,,,,,0.00918598358772127,1.0043057214174786
IJH,2015-05-11,25.94916343688965,30.302000045776367,30.420000076293945,30.187999725341797,30.29199981689453,3636000,,30.111999893188475,,,,,,,-0.0006598442846819097,1.003643036027128
IJH,2015-05-12,25.88922119140625,30.23200035095215,30.31599998474121,29.93199920654297,30.172000885009766,3466500,,30.16959991455078,,,,,,,-0.002309987588971163,1.001324633070148
IJH,2015-05-13,25.938894271850586,30.290000915527344,30.4060001373291,30.200000762939453,30.34000015258789,2738500,,30.238400268554688,,,,,,,0.0019186780504940604,1.0032458526650387
IJH,2015-05-14,26.2026424407959,30.597999572753906,30.610000610351562,30.347999572753906,30.450000762939453,2588000,,30.348800277709962,,,,,,,0.010168057519380769,1.013446914201017
IJH,2015-05-15,26.188947677612305,30.582000732421875,30.621999740600586,30.465999603271484,30.606000900268555,2731000,,30.40080032348633,,,,,,,-0.0005226481723946685,1.0129172380234908
IJH,2015-05-18,26.396183013916016,30.823999404907227,30.856000900268555,30.503999710083008,30.552000045776367,3711000,,30.5052001953125,,,,,,,0.007913083750244354,1.0209325369600368
IJH,2015-05-19,26.363637924194336,30.785999298095703,30.868000030517578,30.719999313354492,30.86199951171875,2453000,,30.61599998474121,,,,,,,-0.001232946812973701,1.019673781442331
IJH,2015-05-20,26.365358352661133,30.788000106811523,30.889999389648438,30.711999893188477,30.81599998474121,2357000,,30.715599822998048,,,,,,,6.525762763631704e-05,1.0197403229342707
IJH,2015-05-21,26.394472122192383,30.82200050354004,30.881999969482422,30.70199966430664,30.77199935913086,2750500,74.34062810153222,30.760400009155273,,,,,,,0.001104243270348304,1.0208663643233737
IJH,2015-05-22,26.37049102783203,30.79400062561035,30.860000610351562,30.739999771118164,30.766000747680664,2744500,72.075041939927,30.80279998779297,,,,,92.02646733263809,,-0.000908565030182551,1.01993884084426
IJH,2015-05-26,26.0793399810791,30.45400047302246,30.718000411987305,30.395999908447266,30.709999084472656,4115000,51.53625225575041,30.728800201416014,,,,,82.01448350622975,,-0.01104078973901712,1.0086779105558417
IJH,2015-05-27,26.313974380493164,30.72800064086914,30.75200080871582,30.447999954223633,30.513999938964844,3819500,61.14546946145396,30.717200469970702,,,,,78.87051778070965,84.30382287319249,0.008996945458906946,1.0177529307027169
IJH,2015-05-28,26.259166717529297,30.663999557495117,30.73200035095215,30.54599952697754,30.68400001525879,2641000,58.240654698075154,30.69240036010742,,,,,73.88458244789437,78.25652791161126,-0.0020828348531226615,1.0156331194267816
IJH,2015-05-29,26.087892532348633,30.464000701904297,30.667999267578125,30.378000259399414,30.65399932861328,6127500,50.212896194071284,30.620800399780272,30.454200077056885,,,,72.13160159578452,74.96223394146284,-0.006522453169328091,1.0090086999681018
IJH,2015-06-01,26.130714416503906,30.513999938964844,30.6299991607666,30.31999969482422,30.579999923706055,17155000,51.99437527493529,30.564800262451172,30.470300102233885,,,,64.23111433205646,70.08243279191178,0.0016414466635115144,1.0106649339321185
IJH,2015-06-02,26.152984619140625,30.540000915527344,30.639999389648438,30.36199951171875,30.416000366210938,3942500,52.93745889553283,30.58200035095215,30.482000160217286,,,,55.186539222593346,63.84975171681145,0.0008522615295452063,1.0115262847745692
IJH,2015-06-03,26.288280487060547,30.697999954223633,30.81999969482422,30.520000457763672,30.6299991607666,5960000,58.298610303040576,30.576000213623047,30.519700145721437,,,,58.78099453202446,59.399549362224754,0.005173247714943541,1.0167591608158846
IJH,2015-06-04,26.05706787109375,30.42799949645996,30.628000259399414,30.389999389648438,30.576000213623047,9973500,48.19494544785214,30.528800201416015,30.543800163269044,,,,44.846232252376986,52.9379220023316,-0.008795273471028375,1.0078164859423355
IJH,2015-06-05,26.128999710083008,30.511999130249023,30.534000396728516,30.191999435424805,30.384000778198242,3561500,51.0379521233038,30.53839988708496,30.56710014343262,,,,43.702815247909236,49.11001401077022,0.0027605500106577807,1.0105986137533447
IJH,2015-06-08,25.962875366210938,30.31800079345703,30.54800033569336,30.29800033569336,30.47800064086914,2883000,44.90827728716021,30.499200057983398,30.566900157928465,0.04442986676819061,,,27.61478231057104,38.72127660361909,-0.006357853179047024,1.0041733761441525
IJH,2015-06-09,25.906347274780273,30.25200080871582,30.357999801635742,30.1200008392334,30.32200050354004,2960500,43.015499298197874,30.441600036621093,30.56440019607544,0.020590836113143496,,,27.01329620647516,32.776964588318485,-0.0021772662169857737,1.0019870233762773
IJH,2015-06-10,26.19065284729004,30.583999633789062,30.687999725341797,30.36400032043457,30.413999557495117,16140500,53.607906092792916,30.41879997253418,30.582000160217284,0.028163116248357767,,,32.02898562913444,28.88568804872688,0.010974359661523492,1.0129831893469878
IJH,2015-06-11,26.34136962890625,30.760000228881836,30.76799964904785,30.615999221801758,30.6560001373291,3845500,58.05874242961388,30.485200119018554,30.60550012588501,0.04781480067795485,,,54.84053865619504,37.96094016393488,0.005754601937377979,1.0188125043709353
IJH,2015-06-12,26.226625442504883,30.625999450683594,30.709999084472656,30.555999755859375,30.6560001373291,4199500,53.824682557337795,30.50800018310547,30.606900119781493,0.05197700075167333,,,73.22145487177421,53.36365971903456,-0.004356044807763193,1.014374511451186
IJH,2015-06-15,26.072481155395508,30.445999145507812,30.49799919128418,30.209999084472656,30.43000030517578,6290500,48.688222724609744,30.533599853515625,30.60010004043579,0.040286654519032794,,,68.44777586815734,65.50325646537553,-0.005877396901377785,1.008412629840746
IJH,2015-06-16,26.25060272216797,30.65399932861328,30.691999435424805,30.3799991607666,30.40999984741211,17271500,54.134992817782084,30.613999557495116,30.591600036621095,0.04726105137060799,,,65.0475066825431,68.90557914082488,0.006831784275183939,1.015301887388189
IJH,2015-06-17,26.22834587097168,30.628000259399414,30.784000396728516,30.534000396728516,30.718000411987305,2936000,53.372357109262744,30.622799682617188,30.583700084686278,0.05011273510482539,,,65.14278344382349,66.21268866484131,-0.0008478605779780324,1.0144410529431258
IJH,2015-06-18,26.45099449157715,30.88800048828125,30.979999542236328,30.700000762939453,30.729999542236328,3644000,59.51473648515115,30.64839973449707,30.588700103759766,0.07251663395150132,0.044794743945031947,0.027721890006469373,79.38650234535957,69.85893082390872,0.008488854832888526,1.0230524957780827
IJH,2015-06-19,26.365358352661133,30.788000106811523,30.941999435424805,30.788000106811523,30.881999969482422,6604000,56.43539835585932,30.680799865722655,30.58700008392334,0.08126590735855999,0.05208897662773755,0.029176930730822434,79.849444806368,74.79291019851702,-0.003237539478649243,1.0197403229342705
IJH,2015-06-22,26.517786026000977,30.965999603271484,31.006000518798828,30.881999969482422,30.983999252319336,2887000,60.366358509653026,30.78479995727539,30.595600032806395,0.10139403402062896,0.06194998810631584,0.03944404591431312,87.48736412815056,82.24110375995939,0.005781361713388611,1.0256358105948813
IJH,2015-06-23,26.540056228637695,30.992000579833984,31.025999069213867,30.926000595092773,30.986000061035156,2902500,60.92106491948857,30.85240020751953,30.622500038146974,0.11808259823640199,0.07317651013233308,0.04490608810406892,89.80235765104504,85.7130555285212,0.0008398213416038747,1.0264971614373322
IJH,2015-06-24,26.288028717041016,30.604000091552734,30.898000717163086,30.583999633789062,30.884000778198242,2911500,49.734762592678415,30.847600173950195,30.61630001068115,0.09886040762248527,0.07831328963036352,0.02054711799212175,81.71809258891973,86.3359381227051,-0.009496118223168426,1.0167494230365766
IJH,2015-06-25,26.209003448486328,30.511999130249023,30.70599937438965,30.45800018310547,30.695999145507812,5406500,47.50723252654244,30.77239990234375,30.608699989318847,0.0753345644150194,0.0777175445872947,-0.002382980172275298,64.31201982860496,78.61082335618993,-0.003006131399402312,1.013692940670662
IJH,2015-06-26,26.258821487426758,30.56999969482422,30.6200008392334,30.45800018310547,30.582000732421875,3977000,49.056328433377075,30.72879981994629,30.613999938964845,0.06067094808565443,0.07430822528696665,-0.01363727720131222,48.78583478595268,64.93864906782579,0.0019007986716605973,1.0156197668657605
IJH,2015-06-29,25.70907974243164,29.93000030517578,30.486000061035156,29.913999557495117,30.299999237060547,4969000,36.319729701422325,30.521599960327148,30.58479995727539,-0.0025631293874894823,0.05893395435207543,-0.06149708373956491,31.458255250478675,48.185369955012106,-0.02093550714979131,0.994357251975073
IJH,2015-06-30,25.76577377319336,29.996000289916992,30.15399932861328,29.898000717163086,30.15399932861328,9423500,38.10443660995564,30.32239990234375,30.55759992599487,-0.046811332278693385,0.037784897025921665,-0.08459622930461505,19.931893254227344,33.39199443021957,0.002205214318431903,0.996550022824765
IJH,2015-07-01,25.844797134399414,30.08799934387207,30.26799964904785,29.972000122070312,30.26799964904785,31719000,40.60333323299247,30.21919975280762,30.527099895477296,-0.0736063093590964,0.015506655748918052,-0.08911296510801445,8.990236454105144,20.126794986270387,0.0030669896391106732,0.999606431419624
IJH,2015-07-02,25.80529022216797,30.04199981689453,30.20199966430664,29.945999145507812,30.170000076293945,6813500,39.739430016017195,30.12519989013672,30.507799911499024,-0.09743018461563935,-0.007080712323993429,-0.09034947229164592,12.765896286075659,13.896008664802716,-0.0015286214871798043,0.9980784115498329
IJH,2015-07-06,25.72626495361328,29.950000762939453,30.106000900268555,29.760000228881836,29.799999237060547,6459000,37.998104301568084,30.001200103759764,30.479699993133544,-0.12232425432455685,-0.030129420724106116,-0.09219483360045073,14.872575201958677,12.209569314046492,-0.0030623669749236804,0.9950219291839184
IJH,2015-07-07,25.846513748168945,30.09000015258789,30.104000091552734,29.554000854492188,29.979999542236328,5900500,42.15216603157604,30.033200073242188,30.46829996109009,-0.12926610401827787,-0.04995675738294047,-0.0793093466353374,21.39563035649772,16.34470061484402,0.004674164507458833,0.9996728253694531
IJH,2015-07-08,25.484033584594727,29.667999267578125,29.95199966430664,29.54400062561035,29.856000900268555,5777500,34.6221782920111,29.967599868774414,30.439099884033205,-0.1668956454142183,-0.07334453498919605,-0.09355111042502226,19.929327820097576,18.732511126184658,-0.01402433485250587,0.9856530789235213
IJH,2015-07-09,25.501205444335938,29.687999725341797,30.0,29.666000366210938,29.964000701904297,5863500,35.21288819259362,29.88759994506836,30.39429988861084,-0.19288005705194777,-0.09725163940174639,-0.09562841765020139,18.165525760600268,19.83016131239852,0.0006738281710472194,0.9863172397349794
IJH,2015-07-10,25.76577377319336,29.996000289916992,30.04599952697754,29.884000778198242,30.040000915527344,4424000,43.65574974981026,29.87840003967285,30.3560998916626,-0.18647030538261333,-0.11509537259791978,-0.07137493278469355,16.19429064660302,18.09638140910029,0.010374738144630857,0.9965500228247649
IJH,2015-07-13,25.997699737548828,30.266000747680664,30.29800033569336,30.158000946044922,30.172000885009766,4568500,49.82821017156575,29.941600036621093,30.33809995651245,-0.15778490439121384,-0.12363327895657861,-0.034151625434635235,29.644630460466875,21.33481562255672,0.009001319595407065,1.0055202880730207
IJH,2015-07-14,26.10249137878418,30.38800048828125,30.437999725341797,30.229999542236328,30.253999710083008,3992000,52.36738289223772,30.001200103759764,30.335200023651122,-0.12378029576723293,-0.12366268231870947,-0.00011761344852345701,47.18371802600668,31.007546377692194,0.004030804351663475,1.0095733436258714
IJH,2015-07-15,25.954744338989258,30.215999603271484,30.402000427246094,30.170000076293945,30.402000427246094,3470500,48.63059305774644,30.110800170898436,30.313300037384032,-0.1094487750424804,-0.12081990086346367,0.011371125820983263,56.29437301825402,44.374240501575855,-0.005660265821024635,1.0038588901351282
IJH,2015-07-16,26.050952911376953,30.327999114990234,30.395999908447266,30.253999710083008,30.375999450683594,18499500,51.07856868041354,30.238800048828125,30.298299980163574,-0.08803866214332601,-0.11426365311943615,0.02622499097611014,64.34246987000488,55.94018697142186,0.0037067817402143266,1.0075799759388329
IJH,2015-07-17,25.841360092163086,30.083999633789062,30.304000854492188,30.035999298095703,30.302000045776367,4666500,45.94203412680289,30.25639991760254,30.258099937438963,-0.08972541364700604,-0.10935600522495013,0.019630591577944098,62.6727893659816,61.103210751413506,-0.008045495300186611,0.9994734959778548
IJH,2015-07-20,25.839645385742188,30.082000732421875,30.148000717163086,30.011999130249023,30.091999053955078,4635500,45.90131075514685,30.21959991455078,30.22279996871948,-0.0901838872857681,-0.10552158163711374,0.015337694351345646,63.45537065727904,63.49020996442184,-6.63551150087427e-05,0.999407175799081
IJH,2015-07-21,25.65582275390625,29.868000030517578,30.1560001373291,29.83799934387207,30.055999755859375,4217500,41.6452528579066,30.115599822998046,30.167899990081786,-0.10658663473545005,-0.10573459225678102,-0.0008520424786690323,51.2484646556284,59.12554155962969,-0.007113976569406266,0.9922974165671499
IJH,2015-07-22,25.71595001220703,29.937999725341797,29.972000122070312,29.77199935913086,29.77199935913086,3905000,43.49097320527526,30.059999847412108,30.115199947357176,-0.11263910640109742,-0.1071154950856443,-0.00552361131545312,46.83071872695374,53.8448513466204,0.002343610605574087,0.9946229753165005
IJH,2015-07-23,25.549306869506836,29.743999481201172,30.054000854492188,29.70800018310547,29.99799919128418,3755500,39.73949154448548,29.943199920654298,30.0721999168396,-0.13157323779250873,-0.11200704362701719,-0.019566194165491546,34.228123962140295,44.10243578157415,-0.006480147247956647,0.9881776719802488
IJH,2015-07-24,25.319110870361328,29.47599983215332,29.790000915527344,29.422000885009766,29.736000061035156,4615000,35.21981454695443,29.82159996032715,30.020399951934813,-0.16628715048426912,-0.12286306499846758,-0.04342408548580154,23.91921809546189,34.992686928185314,-0.00900987256997754,0.9792743170792096
IJH,2015-07-27,25.133567810058594,29.260000228881836,29.398000717163086,29.20400047302246,29.341999053955078,3755500,32.055424322602136,29.65719985961914,29.954899978637695,-0.2088203877489363,-0.14005452954856132,-0.06876585820037498,10.741397575169259,22.96291321092382,-0.007328182306746478,0.9720980163553385
IJH,2015-07-28,25.39125633239746,29.559999465942383,29.577999114990234,29.163999557495117,29.347999572753906,4839000,40.10454956278682,29.595599746704103,29.936399936676025,-0.21583286654976774,-0.15521019694880261,-0.06062266960096513,13.645374928168868,16.101996866266678,0.010252763327765146,0.9820647072484198
IJH,2015-07-29,25.67987632751465,29.895999908447266,29.941999435424805,29.513999938964844,29.583999633789062,3690000,47.5929338642865,29.587199783325197,29.93139991760254,-0.19206388596257185,-0.16258093475155647,-0.02948295121101538,31.02603685954215,18.470936454293433,0.011366904864369642,0.9932277433463675
IJH,2015-07-30,25.74000358581543,29.965999603271484,29.988000869750977,29.743999481201172,29.86400032043457,3520500,49.02285081379001,29.631599807739256,29.92529993057251,-0.1656686818018649,-0.16319848416161817,-0.002470197640246724,50.49712325752347,31.722845015078168,0.002341415415476833,0.995553302095718
IJH,2015-07-31,25.770923614501953,30.00200080871582,30.15999984741211,29.959999084472656,30.013999938964844,4052000,49.78175694281007,29.73680000305176,29.923299980163574,-0.1402288253236783,-0.1586045523940302,0.0183757270703519,62.061782716988326,47.86164761135132,0.0012012441483715275,0.9967492046742524
IJH,2015-08-03,25.6919002532959,29.90999984741211,30.055999755859375,29.760000228881836,30.055999755859375,3974000,47.82244191316651,29.866799926757814,29.921299934387207,-0.12603837257070793,-0.15209131642936574,0.026052943858657807,62.995653931213354,58.518186635241726,-0.0030663767580912937,0.9936927960793933
IJH,2015-08-04,25.67815399169922,29.893999099731445,30.086000442504883,29.823999404907227,29.93199920654297,3736500,47.472489772570576,29.933599853515624,29.911499881744383,-0.11476057467244516,-0.14462516807798162,0.02986459340553646,61.7629416107762,62.2734594196593,-0.0005350426189248969,0.9931611280833722
IJH,2015-08-05,25.817306518554688,30.055999755859375,30.257999420166016,29.959999084472656,30.04400062561035,3531000,51.353871597889075,29.965599822998048,29.930899906158448,-0.09169375104767852,-0.13403888467192102,0.0423451336242425,65.91906587924778,63.55922047374579,0.005419101657403003,0.9985431691986371
IJH,2015-08-06,25.573366165161133,29.77199935913086,30.106000900268555,29.591999053955078,30.08799934387207,4503500,45.06686702536067,29.926799774169922,29.9350998878479,-0.09523181260721358,-0.12627747025897954,0.03104565765176595,64.35819744984803,64.01340164662402,-0.009448714304036154,0.9891082200726323
IJH,2015-08-07,25.533855438232422,29.72599983215332,29.775999069213867,29.591999053955078,29.70800018310547,3610500,44.12460748610577,29.87159957885742,29.921599864959717,-0.10058801327335232,-0.1211395788618541,0.020551565588501783,61.73084878655206,64.0027040385493,-0.0015449951591642863,0.9875800526607305
IJH,2015-08-10,25.920385360717773,30.176000595092773,30.17799949645996,29.893999099731445,29.90399932861328,3183500,54.21067715859147,29.924799728393555,29.91709985733032,-0.06774066788243971,-0.11045979666597124,0.042719128783531526,66.48389359527125,64.19097994389045,0.015137938076777546,1.0025299783437693
IJH,2015-08-11,25.66441535949707,29.878000259399414,30.025999069213867,29.77199935913086,29.93199920654297,3638000,48.02790545695526,29.92159996032715,29.89159984588623,-0.06500570134506845,-0.10136897760179069,0.03636327625672224,69.71365939584346,65.97613392588893,-0.009875239031307936,0.9926297551715726
IJH,2015-08-12,25.60428810119629,29.808000564575195,29.854000091552734,29.350000381469727,29.68600082397461,4699500,46.68110401214492,29.87200012207031,29.871199893951417,-0.06770613682062887,-0.09463640944555833,0.02693027262492946,72.21215856450205,69.46990385187227,-0.00234282595019375,0.9903041964222221
IJH,2015-08-13,25.600852966308594,29.804000854492188,29.93400001525879,29.697999954223633,29.812000274658203,3171500,46.600692293447416,29.87840042114258,29.844999980926513,-0.0693693479055888,-0.08958299713756443,0.020213649231975633,60.87761294300677,67.60114363445076,-0.00013416248380426765,0.9901713347515083
IJH,2015-08-14,25.767488479614258,29.99799919128418,30.027999877929688,29.746000289916992,29.79599952697754,4845000,51.008784012002465,29.93280029296875,29.84069995880127,-0.05440624883597067,-0.08254764747724569,0.028141398641275017,64.53388798713091,65.87455316487991,0.006508982865725654,0.9966163430035386
IJH,2015-08-17,25.999412536621094,30.26799964904785,30.280000686645508,29.81800079345703,29.91200065612793,3095000,56.40293861713353,29.951200103759767,29.84999990463257,-0.020524510782209404,-0.07014302013823843,0.04961850935602903,77.81486200015084,67.74212097676285,0.00900064657796662,1.005586534480739
IJH,2015-08-18,25.868850708007812,30.115999221801758,30.256000518798828,30.077999114990234,30.24799919128418,2446000,52.87348027584493,29.998799896240236,29.862399864196778,-0.005870482163906843,-0.05728851254337212,0.051418030379465275,85.76966189968711,76.03947062898963,-0.005021722257354089,1.0005367581988416
IJH,2015-08-19,25.590543746948242,29.79199981689453,30.025999069213867,29.672000885009766,29.969999313354492,4488000,46.23242507055085,29.9955997467041,29.855099868774413,-0.020168611903834233,-0.04986453241546454,0.029695920511630308,76.20060378844435,79.92837589609411,-0.010758381352188096,0.9897726021972564
IJH,2015-08-20,25.01502799987793,29.121999740600586,29.600000381469727,29.115999221801758,29.562000274658203,5221500,36.127148578327656,29.85919952392578,29.823999881744385,-0.08458830810638673,-0.05680928755364899,-0.027779020552737746,43.46925097709848,68.47983888840999,-0.022489391111079615,0.9675132190354112
IJH,2015-08-21,24.430923461914062,28.441999435424805,28.974000930786133,28.43000030517578,28.823999404907227,7541500,29.160609697847743,29.547999572753906,29.77229986190796,-0.18834064932632089,-0.08311555990818337,-0.10522508941813752,16.230304919385663,45.30005322830951,-0.02335014527933843,0.944921644811254
IJH,2015-08-24,23.520414352416992,27.381999969482422,28.172000885009766,21.805999755859375,27.389999389648438,14605500,22.02934959145017,28.97079963684082,29.67839984893799,-0.3520401259205208,-0.13690047311065084,-0.21513965280986996,22.32179304014332,27.340449645542495,-0.03726871441910429,0.909705629882353
IJH,2015-08-25,23.1871395111084,26.993999481201172,28.077999114990234,26.989999771118164,28.077999114990234,9018500,20.09242244115974,28.3463996887207,29.550099849700928,-0.5072344542156735,-0.21096726933165538,-0.2962671848840181,42.557474816569645,27.036524258699554,-0.014169599068918903,0.8968154658361818
IJH,2015-08-26,23.81934356689453,27.729999542236328,27.79599952697754,27.030000686645508,27.558000564575195,7981500,32.25959487787221,27.933999633789064,29.44179983139038,-0.5643327469658672,-0.28164036485849775,-0.28269238210736947,65.64392216319811,43.50773000663704,0.027265288824577016,0.9212673985345529
IJH,2015-08-27,24.401721954345703,28.408000946044922,28.465999603271484,27.893999099731445,27.992000579833984,6026000,41.14936049329467,27.79119987487793,29.363899898529052,-0.5485511521276933,-0.33502252231233687,-0.21352862981535647,69.67980000076528,59.293732326844356,0.024449808443109067,0.9437922099536041
IJH,2015-08-28,24.499645233154297,28.52199935913086,28.5939998626709,28.305999755859375,28.360000610351562,4639500,42.51534983225802,27.80719985961914,29.289899826049805,-0.5208414690638321,-0.37218631166263594,-0.14865515740119617,75.69034091058293,70.33802102484879,0.004012965928871903,0.9475796159360826
IJH,2015-08-31,24.327844619750977,28.32200050354004,28.56800079345703,28.281999588012695,28.398000717163086,4158000,40.729209833433615,27.995199966430665,29.210499858856203,-0.5091504127610555,-0.39957913188231986,-0.10957128087873569,78.01903612055145,74.46305901063323,-0.007012371475927703,0.9409348356661219
IJH,2015-09-01,23.638959884643555,27.520000457763672,28.040000915527344,27.43600082397461,28.040000915527344,6633000,34.474596128281746,28.100400161743163,29.091799926757812,-0.5581656809873543,-0.4312964417033268,-0.1268692392840275,74.52599705697234,76.07845802936892,-0.028316718799993423,0.9142906485154463
IJH,2015-09-02,23.994571685791016,27.93400001525879,27.93400001525879,27.516000747680664,27.878000259399414,6872000,39.62850357794279,28.141200256347656,28.985699939727784,-0.5571814884757273,-0.45647345105780696,-0.10070803741792039,72.21304261087805,74.91935859613396,0.015043462270879049,0.9280447453910059
IJH,2015-09-03,24.109668731689453,28.06800079345703,28.332000732421875,27.972000122070312,27.992000579833984,3841000,41.23953589840669,28.073200225830078,28.90050001144409,-0.5393712301163234,-0.47305300686951024,-0.06631822324681313,71.21390925322079,72.6509829736904,0.004796795183745539,0.9324963859559978
IJH,2015-09-04,23.821054458618164,27.73200035095215,27.93000030517578,27.621999740600586,27.691999435424805,4191500,38.467591466904324,27.915200424194335,28.800800037384032,-0.5460740974121521,-0.48765722497803865,-0.05841687243411342,72.11403996102844,71.84699727504243,-0.011970893349187217,0.9213335711712161
IJH,2015-09-08,24.39828872680664,28.40399932861328,28.426000595092773,28.058000564575195,28.124000549316406,2952500,46.24919609299521,27.931600189208986,28.71219997406006,-0.4914958089283701,-0.4884249417681049,-0.003070867160265167,74.76481624452752,72.69758848625894,0.024232103964635376,0.9436594220539457
IJH,2015-09-09,24.13200569152832,28.0939998626709,28.649999618530273,28.055999755859375,28.618000030517578,2382500,43.51528672949414,28.04640007019043,28.622999954223634,-0.46786325188458733,-0.48431260379140145,0.016449351906814125,77.0250862392864,74.63464748161414,-0.010914004595156457,0.9333603187853863
IJH,2015-09-10,24.18010902404785,28.149999618530273,28.413999557495117,28.038000106811523,28.038000106811523,4956500,44.15746399786834,28.089599990844725,28.540099906921387,-0.43954872379729437,-0.47535982779258007,0.0358111039952857,83.1498427851172,78.31324842297705,0.001993341669748405,0.9352208248017109
IJH,2015-09-11,24.319263458251953,28.312000274658203,28.31800079345703,27.965999603271484,28.059999465942383,3083500,46.06770526282065,28.13839988708496,28.465499877929688,-0.39943274519109195,-0.4601744112722825,0.060741666081190526,88.0810880181209,82.75200568084152,0.005754913431767816,0.9406029396880312
IJH,2015-09-14,24.214468002319336,28.190000534057617,28.384000778198242,28.145999908447266,28.3700008392334,2427000,44.824158693490446,28.229999923706053,28.37509994506836,-0.3731830803459246,-0.4427761450870109,0.06959306474108629,85.28501140116475,85.5053140681343,-0.004309154186043385,0.9365497365930698
IJH,2015-09-15,24.489336013793945,28.510000228881836,28.54599952697754,28.194000244140625,28.253999710083008,2848500,48.733256577619585,28.251200103759764,28.28719997406006,-0.32283726379640143,-0.41878836882888903,0.0959511050324876,86.23621433671252,86.53410458533273,0.011351395845173196,0.9471808833818305
IJH,2015-09-16,24.721254348754883,28.780000686645508,28.805999755859375,28.474000930786133,28.506000518798828,4107500,51.83401308966461,28.388400268554687,28.220400047302245,-0.25817498053803334,-0.3866656911707179,0.12849071063268458,87.24984071436656,86.25702215074796,0.00947017652215254,0.9561508535458648
IJH,2015-09-17,24.693775177001953,28.74799919128418,29.139999389648438,28.672000885009766,28.79599952697754,3803000,51.43691544974377,28.50800018310547,28.16820001602173,-0.20712430832126216,-0.35075741460082677,0.1436331062795646,88.81852902358048,87.43486135821986,-0.0011115605771967463,0.9550880339512102
IJH,2015-09-18,24.29005241394043,28.277999877929688,28.597999572753906,28.238000869750977,28.40999984741211,4104000,45.87790278993349,28.501200103759764,28.126000022888185,-0.20225977464897937,-0.3210578866104573,0.11879811196147794,74.8368873383798,83.63508569210894,-0.01634917140727521,0.9394731359751044
IJH,2015-09-21,24.418899536132812,28.42799949645996,28.736000061035156,28.36199951171875,28.420000076293945,2820000,47.816267523040906,28.548799896240233,28.125300025939943,-0.18417779408681056,-0.293681868105728,0.10950407401891743,61.54144643711303,75.06562093302445,0.005304522196849515,0.9444565920782282
IJH,2015-09-22,24.090776443481445,28.04599952697754,28.211999893188477,27.895999908447266,28.091999053955078,2783500,43.539620750421314,28.455999755859374,28.158500003814698,-0.19838503999725177,-0.27462250248403275,0.07623746248678098,46.75482841886236,61.0443873981184,-0.01343725961793818,0.9317656836525999
IJH,2015-09-23,24.030643463134766,27.97599983215332,28.17799949645996,27.895999908447266,28.110000610351562,3409000,42.784473914943334,28.295199584960937,28.207600021362303,-0.2128392961809027,-0.2622658612234068,0.04942656504250409,38.05717438936377,48.78448308177973,-0.002496099720478373,0.9294399035900833
IJH,2015-09-24,23.91897964477539,27.84600067138672,27.90999984741211,27.559999465942383,27.79199981689453,3936500,41.35013180570506,28.114799880981444,28.213400077819824,-0.23210864024712308,-0.25623441702815003,0.024125776781026953,24.685644206879974,36.499215671702046,-0.004646726107466859,0.9251210509247498
IJH,2015-09-25,23.87741470336914,27.691999435424805,27.972000122070312,27.573999404907227,27.926000595092773,4109500,39.65414120071331,27.997599792480468,28.17760000228882,-0.25684559085725667,-0.2563566517939714,-0.0004889390632852875,16.591980455949795,26.444933017397858,-0.0017377389012214195,0.923513432086219
IJH,2015-09-28,23.27557373046875,26.993999481201172,27.618000030517578,26.9060001373291,27.56999969482422,4781500,33.03963210631656,27.710799789428712,28.101200008392333,-0.32898028536614277,-0.27088137850840566,-0.05809890685773711,10.13162214688951,17.13641560323977,-0.025205449600683494,0.9002358608182156
IJH,2015-09-29,23.253149032592773,26.968000411987305,27.167999267578125,26.829999923706055,26.974000930786133,5891500,32.82003068764476,27.495199966430665,28.033500003814698,-0.38382100840451017,-0.29346930448762654,-0.09035170391688363,6.089190647592846,10.937597750144059,-0.000963443399318753,0.8993685345202802
IJH,2015-09-30,23.558391571044922,27.32200050354004,27.36199951171875,27.027999877929688,27.219999313354492,8318500,38.785999251400796,27.364400100708007,28.023600006103514,-0.3941740347248981,-0.31361025053508085,-0.08056378418981724,10.403958138328257,8.874923644270213,0.013126933389723039,0.9111744853657407
IJH,2015-10-01,23.506650924682617,27.261999130249023,27.408000946044922,26.986000061035156,27.332000732421875,8923000,38.167306298634344,27.247599792480468,27.989999961853027,-0.4025798026774794,-0.33140416096356057,-0.07117564171391882,15.324682830968419,10.605943872296516,-0.002196272449512149,0.9091732979468335
IJH,2015-10-02,23.844646453857422,27.65399932861328,27.65999984741211,26.868000030517578,26.996000289916992,6337000,44.406571197236595,27.239999771118164,27.96929988861084,-0.3733070431961423,-0.339784737410077,-0.0335223057860653,25.22365938543727,16.98410011824466,0.014378719038189436,0.9222460453550352
IJH,2015-10-05,24.306819915771484,28.190000534057617,28.222000122070312,27.81999969482422,27.833999633789062,7007000,51.59839709596602,27.479199981689455,27.992199897766113,-0.30336040278989174,-0.33249987048603996,0.029139467696148225,37.748915246820054,26.09908582107526,0.01938269300022677,0.940121657322825
IJH,2015-10-06,24.218873977661133,28.08799934387207,28.270000457763672,27.986000061035156,28.15999984741211,5099000,50.265759354312884,27.703199768066405,27.976399898529053,-0.25323865236914145,-0.3166476268626603,0.06340897449351884,49.668113004239935,37.54689587883243,-0.0036181589535407843,0.9367201477309649
IJH,2015-10-07,24.52410125732422,28.441999435424805,28.461999893188477,28.091999053955078,28.229999542236328,5013500,54.643943319489686,27.92719955444336,27.993799877166747,-0.18284424057808835,-0.2898869496057459,0.10704270902765756,65.96945179251148,51.1288266811905,0.01260286832264046,0.9485255084079826
IJH,2015-10-08,24.779338836669922,28.738000869750977,28.809999465942383,28.36199951171875,28.384000778198242,4528500,57.975279580442326,28.22239990234375,28.023199939727782,-0.10199557856673636,-0.252308675397944,0.15031309683120764,78.46585429729477,64.70113969801541,0.010407622145560902,0.9583974034949189
IJH,2015-10-09,24.83106803894043,28.79800033569336,28.841999053955078,28.663999557495117,28.809999465942383,6216000,58.63843962122878,28.451200103759767,28.04749994277954,-0.03270398479529746,-0.2083877372774147,0.17568375248211723,92.91729499174312,79.11753369384981,0.002087594128781012,0.9603981482874938
IJH,2015-10-12,24.813823699951172,28.777999877929688,28.832000732421875,28.70199966430664,28.826000213623047,3935000,58.30813102812759,28.56879997253418,28.076899909973143,0.02036151779428863,-0.16263788626307402,0.18299940405736265,96.9986718397195,89.46060704291915,-0.0006944662614678521,0.959731184175932
IJH,2015-10-13,24.577564239501953,28.503999710083008,28.88800048828125,28.48200035095215,28.645999908447266,5809000,53.83418076291177,28.65200004577637,28.076599884033204,0.0398474506753459,-0.12214081887539005,0.16198826955073595,91.99112809130689,93.9690316409232,-0.009521283914404655,0.9505933110898851
IJH,2015-10-14,24.399944305419922,28.29800033569336,28.6200008392334,28.266000747680664,28.51799964904785,5096500,50.68538469838931,28.62320022583008,28.052499866485597,0.038227106677279465,-0.09006723376485615,0.1282943404421356,83.16386346375499,90.71788779826049,-0.007226913633554988,0.9437234553300035
IJH,2015-10-15,24.686206817626953,28.6299991607666,28.6299991607666,28.173999786376953,28.378000259399414,3979500,55.23030137025582,28.601599884033202,28.046599864959717,0.06300620660854861,-0.0594525456901752,0.1224587522987238,80.04532037053342,85.06677064186512,0.011732096951690307,0.9547953104035193
IJH,2015-10-16,24.69138526916504,28.63599967956543,28.714000701904297,28.468000411987305,28.70599937438965,3337000,55.31046788824532,28.569199752807616,28.064499855041504,0.08218068575678927,-0.031125899400782305,0.11330658515757158,82.18331734608607,81.79750039345818,0.0002097710505442052,0.9549955988188373
IJH,2015-10-19,24.763811111450195,28.719999313354492,28.770000457763672,28.496000289916992,28.496000289916992,4434500,56.48514805244509,28.55759963989258,28.07909984588623,0.10296771928622306,-0.004307175663381232,0.1072748949496043,88.96722464202027,83.7319541195466,0.002933243376004535,0.9577968333331862
IJH,2015-10-20,24.762088775634766,28.718000411987305,28.860000610351562,28.639999389648438,28.673999786376953,4119000,56.44712435852229,28.600399780273438,28.112699890136717,0.11792097884510255,0.020138455238315527,0.09778252360678702,90.3407782289152,87.16377340567387,-6.955051497037346e-05,0.9577302180701909
IJH,2015-10-21,24.49479103088379,28.408000946044922,28.802000045776367,28.371999740600586,28.799999237060547,3793000,50.742274390356044,28.62239990234375,28.134299945831298,0.10356336464830918,0.03682343712031426,0.06673992752799492,86.50164013060613,88.60321433384722,-0.010794636396505908,0.9473918686001769
IJH,2015-10-22,24.67241096496582,28.61400032043457,28.719999313354492,28.43199920654297,28.527999877929688,4206500,54.06458111671448,28.619200134277342,28.17269992828369,0.10756731085970372,0.05097221186819216,0.056595098991511564,80.72212699590754,85.85484845180964,0.007251334941297705,0.9542617243600586
IJH,2015-10-23,24.800024032592773,28.761999130249023,28.808000564575195,28.549999237060547,28.805999755859375,5109500,56.34281399072401,28.64440002441406,28.226199913024903,0.12128464031696495,0.06503469755794672,0.056249942759018234,78.87104087634407,82.03160266761927,0.005172298232554606,0.9591974505903607
IJH,2015-10-26,24.7344913482666,28.68600082397461,28.75,28.57200050354004,28.715999603271484,3714000,54.83874312242,28.637600326538085,28.310799980163573,0.12458713166681079,0.07694518437971953,0.04764194728709126,78.3328914324927,79.30868643491479,-0.002642444387958909,0.9566628246701037
IJH,2015-10-27,24.53618049621582,28.45599937438965,28.63800048828125,28.29800033569336,28.577999114990234,6144000,50.449422474575144,28.585200119018555,28.38519992828369,0.10740706330829752,0.08303756016543513,0.02436950314286239,66.71660115203535,74.64017782029072,-0.008017583594444044,0.9489927005016141
IJH,2015-10-28,25.039730072021484,29.040000915527344,29.040000915527344,28.45599937438965,28.530000686645508,4879000,59.34697879163381,28.71160011291504,28.471099948883058,0.13930990120012154,0.09429202837237242,0.04501787282774912,71.37296842290691,72.14082033581167,0.020522736857243373,0.9684686279734535
IJH,2015-10-29,24.9121150970459,28.892000198364258,28.99799919128418,28.79599952697754,28.93600082397461,3284500,56.57444506655425,28.767200088500978,28.55260000228882,0.15091109987500673,0.10561584267289928,0.04529525720210745,74.1351906591144,70.74158674468556,-0.005096499627133655,0.9635328279720962
IJH,2015-10-30,24.869007110595703,28.841999053955078,29.010000228881836,28.81599998474121,28.8700008392334,3346500,55.62890584462053,28.783200073242188,28.611999988555908,0.1542918782016116,0.11535104977864175,0.038940828422969864,86.68198123194885,77.39671343799007,-0.0017304025082682806,0.9618655283497745
IJH,2015-11-02,25.244945526123047,29.277999877929688,29.31599998474121,28.847999572753906,28.86400032043457,5574000,61.648097926607,28.901599884033203,28.66639995574951,0.18996301665830018,0.13027344315457345,0.05968957350372672,85.57281309969714,82.12999499692016,0.015116744060408083,0.9764058033623672
IJH,2015-11-03,25.267370223999023,29.304000854492188,29.437999725341797,29.16200065612793,29.233999252319336,5169000,61.97933943639557,29.07120018005371,28.727200031280518,0.21781982108196374,0.1477827187400515,0.07003710234191224,87.73579736999643,86.66353056721415,0.0008882846608946338,0.9772731296603024
IJH,2015-11-04,25.231149673461914,29.261999130249023,29.40999984741211,29.173999786376953,29.393999099731445,4402000,61.06187315246843,29.115599822998046,28.76820001602173,0.2338121106927069,0.1649885971305826,0.06882351356212432,90.21088721397685,87.83983256122349,-0.001433491107939111,0.9758722173189066
IJH,2015-11-05,25.24321937561035,29.275999069213867,29.312000274658203,29.052000045776367,29.26799964904785,3537000,61.2676802673952,29.19239959716797,28.795099925994872,0.24479396109498452,0.18094966992346298,0.06384429117152154,86.58319151983979,88.17662536793769,0.00047836512821031185,0.9763390405572613
IJH,2015-11-06,25.212177276611328,29.239999771118164,29.280000686645508,29.0,29.215999603271484,2023000,60.38387039277882,29.271999740600585,28.817199897766113,0.247736561293177,0.1943070481974058,0.05342951309577121,84.32744174217986,87.04050682533217,-0.0012297202879366642,0.9751384166311834
IJH,2015-11-09,24.986276626586914,28.97800064086914,29.190000534057617,28.780000686645508,29.18600082397461,4169500,54.25021495606488,29.211999893188477,28.827199935913086,0.22631859309477065,0.20070935717687877,0.02560923591789188,76.02338789914917,82.31134038705629,-0.00895998181933999,0.966401194146828
IJH,2015-11-10,25.127681732177734,29.142000198364258,29.142000198364258,28.868000030517578,28.902000427246094,3645000,57.18212757696475,29.17959976196289,28.85909996032715,0.22004159019711267,0.20457580378092557,0.015465786416187094,72.10529016253741,77.4853732679555,0.00565931081705684,0.9718703588784798
IJH,2015-11-11,24.979368209838867,28.969999313354492,29.195999145507812,28.95800018310547,29.194000244140625,2553000,53.322502022739975,29.121199798583984,28.892699909210204,0.19889524564463912,0.2034396921536683,-0.0045444465090291875,64.21053570870866,70.7797379234651,-0.005902395768923707,0.9661339953842931
IJH,2015-11-12,24.44133186340332,28.34600067138672,28.790000915527344,28.34600067138672,28.790000915527344,4055500,42.195287524784725,28.935200119018553,28.87849998474121,0.13028331484803957,0.18880841669254256,-0.05852510184450299,45.73099454341841,60.68227347155485,-0.021539229572012375,0.9453242134603853
IJH,2015-11-13,24.229215621948242,28.100000381469727,28.357999801635742,28.040000915527344,28.285999298095703,5437500,38.761211241765125,28.707200241088866,28.851700019836425,0.055418863719452816,0.16213050609792462,-0.1067116423784718,22.483226421700223,44.14158555794245,-0.00867858767437657,0.9371201343931583
IJH,2015-11-16,24.531007766723633,28.450000762939453,28.45800018310547,28.054000854492188,28.086000442504883,3476500,45.55096128468091,28.60160026550293,28.838200092315674,0.024053083565362954,0.1345150215914123,-0.11046193802604934,12.609997962906668,26.941406309341783,0.012455712536645569,0.9487926333994622
IJH,2015-11-17,24.453399658203125,28.360000610351562,28.648000717163086,28.31399917602539,28.5,5115500,44.19405317028109,28.44520034790039,28.820300102233887,-0.007974854181352242,0.1060170464368594,-0.11399190061821164,18.836425387313984,17.97654992397364,-0.0031636738799529773,0.9457909629276845
IJH,2015-11-18,24.869007110595703,28.841999053955078,28.854000091552734,28.408000946044922,28.447999954223633,3914000,52.376147643366586,28.41960029602051,28.842000007629395,0.005472932021717725,0.08590822355383107,-0.08043529153211335,36.528349664508276,22.658257671576322,0.016995896611584627,0.9618655283497745
IJH,2015-11-19,24.836240768432617,28.804000854492188,28.875999450683594,28.72800064086914,28.82200050354004,2700000,51.732205178349794,28.5112003326416,28.851500034332275,0.012915381858743302,0.07130965521481353,-0.058394273356070225,44.96898850405346,33.44458785195859,-0.001317557312094153,0.960598215389646
IJH,2015-11-20,24.96212387084961,28.950000762939453,29.035999298095703,28.854000091552734,28.884000778198242,3119500,54.06886217689835,28.681200408935545,28.860900115966796,0.030245893580310934,0.06309690288791302,-0.03285100930760208,59.03671990329543,46.8446860239524,0.005068524805774688,0.9654670312727313
IJH,2015-11-23,25.00524139404297,29.0,29.143999099731445,28.91200065612793,28.916000366210938,3851500,54.87452763975348,28.791200256347658,28.876600074768067,0.047467790408813215,0.05997108039209306,-0.012503289983279847,63.271852146168676,55.75918685117254,0.0017273178923573607,0.9671346997503298
IJH,2015-11-24,25.174245834350586,29.195999145507812,29.25,28.804000854492188,28.8700008392334,3778000,57.98567390024955,28.958399963378906,28.913600063323976,0.07605504550973663,0.06318787341562178,0.012867172094114851,75.34880825805033,65.88579343583815,0.006758760599202995,0.9736713316531244
IJH,2015-11-25,25.258743286132812,29.29400062561035,29.329999923706055,29.152000427246094,29.215999603271484,2199000,59.48960615327778,29.04880027770996,28.926300048828125,0.1054035253205221,0.07163100379660184,0.03377252152392027,86.05424829249348,74.8916362322375,0.003356503799090138,0.9769394631768832
IJH,2015-11-27,25.3328914642334,29.3799991607666,29.43400001525879,29.18600082397461,29.302000045776367,1373500,60.815144285017105,29.163999938964842,28.95069999694824,0.1340564507651294,0.08411609319030736,0.04994035757482204,94.73865198400104,85.38056951151496,0.0029355450214063605,0.9798073129542275
IJH,2015-11-30,25.20528221130371,29.23200035095215,29.489999771118164,29.200000762939453,29.486000061035156,5128500,57.33801931966778,29.220399856567383,28.970200061798096,0.1431714422733954,0.09592716300692497,0.04724427926647043,91.84748955628912,90.88012994426123,-0.005037295214004867,0.9748717342660362
IJH,2015-12-01,25.40877342224121,29.468000411987305,29.479999542236328,29.285999298095703,29.360000610351562,3245500,61.152298373249884,29.313999938964844,28.979700088500977,0.16750744969409226,0.11024322034435843,0.057264229349733825,92.27197189960476,92.95270447996499,0.008073355784377734,0.9827422206208993
IJH,2015-12-02,25.122507095336914,29.13599967956543,29.5,29.100000381469727,29.465999603271484,4694500,53.85726396104944,29.302000045776367,28.971300029754637,0.15818081645792148,0.11983073956707105,0.03835007689085043,85.25272656248181,89.79072933945857,-0.011266436287464265,0.9716702180052729
IJH,2015-12-03,24.70345687866211,28.649999618530273,29.253999710083008,28.527999877929688,29.218000411987305,5570000,45.33210621815809,29.17319984436035,28.9407000541687,0.11030175915090368,0.11792494348383759,-0.007623184332933908,71.77733882410556,83.10067909539738,-0.016680270606932668,0.9554624958282476
IJH,2015-12-04,25.01213836669922,29.007999420166016,29.030000686645508,28.621999740600586,28.65399932861328,3261500,51.43096724179302,29.098799896240234,28.92730007171631,0.10009106584539751,0.11435816795614959,-0.014267102110752078,60.94141945997652,72.6571616155213,0.0124954774367525,0.9674014558865327
IJH,2015-12-07,24.748287200927734,28.70199966430664,28.947999954223633,28.56399917602539,28.947999954223633,4195500,46.64125322256378,28.992799758911133,28.90040006637573,0.06654035904637112,0.1047946061741939,-0.03825424712782277,46.823609894687614,59.847456059589916,-0.010548924762177503,0.9571964107135646
IJH,2015-12-08,24.594812393188477,28.52400016784668,28.61400032043457,28.336000442504883,28.468000411987305,4870000,44.07019315726683,28.80399971008301,28.87770004272461,0.025296508029853726,0.08889498654532586,-0.06359847851547214,38.280418565051185,48.68181597323846,-0.006201431496782761,0.9512604227435582
IJH,2015-12-09,24.293020248413086,28.173999786376953,28.72800064086914,28.091999053955078,28.408000946044922,5418500,39.46366381589063,28.611599731445313,28.829300022125246,-0.03522558810351484,0.06407087161555773,-0.09929645971907257,18.230041302753595,34.44468992083082,-0.012270560960203625,0.9395879237372543
IJH,2015-12-10,24.34820556640625,28.238000869750977,28.423999786376953,28.11400032043457,28.167999267578125,8553000,40.684618945221736,28.52919998168945,28.79270009994507,-0.07713625405733282,0.035829446480979625,-0.11296570053831245,10.781512404074638,22.43065742395982,0.0022716532332685,0.9417223416821521
IJH,2015-12-11,24.0015869140625,27.836000442504883,28.0939998626709,27.739999771118164,27.95199966430664,6616500,35.80039803437906,28.294800186157225,28.767200088500978,-0.14116161042189646,0.00043123510040440904,-0.14159284552230086,7.2159782704338395,12.075843992420706,-0.01423590134387509,0.9283160753326419
IJH,2015-12-14,23.863628387451172,27.676000595092773,27.937999725341797,27.450000762939453,27.79599952697754,7859000,34.048377451851216,28.089600372314454,28.74600009918213,-0.202478767932174,-0.040150765506111276,-0.16232800242606274,8.949469742873996,8.982320139127506,-0.005747891883369549,0.9229802148980359
IJH,2015-12-15,24.108505249023438,27.959999084472656,28.030000686645508,27.805999755859375,27.81999969482422,6518500,39.690211399817144,27.976800155639648,28.72150001525879,-0.225556675456275,-0.07723194749614404,-0.14832472796013096,13.785648404703556,9.983698806003813,0.010261510009979657,0.9324513856122253
IJH,2015-12-16,24.35855484008789,28.25,28.327999114990234,27.922000885009766,28.107999801635742,5682500,44.875877250240755,27.99200019836426,28.71599998474121,-0.2179332345233327,-0.10537220490158178,-0.11256102962175091,24.975576624270786,15.90356492394946,0.010371841326603182,0.9421226234285666
IJH,2015-12-17,24.067113876342773,27.91200065612793,28.336000442504883,27.9060001373291,28.336000442504883,4770500,40.50447381871098,27.926800155639647,28.669500064849853,-0.23643979416369376,-0.13158572275400418,-0.10485407140968958,28.81297741884461,22.524734149272998,-0.011964624570644955,0.9308504799397327
IJH,2015-12-18,23.72393798828125,27.513999938964844,27.826000213623047,27.507999420166016,27.826000213623047,5170000,36.05119138447317,27.86240005493164,28.605000019073486,-0.2799941098474825,-0.16126740017269986,-0.11872670967478266,21.560956093748548,25.11650337895466,-0.014259120965844363,0.9175773703451577
IJH,2015-12-21,23.896392822265625,27.714000701904297,27.799999237060547,27.520000457763672,27.673999786376953,7686500,39.642408228398835,27.870000076293945,28.54320001602173,-0.29497256856927123,-0.18800843385201416,-0.10696413471725708,12.845517108768538,21.07315020712058,0.007269233045102519,0.9242474540871091
IJH,2015-12-22,24.13092613220215,27.986000061035156,28.04400062561035,27.642000198364258,27.81800079345703,4837500,44.22947260007339,27.875200271606445,28.492500019073486,-0.28164836292411266,-0.20673641966643386,-0.0749119432576788,15.237230959545451,16.547901387354194,0.00981459049827782,0.9333185643680498
IJH,2015-12-23,24.437883377075195,28.341999053955078,28.354000091552734,28.076000213623047,28.148000717163086,4634000,49.62555729899666,27.893600082397462,28.44980001449585,-0.23960072245154151,-0.2133092802234554,-0.026291442228086104,33.015123818730444,20.365957295681493,0.012720491670786815,0.9451908353922843
IJH,2015-12-24,24.460580825805664,28.229999542236328,28.323999404907227,28.11400032043457,28.219999313354492,2007000,48.050403065614674,27.95719985961914,28.396599960327148,-0.2128613558087018,-0.2132196953405047,0.0003583395318028926,46.07889779432215,31.443750857532695,0.0009287812851976884,0.9460687109511371
IJH,2015-12-28,24.4241943359375,28.187999725341797,28.187999725341797,27.895999908447266,28.091999053955078,6341500,47.442269333554464,28.091999816894532,28.33699998855591,-0.1928363518857097,-0.2091430266495457,0.016306674763836015,55.423788829188844,44.83927014741383,-0.0014875562492684402,0.9446613805279244
IJH,2015-12-29,24.611352920532227,28.40399932861328,28.461999893188477,28.22800064086914,28.332000732421875,5815500,50.88502517726229,28.229999542236328,28.295599937438965,-0.1577189434014734,-0.19885820999993126,0.041139266598457847,61.487852648157116,54.330179757222716,0.007662835548247537,0.9519001653356903
IJH,2015-12-30,24.399927139282227,28.15999984741211,28.423999786376953,28.15999984741211,28.375999450683594,5511000,47.12940063349307,28.264799499511717,28.230199909210206,-0.14787228347800152,-0.18866102469554533,0.040788741217543806,67.5174193393099,61.47635360555197,-0.008590579393691788,0.9437227913905057
IJH,2015-12-31,24.143457412719727,27.86400032043457,28.22599983215332,27.86400032043457,28.06599998474121,6950500,42.98470256855248,28.169199752807618,28.16659994125366,-0.1620850075307203,-0.18334582126258034,0.021260813731860034,61.904979053413776,63.63675034696028,-0.01051108575441606,0.9338032402018033
IJH,2016-01-04,23.829790115356445,27.50200080871582,27.507999420166016,27.22800064086914,27.43400001525879,11653000,38.52279635355052,28.023600006103514,28.10920000076294,-0.20025066397658975,-0.1867267898053822,-0.01352387417120754,44.42379864402826,57.948732345583984,-0.01299181355848511,0.9216714426047922
IJH,2016-01-05,23.84885597229004,27.52400016784668,27.61199951171875,27.384000778198242,27.552000045776367,9060500,38.9376232849548,27.890800094604494,28.035000038146972,-0.22611553808212648,-0.19460453946073109,-0.03151099862139539,29.033444524285276,45.12074074057579,0.0008000849710090296,0.9224088580742285
IJH,2016-01-06,23.514394760131836,27.13800048828125,27.332000732421875,26.989999771118164,27.15999984741211,5115000,34.534439177700754,27.637600326538085,27.956800079345705,-0.27459522256795665,-0.21060267608217623,-0.06399254648578043,18.74854898111586,30.735264049809814,-0.014024203615754738,0.9094728084316197
IJH,2016-01-07,22.906126022338867,26.43600082397461,26.875999450683594,26.422000885009766,26.687999725341797,9195000,28.272648530328098,27.292800521850587,27.8524001121521,-0.36544856428852057,-0.24157185372344508,-0.12387671056507549,11.575892600362709,19.78596203525463,-0.025867930856731003,0.8859466287070336
IJH,2016-01-08,22.60978889465332,26.0939998626709,26.6299991607666,26.059999465942383,26.56800079345703,11341500,25.81668601247079,26.938800430297853,27.748400115966795,-0.4597474293383925,-0.2852069688464346,-0.17454046049195793,4.052056974351841,11.458832851943484,-0.012937025117060297,0.8744851149190758
IJH,2016-01-11,22.5352783203125,26.007999420166016,26.26799964904785,25.763999938964844,26.18199920654297,13552500,25.223329523436412,26.64000015258789,27.63690004348755,-0.535249453730124,-0.3352154658231725,-0.20003398790695148,3.7151640785620716,6.4477045510922215,-0.0032955006651318453,0.8716032486412121
IJH,2016-01-12,22.621923446655273,26.107999801635742,26.29599952697754,25.746000289916992,26.22599983215332,8160500,27.315245260120125,26.356800079345703,27.550500011444093,-0.5803265141621843,-0.38423767549097493,-0.19608883867120935,7.929209502083123,5.23214351833236,0.00384486604120049,0.8749544463733127
IJH,2016-01-13,22.022319793701172,25.416000366210938,26.263999938964844,25.32200050354004,26.20599937438965,15672500,22.602954848779458,26.01240005493164,27.4375,-0.6642321259971204,-0.44023656559220403,-0.22399556040491642,8.455250642985613,6.699874741210283,-0.026505423129382755,0.8517634085532532
IJH,2016-01-14,22.280532836914062,25.714000701904297,25.875999450683594,25.197999954223633,25.513999938964844,10808500,28.33646843579563,25.868000030517578,27.325200080871582,-0.6986284375390142,-0.4919149399815661,-0.20671349755744806,10.710293878542045,9.03158467453694,0.011725061012270999,0.86175038648656
IJH,2016-01-15,21.963401794433594,25.347999572753906,25.389999389648438,24.854000091552734,25.086000442504883,14546500,25.80776861894844,25.71879997253418,27.18010005950928,-0.7468122083084623,-0.5428943936469454,-0.20391781466151693,10.831418632008976,9.998987717845559,-0.014233548398584595,0.8494846206530046
IJH,2016-01-19,21.842090606689453,25.20800018310547,25.5939998626709,24.996000289916992,25.56999969482422,9490500,24.892703460400867,25.55880012512207,27.044900035858156,-0.7872203879053856,-0.5917595924986334,-0.1954607954067522,13.104054041606437,11.548588850719169,-0.005523333265017527,0.844792633989631
IJH,2016-01-20,21.68958854675293,25.031999588012695,25.29599952697754,24.224000930786133,24.841999053955078,19233500,23.752496961874442,25.34360008239746,26.920800018310548,-0.8239479790738464,-0.6381972698136761,-0.18575070926017034,14.24712796738792,12.727533547001125,-0.006982026706263023,0.8388942692578611
IJH,2016-01-21,21.725980758666992,25.073999404907227,25.465999603271484,24.913999557495117,25.09600067138672,11124500,24.639597009802674,25.27519989013672,26.788799953460693,-0.8399830240367656,-0.678554420658294,-0.16142860337847165,16.762983177413712,14.704721728802705,0.001677865480740559,0.84030182099424
IJH,2016-01-22,22.263202667236328,25.694000244140625,25.724000930786133,25.426000595092773,25.450000762939453,9205500,36.4025472947407,25.271199798583986,26.674199962615965,-0.7935148809316956,-0.7015465127129743,-0.09196836821872134,27.95528139340242,19.65513084606803,0.024727164887828,0.8610801026775067
IJH,2016-01-25,21.814367294311523,25.176000595092773,25.600000381469727,25.134000778198242,25.555999755859375,11325000,31.919702021688874,25.23680000305176,26.51590003967285,-0.789387220805537,-0.7191146543314868,-0.07027256647405022,30.908983695244746,25.209082755353638,-0.02016041355924647,0.8437203716998898
IJH,2016-01-26,22.294397354125977,25.729999542236328,25.742000579833984,25.27199935913086,25.277999877929688,8174500,40.37645978784224,25.34119987487793,26.39090003967285,-0.7329637850849267,-0.7218844804821748,-0.01107930460275186,39.98105331491062,32.94843946785261,0.0220052249665581,0.8622866282880138
IJH,2016-01-27,22.07430648803711,25.47599983215332,25.902000427246094,25.34000015258789,25.628000259399414,10131500,38.0431729076446,25.429999923706056,26.255300045013428,-0.7006666110644595,-0.7176409065986318,0.01697429553417229,41.254790099957276,37.381609036704226,-0.00987202580957569,0.8537741124383026
IJH,2016-01-28,22.088178634643555,25.492000579833984,25.746000289916992,25.332000732421875,25.695999145507812,12503500,38.28512062297677,25.513600158691407,26.10970010757446,-0.6661013397398285,-0.7073329932268712,0.04123165348704261,49.45559948478452,43.56381429988415,0.0006284295551466368,0.8543106493239779
IJH,2016-01-29,22.793489456176758,26.305999755859375,26.31999969482422,25.5939998626709,25.600000381469727,17466500,49.16168792189846,25.636000061035155,26.017000102996825,-0.5664949810448334,-0.6791653907904636,0.11267040974563014,66.41443505653076,52.37494154709086,0.03193159713164295,0.8815901528034635
IJH,2016-02-01,22.772686004638672,26.281999588012695,26.40999984741211,26.016000747680664,26.09600067138672,18979500,48.88811052271852,25.85719985961914,25.937900066375732,-0.4839145711713364,-0.6401152268666382,0.15620065569530184,82.05940288496595,65.97647914209377,-0.0009126927045586264,0.8807855319025891
IJH,2016-02-02,22.289201736450195,25.724000930786133,26.052000045776367,25.652000427246094,26.038000106811523,13316500,42.90937698459606,25.8560001373291,25.84900007247925,-0.45821283727518036,-0.6037347489483467,0.1455219116731663,87.3650401123375,78.61295935127809,-0.021230884582082,0.8620856759331975
IJH,2016-02-03,22.446895599365234,25.9060001373291,25.95599937438965,25.309999465942383,25.920000076293945,16324500,45.260772231662244,25.94200019836426,25.76810007095337,-0.4183358972360125,-0.5666549786058799,0.14831908136986738,79.90241629605974,83.10895309778775,0.007074899531155365,0.868184845477673
IJH,2016-02-04,22.606327056884766,26.09000015258789,26.277999877929688,25.81599998474121,25.829999923706055,10387500,47.610088915098245,26.061600112915038,25.7157000541687,-0.36764785584865933,-0.5268535540544358,0.15920569820577646,76.97470158762566,81.41405266534099,0.00710260609596447,0.8743512204535867
IJH,2016-02-05,22.12284278869629,25.531999588012695,26.00200080871582,25.503999710083008,25.97599983215332,7812500,41.757135612191426,25.906800079345704,25.670499992370605,-0.36825814930503853,-0.4951344731045564,0.12687632379951785,74.04695779487353,76.97469189285299,-0.02138712171030155,0.8556513644841951
IJH,2016-02-08,21.73638916015625,25.086000442504883,25.29199981689453,24.743999481201172,25.275999069213867,11479500,37.761304473142935,25.667600250244142,25.620100021362305,-0.4001179047964918,-0.4761311594429435,0.0760132546464517,61.54314411366849,70.85493449872259,-0.017468533869322567,0.8407043896433709
IJH,2016-02-09,21.682666778564453,25.02400016784668,25.236000061035156,24.77199935913086,24.790000915527344,16395000,37.22798162711751,25.52760009765625,25.57090005874634,-0.42546539434462716,-0.4659980064232802,0.04053261207865305,38.69159839247224,58.0939001003381,-0.002471541211190309,0.8386265540979387
IJH,2016-02-10,21.743318557739258,25.0939998626709,25.507999420166016,25.07200050354004,25.15999984741211,8965500,38.28772803073922,25.36520004272461,25.520200061798096,-0.4348919088553984,-0.45977678690970386,0.024884878054305448,25.749310981674864,41.99468449593855,0.0027972472110655566,0.8409723998875147
IJH,2016-02-11,21.436582565307617,24.739999771118164,24.90399932861328,24.525999069213867,24.70400047302246,12333000,35.0637904041456,25.095199966430663,25.486400032043456,-0.4655606450904912,-0.4609335585458613,-0.004627086544629899,16.391341818405955,26.944083730851037,-0.014107137860170926,0.8291086863057028
IJH,2016-02-12,21.838626861572266,25.20400047302246,25.239999771118164,24.86199951171875,24.974000930786133,7739000,41.962043063531695,25.029600143432617,25.460900020599365,-0.44726902181689354,-0.4582006512000678,0.010931629383174268,22.784862013044147,21.641838271041674,0.01875505552434964,0.8446586657530868
IJH,2016-02-16,22.304792404174805,25.742000579833984,25.775999069213867,25.34000015258789,25.488000869750977,9262500,48.7590504120052,25.160800170898437,25.48060007095337,-0.3849235076339035,-0.443545222486835,0.058621714852931495,37.296580778644724,25.49092820336496,0.021345918200691205,0.8626886805397571
IJH,2016-02-17,22.642719268798828,26.131999969482422,26.24799919128418,25.895999908447266,25.899999618530273,5406500,53.05139486522235,25.382400131225587,25.526800060272215,-0.3005796519614954,-0.41495210838176705,0.11437245642027166,61.92502422149533,40.66882233772808,0.015150415144001617,0.8757587721899655
IJH,2016-02-18,22.611528396606445,26.09600067138672,26.200000762939453,25.97800064086914,26.187999725341797,5131500,52.61328042616239,25.58280029296875,25.580000114440917,-0.23394461329745653,-0.37875060936490496,0.14480599606744843,77.70704527453897,58.976216758226364,-0.0013775232480739419,0.874552394121569
IJH,2016-02-19,22.60285758972168,26.086000442504883,26.0939998626709,25.802000045776367,25.965999603271484,3291000,52.48361771050744,25.852000427246093,25.6306001663208,-0.179869377750137,-0.3389743630419514,0.15910498529181438,83.79338144898368,74.47515031500602,-0.0003834684118949605,0.8742170309038763
IJH,2016-02-22,22.893993377685547,26.422000885009766,26.51799964904785,26.308000564575195,26.312000274658203,3412000,56.373896706141984,26.095600509643553,25.667000198364256,-0.10864949263147494,-0.2929093889598561,0.18425989632838113,87.10558558482198,82.86867076944823,0.012880485876982872,0.8854773710238515
IJH,2016-02-23,22.691238403320312,26.187999725341797,26.408000946044922,26.166000366210938,26.309999465942383,4139500,53.11254711924912,26.184800338745116,25.71760015487671,-0.07027902565867095,-0.24838331629961904,0.1781042906409481,87.13903879780058,86.01266861053544,-0.008856251988037078,0.8776353602963597
IJH,2016-02-24,22.84374237060547,26.36400032043457,26.416000366210938,25.81399917602539,25.945999145507812,5610000,55.21133351478841,26.231200408935546,25.74930019378662,-0.025375859895842012,-0.20378182501886366,0.17840596512302165,90.29454739740822,88.17972392667696,0.006720830506229181,0.8835337987991849
IJH,2016-02-25,23.098485946655273,26.658000946044922,26.667999267578125,26.347999572753906,26.43199920654297,2937000,58.549159864175216,26.343600463867187,25.808400249481203,0.03354690802851934,-0.15631607840938708,0.18986298643790642,91.74536028219524,89.72631549246803,0.011151569297051855,0.8933865871827815
IJH,2016-02-26,23.212862014770508,26.790000915527344,26.878000259399414,26.697999954223633,26.81800079345703,4111500,59.9908284170216,26.48440055847168,25.87330026626587,0.08985908094188844,-0.10708104653913199,0.1969401274810204,96.02029014864569,92.68673260941641,0.004951669489480004,0.8978103422888452
IJH,2016-02-29,23.093286514282227,26.652000427246094,26.95199966430664,26.652000427246094,26.79400062561035,5051000,57.73021280808184,26.530400466918945,25.890600299835206,0.12194568366421166,-0.06127570049846326,0.18322138416267492,94.47525268105205,94.08030103729767,-0.005151260555988024,0.8931854872858546
IJH,2016-03-01,23.611434936523438,27.25,27.260000228881836,26.766000747680664,26.857999801635742,7506500,64.05177293485204,26.742800521850587,25.93900032043457,0.19339873509182226,-0.010340813380406155,0.20373954847222842,94.50892012797785,95.00148765255854,0.022437188484227155,0.9132260584154636
IJH,2016-03-02,23.824586868286133,27.496000289916992,27.511999130249023,27.152000427246094,27.200000762939453,4597000,66.28550124042347,26.96920051574707,26.027600288391113,0.26680045110293804,0.045087439516262685,0.22171301158667536,95.57747738299129,94.85388339734043,0.009027487415979918,0.9214701951657541
IJH,2016-03-03,24.094932556152344,27.808000564575195,27.808000564575195,27.437999725341797,27.464000701904297,13217000,68.9230209132934,27.199200439453126,26.12270030975342,0.3461573678809309,0.10530142518919633,0.24085594269173455,99.6994774306881,96.5952916472191,0.011347340013105445,0.9319264307822426
IJH,2016-03-04,24.250896453857422,27.988000869750977,28.09000015258789,27.738000869750977,27.826000213623047,7605500,70.36350602422351,27.438800430297853,26.217600345611572,0.41874577582208516,0.1679902953157741,0.250755480506311,98.58504670862085,97.95400050743343,0.0064728920631593745,0.9379586899795014
IJH,2016-03-07,24.353147506713867,28.106000900268555,28.13800048828125,27.84000015258789,27.8439998626709,4767000,71.30259379470165,27.729600524902345,26.346300411224366,0.48025811181929967,0.23044385861647923,0.24981425320282044,98.3070300172662,98.86385138552508,0.004216382394399254,0.9419134824866048
IJH,2016-03-08,23.907773971557617,27.591999053955078,27.959999084472656,27.582000732421875,27.95400047302246,3841000,62.0754649715583,27.79800033569336,26.471600341796876,0.4819755142557085,0.2807501897443251,0.20122532451138342,90.5159151357311,95.80266395387274,-0.018288130313893314,0.9246876459744767
IJH,2016-03-09,24.00481414794922,27.70400047302246,27.74799919128418,27.54199981689453,27.70599937438965,3498000,63.193184975539616,27.839600372314454,26.605600357055664,0.48676304515848656,0.3219527608271574,0.16481028433132916,85.55934866016133,91.46076460438623,0.004058938172455839,0.9284408959583209
IJH,2016-03-10,23.9302978515625,27.618000030517578,27.871999740600586,27.357999801635742,27.79800033569336,4001000,61.68973998449154,27.80160026550293,26.731800365448,0.478106368313739,0.3531834823244737,0.12492288598926526,78.55755629632634,84.87760669740628,-0.0031042230082454214,0.9255588083672911
IJH,2016-03-11,24.393001556396484,28.152000427246094,28.172000885009766,27.851999282836914,27.86199951171875,5370500,66.94798497313832,27.834400177001953,26.902400398254393,0.5084738882648416,0.38424156351254735,0.12423232475229429,86.06593943813641,83.39428146487471,0.019335476211123304,0.9434549286884725
IJH,2016-03-14,24.30461311340332,28.049999237060547,28.1200008392334,27.940000534057617,28.08799934387207,3502000,65.10967152472551,27.823199844360353,27.044700336456298,0.5183346834451825,0.41106018749907436,0.10727449594610816,90.53421342253095,85.05256971899792,-0.0036235164741333925,0.9400363042117674
IJH,2016-03-15,24.136516571044922,27.856000900268555,27.93199920654297,27.770000457763672,27.893999099731445,2731500,61.64276890273696,27.876000213623048,27.150400352478027,0.5046777789170811,0.4297837057826757,0.07489407313440538,92.21777145795362,89.6059747728737,-0.006916240204033475,0.933534787331327
IJH,2016-03-16,24.3981990814209,28.158000946044922,28.197999954223633,27.76799964904785,27.76799964904785,10638500,64.78619184453022,27.96680030822754,27.251700401306152,0.5123177829650629,0.4462905212191532,0.06602726174590973,91.63808361128308,91.46335616392257,0.010841767891639487,0.9436559548143443
IJH,2016-03-17,24.647737503051758,28.445999145507812,28.527999877929688,28.055999755859375,28.118000030517578,3435000,67.51983164069503,28.132400131225587,27.36920032501221,0.5354393771710342,0.4641202924095294,0.07131908476150478,91.90571689467934,91.92052398797203,0.010227739383472878,0.9533074219878477
IJH,2016-03-18,24.774246215820312,28.591999053955078,28.724000930786133,28.42799949645996,28.52199935913086,4711500,68.84041976388801,28.220399856567383,27.494500255584718,0.5590994294060216,0.4831161198088279,0.07598330959719374,95.4333435097653,92.99238133857591,0.005132670402421047,0.958200434777093
IJH,2016-03-21,24.786378860473633,28.606000900268555,28.676000595092773,28.5,28.591999053955078,3501500,68.97071791382162,28.331600189208984,27.603700256347658,0.5723819602999711,0.5009692879070566,0.07141267239291449,93.79364280947625,93.71090107130698,0.0004897281050502134,0.9586696924602747
IJH,2016-03-22,24.796775817871094,28.618000030517578,28.70599937438965,28.416000366210938,28.474000930786133,3843000,69.09000535567998,28.48400001525879,27.725200271606447,0.5772228258316225,0.5162199954919698,0.0610028303396527,92.66400950716697,93.96366527546952,0.0004194625385172124,0.9590718184830735
IJH,2016-03-23,24.493776321411133,28.163999557495117,28.43400001525879,28.158000946044922,28.43400001525879,3605000,59.73315520676559,28.48519973754883,27.81520023345947,0.5382209268950042,0.5206201817725767,0.017600745122427486,81.24600750649903,89.23455327438076,-0.012219310231517566,0.9473526223987232
IJH,2016-03-24,24.50943374633789,28.18199920654297,28.194000244140625,27.898000717163086,28.0,4257500,59.96465491056103,28.43239974975586,27.891400146484376,0.502966181191848,0.517089381656431,-0.014123200464583041,70.52213276587663,81.47738325984757,0.0006392409533466648,0.9479582089922208
IJH,2016-03-28,24.598142623901367,28.284000396728516,28.3439998626709,28.101999282836914,28.280000686645508,3515000,61.3217055060114,28.370800018310547,27.966100120544432,0.4777499804284844,0.5092215014108418,-0.03147152098235739,62.37183121142137,71.37999049459903,0.0036193768685794936,0.9513892270062273
IJH,2016-03-29,25.060815811157227,28.81599998474121,28.81599998474121,28.158000946044922,28.187999725341797,7539000,67.50786906491165,28.412799835205078,28.07430009841919,0.49498796713137594,0.5063747945549486,-0.011386827423572665,76.03705596467172,69.64367331398994,0.018809273298801443,0.9692841669905229
IJH,2016-03-30,25.052108764648438,28.805999755859375,28.968000411987305,28.75,28.81599998474121,6318000,67.29000381582608,28.450399780273436,28.152100086212158,0.5020548846985555,0.50551081258367,-0.003455927885114507,85.90900141199016,74.7726295293611,-0.00034743667462389105,0.9689474021227781
IJH,2016-03-31,25.079946517944336,28.83799934387207,28.923999786376953,28.763999938964844,28.81800079345703,6779500,67.64977796892019,28.585199737548827,28.21920003890991,0.5044228939764288,0.5052932288622218,-0.0008703348857930227,93.03481193493273,84.99362310386489,0.0011111940139418852,0.9700240906758415
IJH,2016-04-01,25.19822120666504,28.974000930786133,28.97599983215332,28.54800033569336,28.610000610351562,4580500,69.20030776129636,28.74360008239746,28.277500057220458,0.5113788922929636,0.5065103615483703,0.004868530744593369,92.97965462079918,90.6411559892407,0.004715906735928588,0.9745986338190727
IJH,2016-04-04,24.952970504760742,28.691999435424805,28.950000762939453,28.65999984741211,28.93600082397461,3071500,62.51002266884631,28.82519989013672,28.31269998550415,0.4885052230558067,0.5029093338498576,-0.014404110794050906,88.49704984978092,91.50383880183763,-0.009732857724077282,0.9651130039780316
IJH,2016-04-05,24.688589096069336,28.38800048828125,28.56399917602539,28.360000610351562,28.486000061035156,6230000,56.20199378861897,28.739599990844727,28.326799964904787,0.4407666177781415,0.4904807906355144,-0.049714172857372896,75.88304333638594,85.78658260232203,-0.010595187801026196,0.9548874504516718
IJH,2016-04-06,24.93035888671875,28.666000366210938,28.68199920654297,28.333999633789062,28.398000717163086,4303500,60.16119462619644,28.71160011291504,28.380500030517577,0.4205182236458356,0.4764882772375787,-0.05597005359174312,66.35255685200265,76.91088334605652,0.009792774698814455,0.9642384481166704
IJH,2016-04-07,24.613800048828125,28.302000045776367,28.56599998474121,28.149999618530273,28.488000869750977,2973000,53.35964366135427,28.6044002532959,28.410400009155275,0.3708248041212343,0.45535558261430986,-0.08453077849307555,53.348137000363245,65.1945790629173,-0.012697724863450222,0.9519948135997247
IJH,2016-04-08,24.763383865356445,28.474000930786133,28.663999557495117,28.392000198364258,28.49799919128418,4301000,55.89695455399183,28.5044002532959,28.4532000541687,0.34138615795178495,0.4325616976818049,-0.09117553973001996,54.05073056112898,57.917141471164975,0.0060772337563310685,0.9577803086167851
IJH,2016-04-11,24.728591918945312,28.43400001525879,28.790000915527344,28.426000595092773,28.61400032043457,3199500,55.14559709734878,28.452800369262697,28.467300033569337,0.31124029480884374,0.40829741710721273,-0.09705712229836899,46.876935217328224,51.425267592940166,-0.0014049754508633772,0.9564346507958582
IJH,2016-04-12,24.9964542388916,28.742000579833984,28.781999588012695,28.393999099731445,28.486000061035156,4810000,59.64376219148949,28.523600387573243,28.501900100708006,0.3086446887249714,0.3883668714307645,-0.07972218270579307,60.48240507777436,53.803356952077216,0.010832089462444072,0.9667948364982604
IJH,2016-04-13,25.41216278076172,29.219999313354492,29.22800064086914,28.881999969482422,28.895999908447266,4692500,65.43677497553325,28.634400177001954,28.570100021362304,0.3412247289261394,0.37893844292983947,-0.03771371400370005,75.80442197980223,61.05458742496828,0.016630700414434152,0.9828733117862848
IJH,2016-04-14,25.326934814453125,29.121999740600586,29.257999420166016,29.08799934387207,29.20199966430664,3403500,63.42653941704426,28.798400115966796,28.618299961090088,0.35504417081362405,0.3741595885065964,-0.01911541769297237,88.64230220028865,74.97637641928843,-0.0033538257661844817,0.9795769259483209
IJH,2016-04-15,25.436513900756836,29.24799919128418,29.25,29.049999237060547,29.07200050354004,4644000,64.91874723251692,28.953199768066405,28.658399963378905,0.37187651968811153,0.3737029747428995,-0.0018264550547879566,95.57705724428872,86.67459380812655,0.00432658302737754,0.9838151468501396
IJH,2016-04-18,25.53217887878418,29.357999801635742,29.38599967956543,29.06599998474121,29.097999572753906,3436500,66.2147373248147,29.137999725341796,28.696700000762938,0.3896013258179565,0.3768826449579109,0.012718680860045573,95.02247105324227,93.0806101659399,0.003760931171645332,0.9875152079030651
IJH,2016-04-19,25.631324768066406,29.472000122070312,29.5939998626709,29.347999572753906,29.440000534057617,4457000,67.55257222883657,29.283999633789062,28.739999961853027,0.4081424236943221,0.3831346007051932,0.025007822989128903,96.12778528500434,95.57577119417846,0.003883173847125665,0.9913499011320331
IJH,2016-04-20,25.64698028564453,29.489999771118164,29.63599967956543,29.356000900268555,29.520000457763672,4105000,67.76958424364517,29.337999725341795,28.783599948883058,0.4194535986076069,0.39039840028567596,0.02905519832193093,93.1536255556013,94.76796063128266,0.0006107962705708125,0.9919554139544753
IJH,2016-04-21,25.424339294433594,29.233999252319336,29.558000564575195,29.20599937438965,29.52400016784668,4941000,61.47241624141934,29.360399627685545,28.837099933624266,0.4031138384376831,0.3929414879160774,0.0101723505216057,84.891240433639,91.39088375808156,-0.008680982662725323,0.9833442662037399
IJH,2016-04-22,25.645238876342773,29.488000869750977,29.51799964904785,29.277999877929688,29.281999588012695,5045500,64.95219478022307,29.408399963378905,28.902400016784668,0.4059803794280086,0.3955492662184637,0.010431113209544873,84.38763757468095,87.47750118797377,0.008688508257815197,0.9918880609809264
IJH,2016-04-25,25.500871658325195,29.32200050354004,29.437999725341797,29.222000122070312,29.40399932861328,4093000,61.070103561851035,29.401200103759766,28.954300022125246,0.39035749339017656,0.3945109116528063,-0.004153418262629716,80.61914810232082,83.29934203688028,-0.005629396501771522,0.9863043298002915
IJH,2016-04-26,25.720029830932617,29.573999404907227,29.591999053955078,29.350000381469727,29.417999267578125,2854500,64.53540627631506,29.42159996032715,28.992199993133546,0.39377129853068027,0.3943629890283811,-0.0005916904977008031,88.24588965958662,84.4175584455295,0.008594144370585699,0.994780771603929
IJH,2016-04-27,25.84874725341797,29.722000122070312,29.756000518798828,29.5,29.591999053955078,3568000,66.42564009005538,29.46800003051758,29.03800001144409,0.4037648349981495,0.3962433582223348,0.007521476775814717,90.73483816802111,86.53329197664287,0.005004559610990222,0.9997592112752877
IJH,2016-04-28,25.51478385925293,29.33799934387207,29.697999954223633,29.29199981689453,29.534000396728516,4079000,57.81536928548252,29.488800048828125,29.063000011444093,0.3763606794397809,0.39226682246582406,-0.01590614302604315,87.54826472936672,88.84299751899151,-0.01291990636493534,0.9868424158781294
IJH,2016-04-29,25.365203857421875,29.166000366210938,29.312000274658203,28.974000930786133,29.224000930786133,4349000,54.41314208701671,29.42439994812012,29.072599983215333,0.3368804604345854,0.38118955005957633,-0.044309089624990916,74.49949064909238,84.26086451549342,-0.005862483596027368,0.9810570684031799
IJH,2016-05-02,25.603492736816406,29.440000534057617,29.444000244140625,29.139999389648438,29.261999130249023,8297500,58.5933663246595,29.447999954223633,29.11000003814697,0.3239671345985222,0.36974506696736553,-0.04577793236884331,63.27852904389301,75.10876147411739,0.009394321478114476,0.9902734338921358
IJH,2016-05-03,25.250402450561523,29.034000396728516,29.229999542236328,28.860000610351562,29.229999542236328,4063500,51.11407483704287,29.34000015258789,29.142300033569335,0.27777044802151707,0.35135014317819585,-0.07357969515667878,46.64847464903395,61.47549811400646,-0.013790707771176747,0.9766168623517697
IJH,2016-05-04,25.14082145690918,28.908000946044922,29.134000778198242,28.81800079345703,28.884000778198242,3957000,49.02267915893902,29.177200317382812,29.154400062561034,0.22835974938931614,0.32675206442041993,-0.0983923150311038,30.95298028942622,46.95999466078441,-0.0043397721627168595,0.9723785676788956
IJH,2016-05-05,25.121688842773438,28.88599967956543,29.09600067138672,28.81399917602539,29.007999420166016,2044000,48.6483723485358,29.086800384521485,29.18360004425049,0.18529018647524964,0.29845968883138585,-0.11316950235613621,12.219292488902026,29.94024914245409,-0.0007610178596803019,0.9716385702225216
IJH,2016-05-06,25.226049423217773,29.006000518798828,29.020000457763672,28.70800018310547,28.780000686645508,2245500,50.85258092743489,29.05480041503906,29.210200023651122,0.15900737437059576,0.27056922593922783,-0.11156185156863208,15.224464631491012,19.465579136606436,0.004154202414395236,0.9756749535168596
IJH,2016-05-09,25.23126792907715,29.011999130249023,29.125999450683594,28.902000427246094,28.986000061035156,1884500,50.96588563196731,28.969200134277344,29.239099979400635,0.1370818994256986,0.243871760636522,-0.1067898612108234,21.695338640379518,16.379698586924203,0.00020686972311145801,0.9758767911243404
IJH,2016-05-10,25.53217887878418,29.357999801635742,29.357999801635742,29.079999923706055,29.13599967956543,3370000,57.10820434449108,29.03400001525879,29.269899940490724,0.14594282703618688,0.224285973916455,-0.07834314688026811,39.821835252207954,25.580546174692845,0.011926112891070817,0.9875152079030652
IJH,2016-05-11,25.279972076416016,29.06800079345703,29.3439998626709,29.054000854492188,29.270000457763672,3021500,51.307039313404964,29.06599998474121,29.26230001449585,0.1280881591038039,0.20504641095392478,-0.0769582518501209,41.7938535345998,34.43700914239577,-0.009877997626662971,0.9777605350231052
IJH,2016-05-12,25.269535064697266,29.055999755859375,29.24799919128418,28.868000030517578,29.170000076293945,3300000,51.07581209050539,29.1,29.25900001525879,0.11168241730735318,0.18637361222461046,-0.07469119491725729,43.19336407900692,41.60301762193824,-0.00041285693224668574,0.9773568598081437
IJH,2016-05-13,25.020803451538086,28.770000457763672,29.07200050354004,28.676000595092773,28.986000061035156,2796500,45.78069853412167,29.05279998779297,29.235100078582764,0.07474142297705555,0.1640471743750995,-0.08930575139804395,25.42031311446041,36.80251024268906,-0.009843141653471443,0.9677365977910601
IJH,2016-05-16,25.28693199157715,29.076000213623047,29.16200065612793,28.827999114990234,28.850000381469727,7186500,51.56629912752675,29.065600204467774,29.221000099182127,0.06935753132840006,0.14510924576575962,-0.07575171443735956,26.31558380034097,31.64308699793612,0.010636290739205023,0.9780297256041349
IJH,2016-05-17,25.003416061401367,28.75,29.115999221801758,28.63800048828125,29.01799964904785,4821000,45.941798014203165,28.944000244140625,29.184900093078614,0.038343268336554104,0.12375605027991851,-0.08541278194336441,18.768897643358645,23.50159818605336,-0.011211954470009222,0.9670641008503458
IJH,2016-05-18,24.951236724853516,28.690000534057617,28.974000930786133,28.530000686645508,28.67799949645996,9323000,44.9696076211871,28.868400192260744,29.144900131225587,0.008821101833728306,0.10076906059068047,-0.09194795875695216,21.702821189097353,22.26243421093234,-0.0020868883043706488,0.9650459460887044
IJH,2016-05-19,24.864255905151367,28.59000015258789,28.718000411987305,28.357999801635742,28.50200080871582,5469500,43.324056400759424,28.775200271606444,29.112700176239013,-0.022386564481834625,0.07613793557617746,-0.09852450005801208,16.478094036654742,18.983270956370266,-0.0034860324023742173,0.9616817646508593
IJH,2016-05-20,25.206920623779297,28.983999252319336,29.016000747680664,28.70599937438965,28.70599937438965,3942000,50.94112926565605,28.818000030517577,29.08750009536743,-0.015151770141013543,0.05787999443273926,-0.0730317645737528,33.82274339443297,24.001219540061708,0.013781418592821781,0.9749351036025963
IJH,2016-05-23,25.149513244628906,28.917999267578125,29.035999298095703,28.8700008392334,28.965999603271484,3851500,49.73529576700072,28.786399841308594,29.067300033569335,-0.01457577027909096,0.04338884149037322,-0.05796461176946418,46.65423817914134,32.318358536743034,-0.0022774451511635707,0.9727147423781974
IJH,2016-05-24,25.587839126586914,29.422000885009766,29.450000762939453,29.06800079345703,29.083999633789062,5209000,57.92574921197919,28.920800018310548,29.059700107574464,0.02624687453923258,0.03996044810014509,-0.01371357356091251,72.0119341781002,50.82963858389152,0.01742880180997619,0.9896679948407491
IJH,2016-05-25,25.74612045288086,29.604000091552734,29.645999908447266,29.50200080871582,29.513999938964844,4932500,60.433013078677234,29.10359992980957,29.053800106048584,0.072449773713263,0.04645831322276867,0.025991460490494327,83.39166746246794,67.35261327323651,0.0061858027757211165,0.9957898858702773
IJH,2016-05-26,25.747859954833984,29.606000900268555,29.714000701904297,29.558000564575195,29.639999389648438,4478500,60.46090838259926,29.306800079345702,29.067200183868408,0.10798259656810316,0.05876316989183557,0.049219426676267594,95.40349131323029,83.60236431793282,6.756365318461022e-05,0.995857165072771
IJH,2016-05-27,25.96354103088379,29.854000091552734,29.854000091552734,29.607999801635742,29.625999450683594,5141000,63.86180873790772,29.480800247192384,29.101600170135498,0.15437454316288068,0.0778854445460446,0.07648909861683609,96.2581876893293,91.68444882167586,0.008376660290530857,1.0041991222424766
IJH,2016-05-31,25.954845428466797,29.8439998626709,29.97599983215332,29.756000518798828,29.91200065612793,6143000,63.62416102041036,29.666000366210938,29.12180013656616,0.18816451675894896,0.09994125898862546,0.0882232577703235,94.62573338726922,95.42913746327629,-0.00033491588865508515,1.003862800001064
IJH,2016-06-01,26.05573081970215,29.959999084472656,29.986000061035156,29.652000427246094,29.718000411987305,5727000,65.24001400394592,29.773600006103514,29.16810007095337,0.2217473169935147,0.12430247058960331,0.09744484640391138,96.74822356243232,95.87738154634364,0.0038869578905178503,1.0077647724325256
IJH,2016-06-02,26.21575355529785,30.143999099731445,30.145999908447266,29.826000213623047,29.916000366210938,5390000,67.69162419641853,29.881599807739256,29.229899978637697,0.2602096566623935,0.15148390780416135,0.10872574885823214,96.71092288017473,96.02829327662545,0.006141556216673116,1.0139540164356027
IJH,2016-06-03,26.08530044555664,29.993999481201172,30.118000030517578,29.808000564575195,30.110000610351562,5864000,63.74457932396346,29.959199523925783,29.28529996871948,0.27541283462092636,0.17626969316751437,0.09914314145341199,96.59661488988496,96.68525377749735,-0.00497613427231991,1.008908445103861
IJH,2016-06-06,26.311418533325195,30.253999710083008,30.323999404907227,30.04800033569336,30.07200050354004,3447500,67.30341387394512,30.039199447631837,29.347699928283692,0.3049263075804802,0.20200101605010753,0.10292529153037269,95.94214726964759,96.41656167990244,0.008668410327130172,1.017654077488528
IJH,2016-06-07,26.40882110595703,30.365999221801758,30.45800018310547,30.24799919128418,30.29800033569336,3051500,68.72746323608517,30.14359931945801,29.415399932861327,0.3335088892376916,0.22830259068762437,0.10520629855006725,94.51911549807132,95.68595921920131,0.003701912631904225,1.0214213439728916
IJH,2016-06-08,26.528839111328125,30.503999710083008,30.549999237060547,30.402000427246094,30.40399932861328,3294500,70.4360397058472,30.252399444580078,29.472699928283692,0.363110564652672,0.2552641854806339,0.1078463791720381,96.65332311426975,95.70486196066291,0.004544618061122829,1.0260633138607271
IJH,2016-06-09,26.466218948364258,30.43199920654297,30.465999603271484,30.285999298095703,30.392000198364258,3007000,68.338189981273,30.309999465942383,29.54089984893799,0.37642111844579773,0.2794955720736667,0.09692554637213102,95.70711635964449,95.6265183239952,-0.0023604562077172986,1.0236413363420136
IJH,2016-06-10,26.09921646118164,30.010000228881836,30.20400047302246,29.920000076293945,30.158000946044922,4920000,57.52410319217788,30.313199615478517,29.58859987258911,0.3488961795421375,0.2933756935673609,0.0555204859747766,86.45317256025636,92.93787067805688,-0.013866827290238914,1.0094466787238094
IJH,2016-06-13,25.807003021240234,29.673999786376953,30.030000686645508,29.642000198364258,29.893999099731445,5404500,50.65135293206577,30.197199630737305,29.633799839019776,0.296551577528426,0.2940108703595739,0.0025407071688520744,67.44956667870854,83.20328519953648,-0.011196253357874775,0.9981446579575525
IJH,2016-06-14,25.72698974609375,29.582000732421875,29.711999893188477,29.420000076293945,29.56800079345703,7648000,48.92764678572259,30.040399932861327,29.659099864959718,0.24482238842692894,0.2841731739730449,-0.039350785546115985,41.02806212878115,64.97693378924869,-0.003100448164423786,0.9950499621849586
IJH,2016-06-15,25.78264617919922,29.645999908447266,29.8439998626709,29.597999572753906,29.663999557495117,5279000,50.19734463392934,29.86879997253418,29.70389986038208,0.2066091701137971,0.26866037320119535,-0.062051203087398255,25.075671715336444,44.51776684094205,0.002163348050228775,0.9972026015805316
IJH,2016-06-16,25.747859954833984,29.606000900268555,29.625999450683594,29.224000930786133,29.440000534057617,3673500,49.371215650564146,29.703600311279295,29.749699878692628,0.1711247144284087,0.24915324144663803,-0.07802852701822932,21.04827761643541,29.050670486851015,-0.0013492107878864124,0.9958571650727708
IJH,2016-06-17,25.765256881713867,29.625999450683594,29.72800064086914,29.492000579833984,29.586000442504883,4633000,49.81591561777062,29.62680015563965,29.801499843597412,0.14296868947236163,0.22791633105178277,-0.08494764157942114,26.375050045190502,24.166333125654134,0.000675664964404854,0.996530030868762
IJH,2016-06-20,26.020938873291016,29.920000076293945,30.149999618530273,29.90999984741211,30.040000915527344,8156500,55.942567484151404,29.67600021362305,29.84829988479614,0.1427328943050874,0.21087964370244372,-0.06814674939735632,37.204613507286815,28.209313722970922,0.009923518044122837,1.0064191146115984
IJH,2016-06-21,26.028972625732422,29.808000564575195,29.893999099731445,29.690000534057617,29.827999114990234,2728500,53.27431085542751,29.72120018005371,29.892799949645998,0.13198713482832147,0.1951011419276193,-0.06311400709929782,42.282540162014556,35.28740123816397,0.00030874183597018323,1.006729838296799
IJH,2016-06-22,25.964359283447266,29.733999252319336,29.98200035095215,29.722000122070312,29.854000091552734,3436500,51.52560689521336,29.738800048828125,29.908399868011475,0.11616072702607383,0.1793130589473102,-0.06315233192123637,44.997470770012676,41.494874813104694,-0.002482362374198299,1.0042307700252284
IJH,2016-06-23,26.4481201171875,30.288000106811523,30.288000106811523,30.011999130249023,30.016000747680664,6408500,61.669388636638566,29.87519989013672,29.942599868774415,0.14663115116299252,0.17277667739044666,-0.02614552622745414,54.24836319263142,47.17612470821956,0.018631726223594436,1.0229413227976478
IJH,2016-06-24,25.384544372558594,29.06999969482422,29.56399917602539,28.95199966430664,29.058000564575195,16288500,41.23771972867724,29.763999938964844,29.915799808502197,0.07167055428936209,0.15255545277022975,-0.08088489848086766,42.02902094463868,47.091618302427605,-0.040213661308114435,0.9818051069045887
IJH,2016-06-27,24.661508560180664,28.242000579833984,28.757999420166016,28.077999114990234,28.757999420166016,11369500,33.18797550812352,29.42840003967285,29.83519983291626,-0.05392722798166716,0.11125891661985038,-0.16518614460151754,31.419988320984032,42.565790819418055,-0.028483308652943684,0.9538400490075889
IJH,2016-06-28,25.141780853271484,28.79199981689453,28.802000045776367,28.474000930786133,28.489999771118164,6514500,41.37435660224671,29.225199890136718,29.78259983062744,-0.10784091053126943,0.06743895118962642,-0.17527986172089585,14.639372691860032,29.362793985827597,0.019474570743262865,0.9724156745197445
IJH,2016-06-29,25.57489776611328,29.288000106811523,29.323999404907227,29.04599952697754,29.091999053955078,6343500,47.60883223502456,29.136000061035155,29.748999881744385,-0.10928504426728125,0.032094152098244885,-0.14137919636552615,30.42834514418971,25.495902052344604,0.017226978286442263,0.9891674582300923
IJH,2016-06-30,26.09009552001953,29.878000259399414,29.878000259399414,29.253999710083008,29.333999633789062,9557500,53.89027897152201,29.054000091552734,29.735699939727784,-0.062105535229886044,0.0132542146326187,-0.07535974986250474,55.36621710896204,33.477978315003945,0.020144665234552273,1.0090939055370505
IJH,2016-07-01,26.144243240356445,29.940000534057617,30.06399917602539,29.81399917602539,29.81399917602539,5993500,54.50753767141619,29.228000259399415,29.732999992370605,-0.019487886179646807,0.0067057944701655985,-0.026193680649812406,73.48418354151617,53.09291526488932,0.0020754128820787976,1.0111881920278292
IJH,2016-07-05,25.826385498046875,29.576000213623047,29.847999572753906,29.402000427246094,29.82200050354004,8274500,50.254109142705154,29.494800186157228,29.699100017547607,-0.014912968625896639,0.002382041850953151,-0.01729501047684979,77.82807460577884,68.89282508541903,-0.012157848264619964,0.9988943194221794
IJH,2016-07-06,25.946895599365234,29.714000701904297,29.742000579833984,29.371999740600586,29.45800018310547,10039000,51.79007846316041,29.67920036315918,29.666500091552734,-0.00015009719097136554,0.0018756140425682478,-0.0020257112335396133,75.35447756363507,75.55557857031005,0.004666162104932203,1.0035553222422993
IJH,2016-07-07,26.011507034301758,29.788000106811523,29.98200035095215,29.6560001373291,29.799999237060547,3902000,52.6346154675433,29.77920036315918,29.63070011138916,0.0173210520135072,0.004964701636756039,0.01235635037675116,73.06186279696585,75.41480498879326,0.002490141245957256,1.0060543167428146
IJH,2016-07-08,26.484798431396484,30.329999923706055,30.3700008392334,30.027999877929688,30.07200050354004,4946500,58.38489374834058,29.869600296020508,29.625600147247315,0.07404833604833172,0.018781428519071178,0.05526690752926054,83.21917477987382,77.21183838015827,0.01819546235712477,1.0243599401923313
IJH,2016-07-11,26.650712966918945,30.520000457763672,30.582000732421875,30.41200065612793,30.468000411987305,7107000,60.20861000959937,29.98560028076172,29.651100158691406,0.1328056714300878,0.04158627710127451,0.0912193943288133,91.05142957557848,82.44415571747273,0.006264519473396346,1.0307770629854334
IJH,2016-07-12,26.912675857543945,30.81999969482422,30.90399932861328,30.66200065612793,30.691999435424805,16542500,62.968120380972394,30.23440017700195,29.708400154113768,0.20125872892854346,0.07352076746672831,0.12773796146181515,97.60210899829501,90.62423778458246,0.009829489025309446,1.0409090748135894
IJH,2016-07-13,26.841073989868164,30.738000869750977,30.937999725341797,30.667999267578125,30.926000595092773,7272500,61.708442031537906,30.43920021057129,29.766200160980226,0.24605527820008177,0.108027669613399,0.13802760858668278,95.85286694606121,94.83546850664492,-0.0026605257706364682,1.0381397093951585
IJH,2016-07-14,26.90393829345703,30.809999465942383,30.986000061035156,30.799999237060547,30.969999313354492,5349000,62.419335417866854,30.643600082397462,29.82440013885498,0.28409171874205796,0.14324047943913082,0.14085123930292714,94.66078681670514,96.03858758702047,0.0023420934502320634,1.0405711296089588
IJH,2016-07-15,26.90393829345703,30.809999465942383,30.941999435424805,30.739999771118164,30.92799949645996,7550000,62.41933541786687,30.739599990844727,29.88460006713867,0.31065483633201296,0.17672335081770726,0.1339314855143057,93.63415277380325,94.71593551218989,0.0,1.0405711296089588
IJH,2016-07-18,26.921405792236328,30.829999923706055,30.902000427246094,30.729999542236328,30.781999588012695,6015000,62.64277561801577,30.8015998840332,29.944800090789794,0.32952164775450044,0.2072830102050659,0.12223863754943454,93.8950750359362,94.06333820881487,0.0006492543429430508,1.0412467249339985
IJH,2016-07-19,26.872507095336914,30.77400016784668,30.826000213623047,30.673999786376953,30.775999069213867,3885500,61.53950579038123,30.792399978637697,29.98750009536743,0.33608088817074844,0.23304258579820242,0.10303830237254602,92.26989555547745,93.26637445507231,-0.0018163500552974554,1.0393554563875864
IJH,2016-07-20,27.015716552734375,30.937999725341797,30.983999252319336,30.719999313354492,30.847999572753906,3617500,63.563408881933555,30.832399749755858,30.04400005340576,0.3504724983463845,0.2565285683078388,0.09394393003854568,93.36353111856067,93.17616723665812,0.0053292183304440854,1.0448944085376142
IJH,2016-07-21,26.874252319335938,30.775999069213867,30.99799919128418,30.715999603271484,30.899999618530273,5188500,60.193756645100144,30.825599670410156,30.096100044250488,0.3448308585553086,0.2741890263573328,0.07064183219797582,90.88254780145621,92.17199149183146,-0.005236367990547275,1.039422956903246
IJH,2016-07-22,27.04889678955078,30.97599983215332,31.011999130249023,30.738000869750977,30.802000045776367,4319500,62.814649931897776,30.858799743652344,30.130500030517577,0.35243555082179867,0.28983833125022596,0.06259721957157272,93.79346332425429,92.67984741475708,0.006498579686594175,1.0461777298167572
IJH,2016-07-25,26.96681785583496,30.881999969482422,30.983999252319336,30.81999969482422,30.93400001525879,5188000,60.788823952679095,30.869199752807617,30.221100044250488,0.34687871895630806,0.3012464087914424,0.045632310164865686,92.07499677801394,92.25033596790816,-0.0030344651153213498,1.043003139991202
IJH,2016-07-26,27.097797393798828,31.031999588012695,31.052000045776367,30.851999282836914,30.88800048828125,3918500,62.84789906434431,30.92079963684082,30.360599994659424,0.3505378234577634,0.31110469172470656,0.03943313173305685,96.14848044792991,94.00564685006607,0.004857063175347065,1.0480690721342247
IJH,2016-07-27,26.984281539916992,30.902000427246094,31.106000900268555,30.805999755859375,31.04199981689453,6083000,59.91154824568442,30.91359977722168,30.466100025177003,0.3390396067700294,0.31669167473377113,0.02234793203625829,90.5721873901543,92.93188820536606,-0.004189117374824525,1.043678587774131
IJH,2016-07-28,27.092557907104492,31.025999069213867,31.077999114990234,30.823999404907227,30.860000610351562,3656500,61.74740641731232,30.96359977722168,30.55299997329712,0.33605896277826375,0.32056513234266965,0.015493830435594103,89.37190196966533,92.03085660258319,0.004012571801377485,1.0478664230451349
IJH,2016-07-29,27.171146392822266,31.115999221801758,31.211999893188477,30.892000198364258,30.99799919128418,7212000,63.069364323538146,30.99159965515137,30.614899921417237,0.33707346797373816,0.3238667994688834,0.013206668504854746,84.03123727104737,87.99177554362235,0.0029007407121630635,1.0509060118393705
IJH,2016-08-01,27.103038787841797,31.038000106811523,31.200000762939453,30.98200035095215,31.145999908447266,12186500,61.098668488299424,31.022799682617187,30.669799900054933,0.3278048635211306,0.32465441227933284,0.003150451241797747,79.677484296828,84.36020784584692,-0.002506615068639917,1.0482717949943696
IJH,2016-08-02,26.793912887573242,30.68400001525879,31.07200050354004,30.601999282836914,31.038000106811523,6680500,53.003852764538514,30.953199768066405,30.725199890136718,0.2885681448828734,0.317437158800041,-0.028869013917167563,54.66760658901766,72.79210938563104,-0.011405580853436459,1.0363156462801844
IJH,2016-08-03,26.961578369140625,30.875999450683594,30.881999969482422,30.591999053955078,30.694000244140625,7204500,56.37942832893178,30.947999572753908,30.783299827575682,0.26985479441804117,0.307920685923641,-0.03806589150559986,42.42132170068728,58.922137528844324,0.006257595979762387,1.042800490902112
IJH,2016-08-04,26.970308303833008,30.88599967956543,31.02199935913086,30.832000732421875,30.90999984741211,5814500,56.55446353681369,30.91999969482422,30.838199806213378,0.25291580824479,0.29691971038787085,-0.044003902143080864,35.55619157458892,44.21503995476464,0.000323791677655505,1.0431381410225211
IJH,2016-08-05,27.235763549804688,31.190000534057617,31.236000061035156,31.007999420166016,31.055999755859375,4976500,61.59905007908158,30.93479995727539,30.881199836730957,0.26101307176375954,0.2897383826630486,-0.028725310899289036,62.02769087729618,46.668401384190815,0.009842499499123303,1.0534052276530517
IJH,2016-08-08,27.249738693237305,31.20599937438965,31.308000564575195,31.170000076293945,31.214000701904297,3884500,61.8501069552199,30.968399810791016,30.915499782562257,0.2656588344701909,0.28492247302447704,-0.019263638554286144,75.3435576024999,57.642480018128346,0.0005131173725700933,1.0539457481757166
IJH,2016-08-09,27.241004943847656,31.195999145507812,31.26799964904785,31.15999984741211,31.209999084472656,3303000,61.579106726732086,31.07079963684082,30.934299755096436,0.26547348688528416,0.2810326757966385,-0.015559188911354327,87.65621931981396,75.00915593320336,-0.00032050763818203265,1.0536079505131968
IJH,2016-08-10,27.14844512939453,31.09000015258789,31.233999252319336,31.040000915527344,31.197999954223633,7165500,58.645895705400086,31.11359977722168,30.95189971923828,0.25384717254013367,0.2755955751453375,-0.02174840260520383,79.88816993481463,80.96264895237617,-0.0033978120353459484,1.050027988738407
IJH,2016-08-11,27.206073760986328,31.1560001373291,31.236000061035156,31.062000274658203,31.190000534057617,3303500,59.925868736616536,31.167599868774413,30.96919975280762,0.24711034757624617,0.2698985296315192,-0.022788182055273054,77.56046362326215,81.70161762596359,0.0021227230995044533,1.0522569074052281
IJH,2016-08-12,27.165912628173828,31.110000610351562,31.215999603271484,31.035999298095703,31.124000549316406,4105000,58.56531133008928,31.151599884033203,30.984199810028077,0.235346658086943,0.262988155322604,-0.027641497235661006,73.55681587109619,77.001816476391,-0.0014761826041246318,1.0507035840634467
IJH,2016-08-15,27.385961532592773,31.36199951171875,31.40999984741211,31.17799949645996,31.194000244140625,2953000,63.45976113781959,31.182799911499025,31.01079978942871,0.2435505555125168,0.2591006353605866,-0.015550079848069776,81.74978742805071,77.62235564080304,0.008100184500730911,1.0592144769499399
IJH,2016-08-16,27.11177635192871,31.04800033569336,31.270000457763672,31.035999298095703,31.270000457763672,5482500,54.77709089117644,31.153200149536133,31.024499797821044,0.22215423825118208,0.2517113559387057,-0.029557117687523615,74.07475044513735,76.46045124809477,-0.010011888037516847,1.048609740199
IJH,2016-08-17,27.05588150024414,30.983999252319336,31.07200050354004,30.802000045776367,31.04800033569336,17581000,53.17993903668109,31.131999969482422,31.026799774169923,0.19775357006216865,0.2409197987633983,-0.04316622870122966,65.93318534685109,73.91924107334638,-0.002061644761266024,1.0464478794215062
IJH,2016-08-18,27.242755889892578,31.197999954223633,31.214000701904297,30.988000869750977,30.988000869750977,7488500,57.628630652468054,31.140399932861328,31.04789981842041,0.19345391656100475,0.2314266223229196,-0.03797270576191486,59.250243276097386,66.41939302269529,0.006906978419710663,1.0536756723420224
IJH,2016-08-19,27.261964797973633,31.219999313354492,31.25,31.04400062561035,31.13800048828125,6722500,58.06970093878129,31.162399673461913,31.060099792480468,0.1896355737592934,0.2230684126101944,-0.03343283885090098,66.25915977254851,63.81419613183234,0.0007051015014301054,1.0544186206406112
IJH,2016-08-22,27.279434204101562,31.239999771118164,31.256000518798828,31.0939998626709,31.18000030517578,5398000,58.492733720132925,31.137999725341796,31.077999782562255,0.18607838359369921,0.21567040680689537,-0.02959202321319615,76.69111863479361,67.40017389447985,0.000640797765582457,1.0550942897367062
IJH,2016-08-23,27.40866470336914,31.38800048828125,31.496000289916992,31.356000900268555,31.368000030517578,3778000,61.58156574521407,31.205999755859374,31.095799827575682,0.19297718487761273,0.21113176242103887,-0.018154577543426142,80.14275417540422,74.3643441942488,0.004737286642409355,1.0600925738219582
IJH,2016-08-24,27.253223419189453,31.209999084472656,31.399999618530273,31.143999099731445,31.381999969482422,3255000,56.16777265606452,31.25119972229004,31.11119976043701,0.18198351623637166,0.20530211318410546,-0.023318596947733805,74.148385103143,76.99408597111362,-0.005671246150148246,1.0540805278938696
IJH,2016-08-25,27.309118270874023,31.27400016784668,31.368000030517578,31.118000030517578,31.118000030517578,5155500,57.610736274139626,31.266399765014647,31.123599815368653,0.1764018563879013,0.19952206182486465,-0.02312020543696336,70.4130205355965,74.90138660471457,0.002050944610288319,1.0562423886713634
IJH,2016-08-26,27.213062286376953,31.163999557495117,31.513999938964844,31.020000457763672,31.323999404907227,6283000,54.301942790095225,31.255199813842772,31.12599983215332,0.16124350603540805,0.19186635066697336,-0.03062284463156531,59.214540960444474,67.92531553306134,-0.0035173594234829686,1.0525272045520881
IJH,2016-08-29,27.431365966796875,31.413999557495117,31.48200035095215,31.215999603271484,31.222000122070312,4972500,59.93405414844323,31.289999771118165,31.1447998046875,0.16747279272749083,0.18698763907907684,-0.019514846351586013,68.26971907149492,65.96576018917864,0.008022018180923629,1.0609705969229217
IJH,2016-08-30,27.42263412475586,31.40399932861328,31.474000930786133,31.261999130249023,31.417999267578125,5232000,59.61753345033233,31.29319953918457,31.180799770355225,0.16964702708852997,0.18351951668096747,-0.013872489592437504,73.78270330991116,67.08898778061686,-0.00031831597637477227,1.0606328730314574
IJH,2016-08-31,27.305622100830078,31.270000457763672,31.38800048828125,31.124000549316406,31.357999801635742,5870500,55.39588698114644,31.305199813842773,31.20049982070923,0.15872781898921673,0.17856117714261732,-0.019833358153400593,78.74529301826358,73.59923846655657,-0.00426698702223316,1.0561071663268782
IJH,2016-09-01,27.29863929748535,31.261999130249023,31.368000030517578,31.04199981689453,31.305999755859375,4993000,55.144780534554926,31.30279960632324,31.219299793243408,0.1477257372978258,0.17239408917365903,-0.024668351875833244,71.6291670796577,74.7190544692775,-0.00025572767831261167,1.0558370904931842
IJH,2016-09-02,27.585054397583008,31.59000015258789,31.59000015258789,31.408000946044922,31.43000030517578,7054000,62.62421122063715,31.387999725341796,31.239299774169922,0.1635877122584084,0.1706328137906089,-0.007045101532200504,76.77900916081113,75.71782308624415,0.010491918552293589,1.0669148472511294
IJH,2016-09-06,27.522184371948242,31.51799964904785,31.624000549316406,31.38599967956543,31.600000381469727,4343500,60.24927263340942,31.408799743652345,31.254899787902833,0.16840730817295224,0.17018771266707758,-0.0017804044941253372,83.90371464286567,77.43729696111151,-0.0022791336471054136,1.064483205724163
IJH,2016-09-07,27.614749908447266,31.624000549316406,31.63800048828125,31.441999435424805,31.468000411987305,6105500,62.50380276226211,31.452799987792968,31.27629985809326,0.17872008552715712,0.1718941872390935,0.006825898288063625,94.98356107365544,85.22209495911075,0.0033633063149365316,1.0680633888121192
IJH,2016-09-08,27.49599266052246,31.488000869750977,31.591999053955078,31.472000122070312,31.559999465942383,4317500,57.96162107832116,31.49640007019043,31.296199893951417,0.17391422342592477,0.17229819447645978,0.0016160289494649982,86.8929671619449,88.593414292822,-0.004300500577355426,1.0634701815918803
IJH,2016-09-09,26.68563461303711,30.559999465942383,31.253999710083008,30.558000564575195,31.25,9926500,37.78425856225209,31.3560001373291,31.26639986038208,0.09413841636557407,0.15666623885428266,-0.06252782248870858,57.91982123666961,79.93211649075666,-0.02947186004485769,1.032127737238125
IJH,2016-09-12,27.003488540649414,30.923999786376953,30.964000701904297,30.3799991607666,30.4060001373291,8569000,45.760164976088944,31.222800064086915,31.25709981918335,0.05960026355961645,0.13725304379534942,-0.07765278023573297,39.718849692959374,61.51054603052464,0.01191104997956538,1.044421462301664
IJH,2016-09-13,26.509248733520508,30.357999801635742,30.753999710083008,30.222000122070312,30.68600082397461,9141000,37.67280057655093,30.99080009460449,31.2068998336792,-0.013289743986337754,0.10714448623901199,-0.12043423022534974,17.67760849150419,38.438759807044406,-0.018302813222999204,1.025305611351065
IJH,2016-09-14,26.43589973449707,30.27400016784668,30.489999771118164,30.20599937438965,30.3700008392334,7266000,36.63790688047065,30.72080001831055,31.168199825286866,-0.07694667516949139,0.07032625395731132,-0.1472729291268027,19.19879902290102,25.531752402454874,-0.0027669210757635954,1.022468671645919
IJH,2016-09-15,26.706592559814453,30.583999633789062,30.643999099731445,30.229999542236328,30.277999877929688,5691000,42.874741777096155,30.539999771118165,31.148199844360352,-0.10121415188829985,0.036018172788189085,-0.13723232467648894,13.583265118015754,16.81989087747367,0.01023959191992807,1.0329383335944842
IJH,2016-09-16,26.57561492919922,30.43400001525879,30.493999481201172,30.329999923706055,30.45800018310547,9922000,40.78290963724818,30.514799880981446,31.10999984741211,-0.13103947613037192,0.002606643004476883,-0.1336461191348488,15.689040257189959,16.157034799368926,-0.0049043182997563495,1.027872475222517
IJH,2016-09-19,26.774709701538086,30.66200065612793,30.850000381469727,30.534000396728516,30.579999923706055,4309000,45.16250062078096,30.462400054931642,31.08209991455078,-0.1347254827335398,-0.024859782143126452,-0.10986570059041334,24.72070195347689,17.997669109560885,0.007491633697631395,1.0355729192947618
IJH,2016-09-20,26.650712966918945,30.520000457763672,30.788000106811523,30.520000457763672,30.775999069213867,4392500,43.02809866104132,30.494800186157228,31.046099948883057,-0.14740569765985612,-0.049368965246472385,-0.09803673241338373,23.23096437798328,21.213568862883392,-0.004631114062537023,1.0307770629854334
IJH,2016-09-21,27.001745223999023,30.922000885009766,30.93600082397461,30.52400016784668,30.642000198364258,4324000,50.20311153037288,30.624400329589843,31.022799968719482,-0.12359209182283237,-0.06421359056174439,-0.059378501261087985,34.59037988441369,27.514015405291303,0.013171589725040622,1.0443540355570597
IJH,2016-09-22,27.3248348236084,31.29199981689453,31.32200050354004,31.100000381469727,31.104000091552734,7451500,55.72942790583001,30.76600036621094,31.026900005340575,-0.07401066713552851,-0.06617300587650121,-0.007837661259027295,49.255153411358755,35.692165891251925,0.011965508041391848,1.0568502621675777
IJH,2016-09-23,27.099544525146484,31.034000396728516,31.299999237060547,31.034000396728516,31.20400047302246,2977000,51.442387319257435,30.886000442504884,31.01490001678467,-0.05490254550332807,-0.0639189138018666,0.009016368298538524,61.21976093339248,48.35509807638832,-0.00824489150314156,1.0481366464209394
IJH,2016-09-26,26.9625186920166,30.736000061035156,30.86199951171875,30.719999313354492,30.74799919128418,2837500,46.94986668524994,30.90080032348633,30.99350004196167,-0.06307823145360203,-0.06375077733221368,0.0006725458786116523,56.89013618263292,55.78835017579473,-0.005056388789218658,1.0428368600324074
IJH,2016-09-27,26.981821060180664,30.757999420166016,30.82200050354004,30.621999740600586,30.714000701904297,3432500,47.3156538979233,30.9484001159668,30.960700035095215,-0.0670099085329312,-0.06440260357235719,-0.002607304960574014,44.886433382780375,54.33211016626861,0.0007158963294395804,1.0435834231127088
IJH,2016-09-28,27.218669891357422,31.027999877929688,31.04800033569336,30.625999450683594,30.81599998474121,4728000,51.715977701196756,30.96959991455078,30.941900062561036,-0.047788138576525085,-0.061079710573190775,0.01329157199666569,50.16464308570906,50.64707088370747,0.008778089167832182,1.0527440914548636
IJH,2016-09-29,26.929189682006836,30.697999954223633,31.054000854492188,30.600000381469727,31.007999420166016,6297000,46.59368785082193,30.8507999420166,30.913300037384033,-0.05850853336699302,-0.06056547513195123,0.0020569417649582075,52.52292192279964,49.19133279709637,-0.010635354721815538,1.0415477846109458
IJH,2016-09-30,27.143230438232422,30.941999435424805,31.062000274658203,30.72800064086914,30.8439998626709,6385500,50.497811440101984,30.832399749755858,30.897300052642823,-0.046776593082881845,-0.057807698722137354,0.011031105639255509,61.23055765394077,54.6393742208165,0.00794828061122832,1.0498262986730367
IJH,2016-10-03,26.94498062133789,30.715999603271484,30.90999984741211,30.672000885009766,30.850000381469727,22307500,47.06586199645208,30.828399658203125,30.853600025177002,-0.055080312028266576,-0.057262221383363204,0.0021819093550966284,51.91156246332574,55.221680680022054,-0.007303840172807385,1.042158535178319
IJH,2016-10-04,26.820411682128906,30.573999404907227,30.827999114990234,30.468000411987305,30.770000457763672,6464500,44.99660883436199,30.791599655151366,30.80640001296997,-0.07228603002275946,-0.06026698311124246,-0.012019046911517,47.71681657602744,53.61964556443132,-0.004623085128899196,1.0373405475523807
IJH,2016-10-05,26.948490142822266,30.719999313354492,30.881999969482422,30.718000411987305,30.724000930786133,14680000,47.549910675382,30.729999542236328,30.761199951171875,-0.07329580464347529,-0.06287274741768903,-0.010423057225786264,38.83837393976888,46.15558432637403,0.004775409945653397,1.042294273920192
IJH,2016-10-06,26.999364852905273,30.777999877929688,30.81999969482422,30.573999404907227,30.663999557495117,3396500,48.571279811291475,30.74599952697754,30.72569990158081,-0.06862483311645917,-0.06402316455744306,-0.004601668559016114,35.705307398945905,40.753499304914094,0.0018878501100945133,1.044261969279963
IJH,2016-10-07,26.832687377929688,30.58799934387207,30.8799991607666,30.437999725341797,30.827999114990234,4765500,45.44902493701704,30.675199508666992,30.727099895477295,-0.07933992841907767,-0.06708651732976997,-0.012253411089307692,30.860799568059207,35.13482696892468,-0.0061733850364131815,1.0378153380647148
IJH,2016-10-10,27.036209106445312,30.81999969482422,31.00200080871582,30.753999710083008,30.753999710083008,3117500,49.70078290481921,30.695999526977538,30.721899890899657,-0.06832363687458809,-0.0673339412387336,-0.0009896956358544928,32.16019842417688,32.90876846372735,0.007584843278986009,1.0456870047564635
IJH,2016-10-11,26.601106643676758,30.323999404907227,30.738000869750977,30.194000244140625,30.729999542236328,7424000,42.13894082092541,30.64599952697754,30.720199871063233,-0.09848099697556378,-0.07356335238609964,-0.024917644589464147,23.90188051223951,28.974292834825217,-0.01609332362593796,1.02885842537748
IJH,2016-10-12,26.699356079101562,30.43600082397461,30.516000747680664,30.257999420166016,30.350000381469727,5158000,44.203363730839264,30.589199829101563,30.72829990386963,-0.11205168160798351,-0.0812610182304764,-0.030790663377507105,25.539365726494548,27.20048155430366,0.0036934341394461168,1.032658446210426
IJH,2016-10-13,26.5905704498291,30.312000274658203,30.384000778198242,30.031999588012695,30.194000244140625,2727000,42.399682992876464,30.495999908447267,30.714699935913085,-0.1312988238539745,-0.09126857935517603,-0.04003024449879848,20.196661183577728,23.212635807437277,-0.004074466400993515,1.0284509140676394
IJH,2016-10-14,26.576536178588867,30.29599952697754,30.573999404907227,30.280000686645508,30.45400047302246,5247000,42.160619816055195,30.43759994506836,30.707799911499023,-0.14615862373229405,-0.10224658823059964,-0.04391203550169441,24.89876095156116,23.544929287211158,-0.0005277912809998897,1.0279081066422582
IJH,2016-10-17,26.5625057220459,30.280000686645508,30.408000946044922,30.24799919128418,30.347999572753906,4282500,41.90619398216866,30.329600143432618,30.6886999130249,-0.15741155250980654,-0.11327958108644104,-0.0441319714233655,25.631106675036776,23.575509603391904,-0.0005279264554525209,1.0273654467589877
IJH,2016-10-18,26.71689796447754,30.45599937438965,30.600000381469727,30.375999450683594,30.573999404907227,3604000,45.78234390979865,30.3560001373291,30.6854998588562,-0.15039430449538926,-0.12070252576823069,-0.02969177872715857,30.291268608210487,26.940378744936154,0.005812412580621151,1.033336918606625
IJH,2016-10-19,26.841463088989258,30.597999572753906,30.6560001373291,30.3700008392334,30.50200080871582,4364500,48.75332982721862,30.38839988708496,30.669299793243407,-0.13185491424995632,-0.12293300346457584,-0.008921910785380488,40.0647263573801,31.9957005468758,0.004662409710788351,1.0381547586904527
IJH,2016-10-20,26.711633682250977,30.450000762939453,30.61199951171875,30.32200050354004,30.516000747680664,2816000,45.92847682849585,30.415999984741212,30.627199840545654,-0.12763330370953696,-0.12387306351356807,-0.003760240195968892,46.4030896527754,38.919694872788675,-0.004836897538254448,1.0331333104938156
IJH,2016-10-21,26.71864891052246,30.45800018310547,30.468000411987305,30.195999145507812,30.27400016784668,2623000,46.110230363198404,30.4484001159668,30.5983998298645,-0.12223313311664796,-0.12354507743418405,0.00131194431753609,47.320600150624955,44.59613872026017,0.00026262819994227193,1.033404640435451
IJH,2016-10-24,26.83620262145996,30.591999053955078,30.79599952697754,30.530000686645508,30.639999389648438,3146500,49.19115381695,30.51079978942871,30.591199779510497,-0.10591989143772906,-0.12002004023489306,0.014100148797163994,48.247404436054744,47.32369807981838,0.004399687698699584,1.037951298119754
IJH,2016-10-25,26.643213272094727,30.371999740600586,30.57200050354004,30.332000732421875,30.57200050354004,7661000,44.675233386962276,30.493999862670897,30.571899795532225,-0.10948160011714236,-0.11791235221134293,0.008430752094200564,45.56696030622411,47.04498829763461,-0.0071913806915031575,1.030486995195735
IJH,2016-10-26,26.492326736450195,30.200000762939453,30.351999282836914,30.145999908447266,30.20800018310547,3732000,41.469843299324,30.414400100708008,30.530499839782713,-0.1247451752193669,-0.11927891681294774,-0.005466258406419164,36.701012007760475,43.505125583346455,-0.005663225906860303,1.0246511145478598
IJH,2016-10-27,26.2747745513916,29.95199966430664,30.308000564575195,29.881999969482422,30.304000854492188,5308000,37.31280194326369,30.314799880981447,30.493199825286865,-0.15506578266652937,-0.12643628998366407,-0.0286294926828653,19.540391013287486,33.9361211090907,-0.008211894229708028,1.0162367879728404
IJH,2016-10-28,26.250211715698242,29.923999786376953,30.166000366210938,29.850000381469727,29.95199966430664,3873000,36.863502619338334,30.207999801635744,30.442299842834473,-0.1792877214110682,-0.1370065762691449,-0.0422811451419233,10.464003111896078,22.235135377648025,-0.0009348447746074795,1.0152867643218402
IJH,2016-10-31,26.41688346862793,30.11400032043457,30.18600082397461,29.959999084472656,29.98200035095215,5683000,41.96989977955316,30.11240005493164,30.412199878692626,-0.18106512117030604,-0.14581828524937712,-0.03524683592092892,13.993105958737658,14.665833361307088,0.0063493489018229265,1.0217331742239224
IJH,2016-11-01,26.134418487548828,29.79199981689453,30.211999893188477,29.63599967956543,30.191999435424805,8681500,36.57151897782635,29.99640007019043,30.373099899291994,-0.20608090050999195,-0.1578708083015001,-0.048210092208491845,16.392546425679548,13.616551832104443,-0.01069259291750102,1.0108081973216398
IJH,2016-11-02,25.887039184570312,29.510000228881836,29.79599952697754,29.486000061035156,29.729999542236328,8717500,32.61494864966572,29.858399963378908,30.31259994506836,-0.24582735116734256,-0.1754621168746686,-0.07036523429267397,14.395786532631272,14.927146305682841,-0.00946565170739777,1.0012402389828106
IJH,2016-11-03,25.83440399169922,29.450000762939453,29.663999557495117,29.426000595092773,29.54800033569336,4529500,31.8260127519135,29.75800018310547,30.246199989318846,-0.2789525636245749,-0.19616020622464986,-0.08279235739992502,5.677400844342125,12.15524460088433,-0.002033264310213778,0.9992044529389369
IJH,2016-11-04,25.895811080932617,29.520000457763672,29.770000457763672,29.416000366210938,29.486000061035156,6821500,33.83683973675214,29.677200317382812,30.192800045013428,-0.29614239757375316,-0.21615664449447053,-0.07998575307928263,3.7067187215475097,7.9266353661736515,0.0023769501031698503,1.001579512066438
IJH,2016-11-07,26.415128707885742,30.11199951171875,30.152000427246094,29.923999786376953,29.965999603271484,5182500,47.847044533231944,29.676800155639647,30.157400035858153,-0.25901037830021423,-0.2247273912556193,-0.034282987044594926,19.907610965563244,9.763910177150976,0.020054117066659716,1.0216653048529862
IJH,2016-11-08,26.490568161010742,30.197999954223633,30.336000442504883,29.965999603271484,30.04400062561035,3502500,49.5193571864135,29.75800018310547,30.151100063323973,-0.2201062210251088,-0.2238031572095172,0.003696936184408417,38.212555245188895,20.6089616440999,0.0028559184382273006,1.024583097634813
IJH,2016-11-09,26.983572006225586,30.760000228881836,30.847999572753906,29.93000030517578,29.979999542236328,10100500,58.81358071010763,30.00800018310547,30.167300033569337,-0.14228549217843067,-0.20749962420329993,0.06521413202486925,66.98540455050086,41.70185692041768,0.01861054252284622,1.043651144941535
IJH,2016-11-10,27.104633331298828,30.898000717163086,31.131999969482422,30.715999603271484,30.940000534057617,11610500,60.7257440227052,30.297600173950194,30.19660005569458,-0.06868476262451395,-0.17973665188754273,0.11105188926302878,78.96171302442379,61.386557606704535,0.004486482554841631,1.0483334675966558
IJH,2016-11-11,27.381837844848633,31.214000701904297,31.229999542236328,30.827999114990234,30.88800048828125,7778000,64.76028769725411,30.63640022277832,30.24250011444092,0.014970334955481945,-0.1407952545189378,0.15576558947441974,93.11216755390224,79.68642837627564,0.010227200278326798,1.0590549839282397
IJH,2016-11-14,27.829227447509766,31.724000930786133,31.724000930786133,31.384000778198242,31.437999725341797,10054000,70.09903799435018,30.958800506591796,30.31470012664795,0.12102525490810123,-0.08843115263352999,0.20945640754163122,95.16057054812158,89.07815037548255,0.01633891797899545,1.0763587964458896
IJH,2016-11-15,27.948522567749023,31.860000610351562,31.9060001373291,31.606000900268555,31.733999252319336,5208000,71.34570146249035,31.291200637817383,30.384900188446046,0.213586488512572,-0.028027624404309594,0.2416141129168816,99.09022137702304,95.7876531596823,0.0042866845823970046,1.0809728071037417
IJH,2016-11-16,27.96431541442871,31.878000259399414,31.90999984741211,31.743999481201172,31.804000854492188,10318000,71.51497594637273,31.5148006439209,30.44890022277832,0.28510780891291176,0.03459946225913468,0.2505083466537771,98.95652204351386,97.73577132288618,0.0005650691066549918,1.08158363144217
IJH,2016-11-17,28.125730514526367,32.0620002746582,32.104000091552734,31.916000366210938,31.945999145507812,7716000,73.25435147260504,31.747600555419922,30.529500198364257,0.3525720035046156,0.09819397050823087,0.25437803299638473,98.43569092761545,98.82747811605081,0.005772181357043715,1.0878267283156642
IJH,2016-11-18,28.146778106689453,32.08599853515625,32.12799835205078,32.018001556396484,32.119998931884766,5577500,73.48179182923911,31.922000122070312,30.610900115966796,0.4033250427999029,0.1592201849665653,0.2441048578333376,98.53525884971282,98.64249060694739,0.0007483393952101292,1.0886407919116254
IJH,2016-11-21,28.323978424072266,32.28799819946289,32.33399963378906,32.12799835205078,32.194000244140625,7111500,75.37965174857358,32.034799575805664,30.695700073242186,0.45460645657651355,0.21829743928855494,0.2363090172879586,98.43745597677486,98.46946858470106,0.0062955808551565795,1.0954944180393267
IJH,2016-11-22,28.538022994995117,32.53200149536133,32.55400085449219,32.316001892089844,32.400001525878906,7048500,77.47658208166966,32.169199752807614,30.803700160980224,0.5090681524380969,0.2764515819184633,0.23261657051963358,98.72459943909666,98.56577142186147,0.0075570093903523095,1.1037730796435283
IJH,2016-11-23,28.666105270385742,32.678001403808594,32.68000030517578,32.428001403808594,32.465999603271484,6246000,78.64840428378541,32.329199981689456,30.927600193023682,0.5575829421495158,0.3326778539646738,0.22490508818484195,99.22040814343346,98.79415451976836,0.00448812713526392,1.1087269535534503
IJH,2016-11-25,28.748563766479492,32.77199935913086,32.77399826049805,32.70800018310547,32.7599983215332,1904500,79.39179659663084,32.47119979858398,31.068600177764893,0.5967372958562542,0.3854897423429899,0.21124755351326435,99.72251975326229,99.22250911193082,0.0028765154985646024,1.1119162238190232
IJH,2016-11-28,28.54680633544922,32.54199981689453,32.76599884033203,32.51599884033203,32.74800109863281,6861500,72.72011187760157,32.56240005493164,31.199500179290773,0.6022658169483108,0.4288449572640541,0.17342085968425675,97.23704882271316,98.72665890646965,-0.007018000365831112,1.1041127953534877
IJH,2016-11-29,28.608205795288086,32.61199951171875,32.71200180053711,32.4900016784668,32.54999923706055,6074500,73.45134567495137,32.627200317382815,31.32440013885498,0.6053178724685395,0.4641395403049512,0.14117833216358833,95.35874156274254,97.43943671290602,0.002150834636889698,1.1064875593967671
IJH,2016-11-30,28.513463973999023,32.50400161743164,32.768001556396484,32.50400161743164,32.742000579833984,6057000,70.31954890488996,32.62160034179688,31.460000228881835,0.5921956580473093,0.48975076385342287,0.10244489419388647,91.00899421484228,94.53492820009934,-0.003311700914311322,1.1028232035346388
IJH,2016-12-01,28.45907211303711,32.44200134277344,32.71799850463867,32.358001708984375,32.66400146484375,11746000,68.51348593260575,32.57440032958984,31.606600284576416,0.5702201614990017,0.5058446433825387,0.06437551811646303,88.04132403046624,91.4696866026837,-0.0019075851678881373,1.1007194743487732
IJH,2016-12-02,28.49767303466797,32.486000061035156,32.59600067138672,32.40599822998047,32.49599838256836,5016000,69.1196225320479,32.5172004699707,31.758400249481202,0.5500145259279066,0.5146786198916122,0.03533590603629433,83.03360075631764,87.3613063338754,0.0013563661344100364,1.1022124529672654
IJH,2016-12-05,28.795936584472656,32.82600021362305,32.86000061035156,32.65399932861328,32.65399932861328,7518000,73.38363478235019,32.57400054931641,31.92370023727417,0.5550384472575338,0.5227505853647966,0.032287861892737246,86.50294173747828,85.85928884142074,0.010466242259213443,1.1137484755211426
IJH,2016-12-06,29.094186782836914,33.16600036621094,33.16600036621094,32.79999923706055,32.88800048828125,7500500,76.82920746418239,32.684800720214845,32.07640027999878,0.5797718627819748,0.5341548408482322,0.04561702193374262,92.18977050598001,87.24210433325867,0.010357370995360604,1.1252839816776323
IJH,2016-12-07,29.425771713256836,33.54399871826172,33.58399963378906,33.13600158691406,33.16600036621094,9939000,79.93856176490937,32.89280014038086,32.243700218200686,0.6226965228261747,0.5518631772438207,0.07083334558235399,98.2968354988747,92.32984924744436,0.011396947881544772,1.1381087845687494
IJH,2016-12-08,29.75035285949707,33.91400146484375,33.97200012207031,33.55799865722656,33.630001068115234,6715500,82.42473270664152,33.18720016479492,32.40140027999878,0.6787465864305844,0.5772398590811735,0.10150672734941091,98.21121961664748,96.23260854050075,0.011030505823369952,1.1506627001445635
IJH,2016-12-09,29.688949584960938,33.84400177001953,33.96799850463867,33.7760009765625,33.93199920654297,6981500,80.39484047750416,33.4588005065918,32.5487003326416,0.7093414288534063,0.6036601730356201,0.1056812558177862,95.89744107023053,97.46849872858427,-0.002063951134499975,1.1482877885591734
IJH,2016-12-12,29.506486892700195,33.63600158691406,33.93199920654297,33.54999923706055,33.78799819946289,6891000,74.52195004779807,33.62080078125,32.66980037689209,0.708635476784778,0.6246552337854517,0.08398024299932627,89.93355746123895,94.68073938270567,-0.0061458116508497085,1.141230628089718
IJH,2016-12-13,29.566137313842773,33.70399856567383,33.8380012512207,33.534000396728516,33.78799819946289,8440500,75.16076133846794,33.72840042114258,32.768800258636475,0.7054310228795373,0.6408103916042689,0.0646206312752684,85.38801816768579,90.40633889971843,0.00202160363446513,1.143537744075227
IJH,2016-12-14,29.211734771728516,33.29999923706055,33.79600143432617,33.24800109863281,33.698001861572266,7715500,64.7698219386598,33.67960052490234,32.84080018997192,0.6626534441996839,0.6451790021233519,0.017474442076331975,73.8232022131967,83.04825928070717,-0.01198677183807595,1.1298304180487693
IJH,2016-12-15,29.331037521362305,33.43600082397461,33.63399887084961,33.22200012207031,33.374000549316406,8326500,66.45128579798713,33.58400039672851,32.918700218200684,0.6324357704670192,0.6426303557920854,-0.01019458532506623,69.51666272748759,76.24262770279005,0.004084069315501759,1.1344447237908428
IJH,2016-12-16,29.267879486083984,33.36399841308594,33.689998626708984,33.30400085449219,33.43600082397461,9902000,64.69091664504695,33.487999725341794,32.98380012512207,0.5958099275518265,0.6332662701440336,-0.03745634259220709,62.49476089183014,68.61154194417149,-0.0021532833685927733,1.1320019428345163
IJH,2016-12-19,29.432798385620117,33.551998138427734,33.58599853515625,33.39400100708008,33.39799880981445,5585500,67.13873663401174,33.47119903564453,33.05710010528564,0.5753217389412413,0.6216773639034752,-0.04635562496223389,67.69920428582684,66.57020930171488,0.005634808617226428,1.1383805571367172
IJH,2016-12-20,29.608245849609375,33.75199890136719,33.79199981689453,33.61000061035156,33.67599868774414,10148500,69.55666990610221,33.4807991027832,33.13030014038086,0.5686678430398899,0.6110754597307582,-0.04240761669086823,74.22539982667611,68.13978833477772,0.005960950830790734,1.1451663876645373
IJH,2016-12-21,29.478857040405273,33.44599914550781,33.61000061035156,33.4379997253418,33.59199905395508,5240000,62.03566907065989,33.50999908447265,33.17600002288818,0.5325638945809459,0.5953731467007958,-0.06280925211984989,75.58598119663951,72.50352843638085,-0.004370026169780994,1.1401619805816896
IJH,2016-12-22,29.30434226989746,33.24800109863281,33.44599914550781,33.152000427246094,33.44599914550781,4180500,57.68902048578673,33.472399139404295,33.20450000762939,0.4824135050737226,0.5727812183753812,-0.0903677133016586,65.94959645178359,71.92032582503309,-0.00591999785706121,1.1334122240999434
IJH,2016-12-23,29.353702545166016,33.30400085449219,33.33399963378906,33.22800064086914,33.26599884033203,3420500,58.57312806168292,33.46039962768555,33.23110008239746,0.4420915165531554,0.546643278010936,-0.10455176145778067,51.49437599822614,64.34331788221643,0.0016844014041994537,1.135321345241754
IJH,2016-12-27,29.484146118164062,33.45199966430664,33.52399826049805,33.34199905395508,33.347999572753906,4931000,60.898549507003416,33.440399932861325,33.27660007476807,0.4172683079076762,0.5207682839902841,-0.10349997608260786,41.956930087862396,53.13363417929073,0.00444385415425308,1.1403665477182188
IJH,2016-12-28,29.182714462280273,33.11000061035156,33.53200149536133,33.060001373291016,33.49399948120117,4630000,53.43422651320441,33.3120002746582,33.301500129699704,0.36578275485958045,0.4897711781641434,-0.12398842330456294,28.761592608385694,40.7376328981581,-0.010223516552785195,1.1287079914413791
IJH,2016-12-29,29.262035369873047,33.20000076293945,33.29600143432617,33.082000732421875,33.11399841308594,6041500,54.99745887448673,33.26280059814453,33.3363000869751,0.32845610575644457,0.4575081636826036,-0.12905205792615904,19.566581005990457,30.09503456741287,0.0027180784602918173,1.1317759083208752
IJH,2016-12-30,29.14569854736328,33.06800079345703,33.28799819946289,33.00199890136719,33.2859992980957,6639500,52.228118332612404,33.226800537109376,33.36760005950928,0.2849385784860843,0.42299424664329976,-0.13805566815721548,9.33261300551928,19.22026220663183,-0.0039756914048959535,1.1272763165698956
IJH,2017-01-03,29.302574157714844,33.24599838256836,33.486000061035156,33.04399871826172,33.39400100708008,19235500,55.48334501210255,33.21520004272461,33.405599975585936,0.2617957243032407,0.390754542175288,-0.12895881787204727,17.23397259521992,15.37772220224324,0.005382461844125386,1.1333438383316192
IJH,2017-01-04,29.77500343322754,33.78200149536133,33.81399917602539,33.354000091552734,33.354000091552734,11920000,63.540131605179816,33.28120040893555,33.45340003967285,0.28343851450468804,0.36929133664116803,-0.08585282213647999,44.11427811883416,23.56028790652447,0.016122449617222978,1.1516161172641108
IJH,2017-01-05,29.544078826904297,33.52000045776367,33.76599884033203,33.39400100708008,33.694000244140625,8496000,58.013171523244374,33.36320037841797,33.47110004425049,0.27626468030139506,0.3506860053732135,-0.07442132507181842,63.0130441953283,41.45376496979414,-0.0077556533903045954,1.142684581819922
IJH,2017-01-06,29.514118194580078,33.486000061035156,33.65800094604492,33.43199920654297,33.56399917602539,7149000,57.31641206801362,33.42040023803711,33.46820011138916,0.2647835571233088,0.3335055157232326,-0.0687219585999238,73.15290259840928,60.093408304190596,-0.001014099390262091,1.1415257860822365
IJH,2017-01-09,29.318449020385742,33.263999938964844,33.4739990234375,33.220001220703125,33.46799850463867,7271000,52.85287836513908,33.45960006713867,33.435700035095216,0.2350614872645167,0.3138167100314895,-0.07875522276697278,51.888478083506755,62.6848082924148,-0.006629680511012759,1.1339578348254287
IJH,2017-01-10,29.515872955322266,33.487998962402344,33.61000061035156,33.279998779296875,33.34400177001953,7116500,56.531241908667475,33.508000183105466,33.41789989471435,0.22696506987427512,0.2964463820000466,-0.06948131212577147,50.57478824209225,58.53872297466945,0.006733778270441526,1.1415936554531732
IJH,2017-01-11,29.626937866210938,33.61399841308594,33.62799835205078,33.38399887084961,33.53200149536133,10364500,58.49292481427021,33.47439956665039,33.41679973602295,0.22808646462448934,0.28277439852493513,-0.054687933900445795,55.829234414320446,52.7641669133065,0.003762887550599947,1.1458893440071218
IJH,2017-01-12,29.46651840209961,33.43199920654297,33.5620002746582,33.07400131225586,33.5620002746582,8411500,54.65606887477406,33.45679931640625,33.40319976806641,0.2118473190820609,0.26858898263636033,-0.05674166355429944,62.725753739138064,56.376592131850266,-0.005414648818441781,1.1396847556245286
IJH,2017-01-13,29.635751724243164,33.624000549316406,33.742000579833984,33.513999938964844,33.51599884033203,7054500,57.80088294782532,33.4843994140625,33.4193998336792,0.2120264737748272,0.25727648086405375,-0.04525000708922655,68.30873981925606,62.28790932423821,0.0057432411876490175,1.1462302400539672
IJH,2017-01-17,29.360754013061523,33.3120002746582,33.56999969482422,33.262001037597656,33.518001556396484,5995500,51.544882732134354,33.49399948120117,33.41319980621338,0.18486167022776812,0.2427935187367966,-0.057931848509028494,55.911447689650366,62.31531374934818,-0.009279255466183467,1.1355940768334416
IJH,2017-01-18,29.491193771362305,33.459999084472656,33.47600173950195,33.2239990234375,33.35200119018555,8095500,54.08362052825617,33.488399505615234,33.417999839782716,0.17327819164786007,0.2288904533190093,-0.05561226167114924,57.06086757711996,60.427018362008816,0.004442656964557257,1.1406391317677957
IJH,2017-01-19,29.279661178588867,33.220001220703125,33.58000183105469,33.099998474121094,33.507999420166016,6299000,49.54989929955459,33.40960006713867,33.40139999389648,0.1430830077116454,0.21172896419753656,-0.06864595648589117,40.47633588742575,51.14955038473204,-0.007172737543735819,1.1324576266435107
IJH,2017-01-20,29.42245101928711,33.38199996948242,33.4739990234375,33.27199935913086,33.349998474121094,5106500,52.447580745113264,33.399600219726565,33.38290004730224,0.13071821384416182,0.19552681412686163,-0.0648086002826998,43.34988560609975,46.962363023548505,0.004876758642366363,1.137980349161358
IJH,2017-01-23,29.35193634033203,33.301998138427734,33.41999816894531,33.130001068115234,33.34400177001953,10735500,50.89297804581825,33.33519973754883,33.37569999694824,0.11315911857788308,0.17905327501706594,-0.06589415643918287,35.71737024804222,39.847863913855925,-0.002396628306352011,1.1352530332444857
IJH,2017-01-24,29.790874481201172,33.79999923706055,33.895999908447266,33.448001861572266,33.45600128173828,7050500,59.033275201174106,33.4327995300293,33.40329990386963,0.13783901341884786,0.17081042269742233,-0.032971409278574476,56.20853660438206,45.09193081950803,0.01495431632788069,1.1522299662158098
IJH,2017-01-25,30.042943954467773,34.08599853515625,34.11000061035156,33.944000244140625,33.97600173950195,7611500,62.84270600823113,33.55799942016601,33.44239978790283,0.17841905722018225,0.17233214960197432,0.006086907618207932,73.17022011664687,55.03204232302374,0.008461298221563274,1.1619793275797834
IJH,2017-01-26,29.942468643188477,33.97200012207031,34.189998626708984,33.91400146484375,34.11800003051758,10992500,60.43055789786916,33.70839920043945,33.46839981079101,0.1990853827189909,0.17768279622537764,0.021402586493613263,88.82343295772989,72.73406322625296,-0.003344389665392744,1.1580932159252255
IJH,2017-01-27,29.792634963989258,33.801998138427734,34.08000183105469,33.72600173950195,34.02000045776367,5426000,56.921692074850355,33.792398834228514,33.50299968719482,0.1994467571899392,0.18203558841828998,0.01741116877164922,81.12736003540454,81.04033770326045,-0.005004052303927309,1.1522980568999124
IJH,2017-01-30,29.55994415283203,33.53799819946289,33.624000549316406,33.20199966430664,33.61199951171875,8204000,51.88350820995431,33.83959884643555,33.519899559021,0.17639716362793223,0.18090790346021846,-0.004510739832286226,62.425255453161604,77.45868281543203,-0.007810346800089407,1.143298209458455
IJH,2017-01-31,29.644556045532227,33.63399887084961,33.715999603271484,33.32600021362305,33.46799850463867,16676500,53.49544078065921,33.80639877319336,33.54819946289062,0.16398631438224953,0.17752358564462467,-0.013537271262375139,52.329614336368685,65.29407660831163,0.0028623833747023486,1.1465707672455359
IJH,2017-02-01,29.56170654296875,33.540000915527344,33.933998107910156,33.40800094604492,33.83399963378906,6753000,51.67019303993016,33.69719924926758,33.562899589538574,0.1448955122480129,0.17099797096530234,-0.026102458717289445,44.504110950076104,53.08632691320215,-0.0027947628035388528,1.143366373913613
IJH,2017-02-02,29.584623336791992,33.566001892089844,33.70600128173828,33.42599868774414,33.560001373291016,7361000,52.15647056304194,33.61599960327148,33.552099609375,0.13036125215640482,0.16287062720352286,-0.03250937504711804,44.89601731995375,47.243247535466196,0.0007752189065923787,1.1442527331438328
IJH,2017-02-03,29.9918212890625,34.02799987792969,34.0359992980957,33.7760009765625,33.8120002746582,5531000,59.880736132326845,33.661199951171874,33.577499580383304,0.15434295320967095,0.1611650924047525,-0.006822139195081539,56.54889001781667,48.64967276261552,0.013763837640755394,1.1600020419828152
IJH,2017-02-06,29.859607696533203,33.87799835205078,34.0359992980957,33.801998138427734,33.917999267578125,4760000,56.681016716665425,33.729199981689455,33.597099494934085,0.15940720748944415,0.1608135154216908,-0.0014063079322466643,66.42215277218794,55.95568670331948,-0.004408321563902917,1.154888379966971
IJH,2017-02-07,29.757375717163086,33.762001037597656,34.00199890136719,33.69200134277344,33.93199920654297,5355500,54.26616303087428,33.754800415039064,33.62199954986572,0.1523049747039451,0.15911180727814167,-0.006806832574196564,72.41600959390395,65.12901746130287,-0.0034237549404236844,1.1509343251704212
IJH,2017-02-08,29.78206443786621,33.790000915527344,33.81399917602539,33.52199935913086,33.762001037597656,5127500,54.76711988001632,33.80480041503906,33.63709964752197,0.14723848657632743,0.1567371431377788,-0.00949865656145138,64.79152572920297,67.87656269843164,0.0008296672709913189,1.1518892177110756
IJH,2017-02-09,30.07643699645996,34.124000549316406,34.172000885009766,33.790000915527344,33.790000915527344,9590500,60.34686931411117,33.91640014648438,33.6625997543335,0.1682349297805743,0.15903670046633792,0.009198229314236389,72.25740117764492,69.82164550025063,0.0098842227411029,1.1632747473120066
IJH,2017-02-10,30.231563568115234,34.29999923706055,34.36800003051758,34.16600036621094,34.26599884033203,8342000,62.941058185731904,33.97080001831055,33.705999755859374,0.19680770875175568,0.16659090212342148,0.030216806628334203,83.4020205788845,73.48364916191082,0.005157744305734457,1.16927462101596
IJH,2017-02-13,30.31793212890625,34.39799880981445,34.529998779296875,34.38600158691406,34.444000244140625,6958500,64.34001622357411,34.07480010986328,33.74469966888428,0.2247685959858785,0.17822644089591289,0.04654215508996562,92.66733947273114,82.77558707642021,0.0028569002260308007,1.1726151219450325
IJH,2017-02-14,30.402549743652344,34.49399948120117,34.50600051879883,34.25,34.32600021362305,6261500,65.7057551541501,34.22119979858398,33.803799629211426,0.2517719817530235,0.192935549067335,0.0588364326856885,93.83915804968781,89.96950603376784,0.002791008779435167,1.1758879010452794
IJH,2017-02-15,30.492456436157227,34.59600067138672,34.63600158691406,34.39799880981445,34.41600036621094,4736000,67.14553661938866,34.38239974975586,33.86059970855713,0.27819613128050946,0.20998766550996992,0.06820846577053954,94.85332797621942,93.78660849954615,0.0029572089598719487,1.1793652472820555
IJH,2017-02-16,30.467775344848633,34.56800079345703,34.65399932861328,34.39400100708008,34.5880012512207,6238500,66.32240144706914,34.47119979858398,33.92799968719483,0.2934948777560251,0.22668910795918096,0.06680576979684416,96.19232726411822,94.96160443000849,-0.0008094163013815381,1.1784106498256226
IJH,2017-02-17,30.488924026489258,34.59199905395508,34.60200119018555,34.375999450683594,34.465999603271484,6097500,66.6992066570698,34.52959976196289,33.98849964141846,0.30405079531639245,0.24216144543062326,0.06188934988576919,95.53969187530896,95.52844903854889,0.0006941327813159148,1.1792286232875184
IJH,2017-02-21,30.744525909423828,34.88199996948242,34.90399932861328,34.645999908447266,34.6619987487793,10224500,70.93172911470701,34.626399993896484,34.06749973297119,0.33199011093633857,0.2601271785317663,0.07186293240457226,95.97932967429928,95.90378293790884,0.008383434020580616,1.1891146086460294
IJH,2017-02-22,30.645824432373047,34.77000045776367,34.849998474121094,34.667999267578125,34.84199905395508,5987500,67.37037546203936,34.681600189208986,34.11599979400635,0.34116209106059614,0.2763341610375323,0.06482793002306386,94.93150967703336,95.48351040888055,-0.0032103756402542816,1.1852971040729616
IJH,2017-02-23,30.494218826293945,34.597999572753906,34.85200119018555,34.45000076293945,34.849998474121094,5438000,62.20503085244598,34.68199996948242,34.14159984588623,0.3307393599769881,0.28721520082542346,0.043524159151564656,89.10714041861367,93.33932658998212,-0.004947023253156546,1.1794334117372136
IJH,2017-02-24,30.532991409301758,34.641998291015625,34.650001525878906,34.305999755859375,34.369998931884766,5799000,62.98680434935019,34.69679946899414,34.175099754333495,0.3223141623229395,0.2942349931249267,0.028079169198012843,83.27795363540791,89.10553457701833,0.001271473233293019,1.180933029750689
IJH,2017-02-27,30.742773056030273,34.880001068115234,34.880001068115234,34.58399963378906,34.630001068115234,7118500,66.96714090926739,34.75439987182617,34.22899990081787,0.33102610464382565,0.3015932154287065,0.029432889215119162,85.7211995410586,86.03543119836007,0.0068706548898647135,1.1890468130461485
IJH,2017-02-28,30.399024963378906,34.4900016784668,34.79600143432617,34.487998962402344,34.79600143432617,26062500,56.28574076029564,34.67600021362305,34.27660007476807,0.30296826079628403,0.301868224502222,0.0011000362940620234,83.11632986735047,84.03849434793902,-0.01118142764886132,1.1757515721349638
IJH,2017-03-01,30.920801162719727,35.082000732421875,35.14400100708008,34.84000015258789,34.84000015258789,10427000,65.32651609074536,34.738400268554685,34.34900016784668,0.32475798560962943,0.3064461767237035,0.01831180888592593,87.90935061730556,85.5822933419049,0.01716424128633709,1.1959324558118785
IJH,2017-03-02,30.58059310913086,34.69599914550781,35.04399871826172,34.66400146484375,35.04399871826172,7631500,57.042617730907445,34.758000183105466,34.4068000793457,0.3073366122410732,0.30662426382717745,0.0007123484138957803,73.21886944553302,81.41484997672971,-0.011002562701998952,1.1827741339794526
IJH,2017-03-03,30.592937469482422,34.709999084472656,34.7599983215332,34.55400085449219,34.66999816894531,5504500,57.254336355351256,34.771600341796876,34.46399993896485,0.291301780804325,0.30355976722260697,-0.012257986418281963,67.02233398580067,76.05018468287977,0.000403666479178888,1.18325158024978
IJH,2017-03-06,30.407840728759766,34.5,34.55799865722656,34.36199951171875,34.540000915527344,5076500,53.03215869829787,34.69560012817383,34.48759994506836,0.25866713654917106,0.29458124108791983,-0.03591410453874877,44.536740452922835,61.59264796141886,-0.006050309516936636,1.1760925419528645
IJH,2017-03-07,30.229799270629883,34.29800033569336,34.481998443603516,34.2760009765625,34.45199966430664,5419500,49.268458497192114,34.65719985961914,34.508600044250485,0.21403697610201533,0.27847238809073893,-0.0644354119887236,27.317546979159697,46.29220713929442,-0.005855116768008206,1.169206382789747
IJH,2017-03-08,30.08702278137207,34.13600158691406,34.422000885009766,34.125999450683594,34.36000061035156,7294000,46.422985433813324,34.46800003051758,34.52730007171631,0.16370818124961062,0.25551954672251326,-0.09181136547290264,10.493729740018797,27.449339057367126,-0.004723037952704123,1.1636841766692871
IJH,2017-03-09,29.967145919799805,34.0,34.24800109863281,33.86800003051758,34.13999938964844,5671500,44.11925997040873,34.328800201416016,34.537800025939944,0.11156203953165544,0.2267280452843417,-0.11516600575268626,4.6206107273796535,14.143962482186069,-0.003984337780555847,1.1590476658395488
IJH,2017-03-10,30.11345672607422,34.16600036621094,34.263999938964844,33.95199966430664,34.2239990234375,6146500,47.54115094264673,34.220000457763675,34.53990001678467,0.08267763247564375,0.19791796272260212,-0.11524033024695837,11.56052810052278,8.891622855973763,0.004882373739093504,1.1647065697256014
IJH,2017-03-13,30.16281509399414,34.22200012207031,34.310001373291016,34.13399887084961,34.16400146484375,5802000,48.68279002178397,34.16440048217773,34.53600006103515,0.06357242077694991,0.1710488543334717,-0.10747643355652178,20.480663445900692,12.220600757934394,0.0016390801085677253,1.1666156170963569
IJH,2017-03-14,30.044710159301758,34.0880012512207,34.14799880981445,33.89400100708008,34.11399841308594,9353000,46.09762479356532,34.1224006652832,34.52050018310547,0.037190109426411766,0.14427710535205973,-0.10708699592564797,22.77954494722408,18.27357883121587,-0.003915580635439397,1.1620476395770531
IJH,2017-03-15,30.451915740966797,34.54999923706055,34.619998931884766,34.20800018310547,34.257999420166016,8448000,54.975095930785805,34.2052001953125,34.52330017089844,0.05295092864125195,0.12601187000989816,-0.07306094136864622,32.81085573519564,25.357021376106825,0.01355332035176815,1.177797243500257
IJH,2017-03-16,30.418415069580078,34.512001037597656,34.65999984741211,34.46200180053711,34.604000091552734,9815000,54.18466239588974,34.30760040283203,34.519100189208984,0.061664524038853585,0.11314240081568926,-0.05147787677683567,40.38663142957365,31.99234403733114,-0.0011001170393247772,1.1765015286838127
IJH,2017-03-17,30.44662094116211,34.54399871826172,34.63800048828125,34.4640007019043,34.59600067138672,7647000,54.77435314364682,34.383200073242186,34.51790008544922,0.07034120693565882,0.10458216203968318,-0.03424095510402436,52.298781848911,41.83208967122678,0.0009272630252927794,1.1775924550505616
IJH,2017-03-20,30.323223114013672,34.40399932861328,34.56999969482422,34.332000732421875,34.54800033569336,5048500,51.64242101229972,34.41959991455078,34.50850009918213,0.06516952619127636,0.09669963487000183,-0.031530108678725466,48.48478506967697,47.05673278272056,-0.004052923553878207,1.172819762852618
IJH,2017-03-21,29.713308334350586,33.71200180053711,34.54600143432617,33.709999084472656,34.54199981689453,8647000,39.59192789672869,34.344400024414064,34.45000019073486,0.005172884893262619,0.078394284874654,-0.07322139998139138,31.71140805223681,44.164991656941616,-0.020113784651777933,1.1492299187072512
IJH,2017-03-22,29.77500343322754,33.78200149536133,33.8120002746582,33.560001373291016,33.6879997253418,8001500,41.08943099449181,34.190800476074216,34.40060024261474,-0.0363079596692657,0.055453835965870064,-0.09176179563513576,20.218789445998695,33.471660855970846,0.0020763456624461885,1.1516161172641124
IJH,2017-03-23,29.857858657836914,33.875999450683594,34.09400177001953,33.694000244140625,33.79399871826172,9378500,43.128239195994695,34.06360015869141,34.36450023651123,-0.060895018549594226,0.032184065062777205,-0.09307908361237144,15.79244123210796,22.57421291011451,0.0027827108331048844,1.1548207319092014
IJH,2017-03-24,29.824954986572266,33.731998443603516,33.97999954223633,33.62200164794922,33.875999450683594,10983500,40.7987443314848,33.90120010375976,34.319000244140625,-0.09095168326792447,0.0075569153966368735,-0.09850859866456134,20.954438001857724,18.988556226654815,-0.001102010416812349,1.1535481074330867
IJH,2017-03-27,29.78606414794922,33.6879997253418,33.736000061035156,33.316001892089844,33.42599868774414,9879500,40.08629315626792,33.758000183105466,34.25940017700195,-0.11697373505082709,-0.01734921469285592,-0.09962452035797117,24.01390303514593,20.253594089703892,-0.0013039697340886391,1.1520439156141786
IJH,2017-03-28,30.012409210205078,33.944000244140625,34.0099983215332,33.577999114990234,33.597999572753906,7637000,45.995433420337015,33.80439987182617,34.232100105285646,-0.11560665463409237,-0.03700070268110321,-0.07860595195298915,30.013570086199636,24.99397037440112,0.0075990255419979835,1.1607983267544342
IJH,2017-03-29,30.120271682739258,34.066001892089844,34.082000732421875,33.8120002746582,33.944000244140625,6370500,48.59734876995015,33.861199951171876,34.18130016326904,-0.10348580028732357,-0.05029772220234729,-0.05318807808497628,43.40274919746481,32.476740772936814,0.0035939291570603604,1.1649701537064239
IJH,2017-03-30,30.267053604125977,34.231998443603516,34.262001037597656,34.03200149536133,34.04999923706055,9534000,51.98688742942023,33.93239974975586,34.15810012817383,-0.07956818892295558,-0.05615181554646895,-0.023416373376486638,56.894801426350774,43.437040236671756,0.004873193805580156,1.1706472790431517
IJH,2017-03-31,30.27766227722168,34.24399948120117,34.39400100708008,34.183998107910156,34.257999420166016,10189000,52.232129720521385,34.03479995727539,34.13480014801026,-0.058965211904073556,-0.05671449481798987,-0.002250717086083688,64.33527001418214,54.877606879332596,0.0003505023394234641,1.171057593653096
IJH,2017-04-03,30.120271682739258,34.066001892089844,34.36000061035156,33.895999908447266,34.3120002746582,13202000,48.29216622906358,34.110400390625,34.11310024261475,-0.05635054799326866,-0.05664170545304563,0.0002911574597769667,64.33527001418214,61.85511381823838,-0.005198241298861039,1.1649701537064237
IJH,2017-04-04,30.065458297729492,34.00400161743164,34.099998474121094,33.93000030517578,34.018001556396484,14702500,46.963311957231255,34.1224006652832,34.09840030670166,-0.05860574150604947,-0.0570345126636464,-0.0015712288424030718,58.68057822270032,62.450372750354894,-0.0018198170848896522,1.162850121117322
IJH,2017-04-05,29.84440803527832,33.75400161743164,34.30799865722656,33.7239990234375,34.19599914550781,8789500,41.950629119637135,34.060000610351565,34.07930030822754,-0.07964777925531052,-0.06155716598197923,-0.018090613273331294,46.7086077076159,56.57481864816614,-0.007352299780770899,1.1543004984267617
IJH,2017-04-06,30.09551239013672,34.03799819946289,34.09000015258789,33.67599868774414,33.80400085449219,7031000,48.655128695671145,34.021200561523436,34.081200218200685,-0.07257104126998826,-0.06375994103958105,-0.00881110023040721,47.29924359673024,50.89614317568218,0.008413782393055902,1.1640125316367205
IJH,2017-04-07,30.067232131958008,34.00600051879883,34.125999450683594,33.875999450683594,33.948001861572266,6557000,47.98270402508818,33.97360076904297,34.07320022583008,-0.06875208955360534,-0.06475837074238591,-0.003993718811219432,48.93488912033027,47.64758014155883,-0.0009396835585354646,1.1629187281988123
IJH,2017-04-10,30.12735366821289,34.07400131225586,34.257999420166016,33.92599868774414,34.013999938964844,6676000,49.577551332593345,33.97520065307617,34.06580028533936,-0.059551969049287834,-0.0637170904037663,0.004165121354478468,61.32947900719633,52.521203908085646,0.001999570029958875,1.1652440656349965
IJH,2017-04-11,30.313039779663086,34.284000396728516,34.28799819946289,33.875999450683594,34.00600051879883,11050000,54.24322976978895,34.03120040893555,34.07560024261475,-0.034913178792528754,-0.0579563080815188,0.023043129288990043,72.0695754668668,60.77798119813116,0.006163372777281406,1.1724258991880199
IJH,2017-04-12,29.952287673950195,33.875999450683594,34.25600051879883,33.84000015258789,34.25600051879883,7780000,45.44482804296024,34.055599975585935,34.0419002532959,-0.04775849632381579,-0.0559167457299782,0.008158249406162409,70.68637477249216,68.02847641551845,-0.01190088847357762,1.1584729893182493
IJH,2017-04-13,29.60746192932129,33.486000061035156,33.89400100708008,33.486000061035156,33.827999114990234,10715500,38.94249178472664,33.94520034790039,33.990600204467775,-0.08838929759436809,-0.06241125610285618,-0.025978041491511908,52.50450297426315,65.08681773787406,-0.011512501094492533,1.145136067760783
IJH,2017-04-17,29.959352493286133,33.88399887084961,33.89799880981445,33.487998962402344,33.56999969482422,6863500,47.23908518413662,33.920800018310544,33.95760021209717,-0.08746606820468372,-0.0674222185232217,-0.020043849681462028,37.18335930797162,53.45807901824233,0.011885198562608057,1.158746237307324
IJH,2017-04-18,29.971731185913086,33.89799880981445,33.93199920654297,33.66600036621094,33.784000396728516,6935000,47.50927709102385,33.885599517822264,33.93230018615723,-0.08462917177733686,-0.07086360917404473,-0.013765562603292134,34.99215802256509,41.560006768266646,0.00041318291607694846,1.1592250114566478
IJH,2017-04-19,30.024789810180664,33.95800018310547,34.16600036621094,33.91400146484375,34.00199890136719,6514500,48.7213161636986,33.82039947509766,33.944600105285645,-0.07665566278366498,-0.07202201989596879,-0.004633642887696188,47.06300825816678,39.746175196234525,0.0017702889412178902,1.1612771746748127
IJH,2017-04-20,30.321866989135742,34.29399871826172,34.34000015258789,34.007999420166016,34.071998596191406,6267500,54.9890826464329,33.90399932861328,33.97019996643066,-0.042731740821359665,-0.06616396408104697,0.0234322232596873,62.114381981876,48.05651608753598,0.00989439662469671,1.1727673116322526
IJH,2017-04-21,30.247594833374023,34.209999084472656,34.310001373291016,34.13199996948242,34.257999420166016,7313500,53.23715772366018,34.04879913330078,33.98689994812012,-0.02236702356545095,-0.057404575977927766,0.035037552412476816,74.60208216226111,61.25982413410133,-0.002449458530648152,1.1698946667363097
IJH,2017-04-24,30.622480392456055,34.63399887084961,34.70000076293945,34.52000045776367,34.65999984741211,5425000,60.14028842946031,34.19879913330078,34.03199996948242,0.027666478879545764,-0.04039036500643306,0.06805684388597882,88.79572744161612,75.17073052858444,0.012393896478287925,1.1843942201263407
IJH,2017-04-25,30.792247772216797,34.82600021362305,34.9739990234375,34.79600143432617,34.84400177001953,9496000,62.817065305828905,34.3843994140625,34.08889999389648,0.0818675753311453,-0.01593877693891739,0.0978063522700627,89.15149175745171,84.18310045377633,0.005543880756392339,1.1909603604512813
IJH,2017-04-26,30.799314498901367,34.83399963378906,35.013999938964844,34.762001037597656,34.79999923706055,8753000,62.92876551708079,34.55959930419922,34.133399963378906,0.12403798840098545,0.012056576129063181,0.11198141227192228,90.94566161389366,89.6309602709872,0.00022949694146556787,1.1912336822114116
IJH,2017-04-27,30.827619552612305,34.86600112915039,34.97800064086914,34.757999420166016,34.90599822998047,4726000,63.402417302535696,34.67399978637695,34.173399925231934,0.15821677333180872,0.041288615569612296,0.11692815776219642,89.52930803636565,89.8754871359037,0.0009190157044549618,1.1923284446730396
IJH,2017-04-28,30.51992416381836,34.518001556396484,34.917999267578125,34.518001556396484,34.900001525878906,13100000,55.15033737904416,34.735600280761716,34.18770008087158,0.15543133380342766,0.06411715921637537,0.0913141745870523,82.02448596450932,87.49981853825625,-0.009981159533541506,1.1804276242503786
IJH,2017-05-01,30.62955665588379,34.641998291015625,34.77000045776367,34.42399978637695,34.64400100708008,5083000,57.28371299164965,34.73720016479492,34.2076000213623,0.1613691895408067,0.08356756528126164,0.07780162425954507,77.83597466188665,83.12992288758723,0.0035921613525959906,1.1846679107417475
IJH,2017-05-02,30.55883026123047,34.5620002746582,34.73400115966797,34.4900016784668,34.66400146484375,5619000,55.451095082786324,34.684400177001955,34.23239994049072,0.15780078245136764,0.09841420871528284,0.0593865737360848,71.20419283862098,77.02155115500568,-0.002309089728196656,1.1819324062377294
IJH,2017-05-03,30.442115783691406,34.43000030517578,34.540000915527344,34.29600143432617,34.47800064086914,6423500,52.468341353299316,34.603600311279294,34.25369987487793,0.14267681030062818,0.1072667290323519,0.03541008126827627,69.28444462197545,72.7748707074944,-0.003819337210925089,1.1774182078177875
IJH,2017-05-04,30.39791488647461,34.380001068115234,34.45399856567383,34.15599822998047,34.45000076293945,6928500,51.34178616070004,34.50640029907227,34.28499984741211,0.12521305468710153,0.11085599416330183,0.014357060523799703,63.550855704426,68.01316438834084,-0.0014519653473126226,1.175708637380741
IJH,2017-05-05,30.65785026550293,34.67399978637695,34.678001403808594,34.37200164794922,34.50400161743164,4427500,57.165683638660184,34.53759994506836,34.31679992675781,0.13355658488328004,0.11539611230729747,0.018160472575982564,65.00370936562557,65.94633656400903,0.008551092402195648,1.1857622305770432
IJH,2017-05-08,30.530536651611328,34.529998779296875,34.68000030517578,34.40399932861328,34.625999450683594,8413000,53.770918091403075,34.51520004272461,34.34299983978271,0.12708426655328253,0.11773374315649449,0.009350523396788046,63.076945337249335,63.87717013576699,-0.004152724760185134,1.1808380864024335
IJH,2017-05-09,30.46333122253418,34.45399856567383,34.59600067138672,34.358001708984375,34.56999969482422,16673500,52.015263196092675,34.49359970092773,34.361999702453616,0.11450241302505759,0.11708747713020712,-0.002585064105149526,58.370383506243535,62.15034606970618,-0.0022012527930327375,1.1782387632666207
IJH,2017-05-10,30.64547348022461,34.65999984741211,34.70199966430664,34.38800048828125,34.41400146484375,8028500,56.190663940931,34.539599609375,34.38079967498779,0.11977311535072488,0.11762460477431068,0.0021485105764142004,53.3992185235717,58.28218245568822,0.005979065662907512,1.1852835301987747
IJH,2017-05-11,30.468645095825195,34.459999084472656,34.58000183105469,34.19599914550781,34.560001373291016,6360500,51.50480503059676,34.555599212646484,34.40999965667724,0.10658317038164,0.11541631789577655,-0.008833147514136552,46.54302882668171,52.77087695216568,-0.00577013060390541,1.1784442894268699
IJH,2017-05-12,30.323637008666992,34.29600143432617,34.38800048828125,34.22800064086914,34.38399887084961,4020000,47.97212231907348,34.47999954223633,34.4504997253418,0.08195211125877933,0.10872347656837712,-0.026771365309597797,37.20418518051634,45.71547751025661,-0.004759256169814763,1.172835771171632
IJH,2017-05-15,30.528762817382812,34.52799987792969,34.6619987487793,34.402000427246094,34.40999984741211,5269500,52.894353257151685,34.47959976196289,34.4826997756958,0.08022734407096266,0.10302425006889424,-0.022796905997931577,31.70179026616871,38.483001424455615,0.006764551648510864,1.1807694793209436
IJH,2017-05-16,30.509315490722656,34.50600051879883,34.59199905395508,34.29999923706055,34.5880012512207,4716000,52.38821505470171,34.49000015258789,34.51309986114502,0.07620682438835047,0.09766076493278548,-0.021453940544435016,34.08444511227522,34.330140186320115,-0.0006370165334405042,1.1800173096404343
IJH,2017-05-17,29.872711181640625,33.7859992980957,34.220001220703125,33.77199935913086,34.077999114990234,10753000,39.17572357429953,34.31520004272461,34.50449981689453,0.014752395926926454,0.08107909113161368,-0.06632669520468723,29.05253777151926,31.61292438332109,-0.020865899442274016,1.1553951871173342
IJH,2017-05-18,29.909835815429688,33.827999114990234,33.948001861572266,33.57600021362305,33.72200012207031,9026000,40.124360727167726,34.18880004882813,34.48119983673096,-0.03021336628832927,0.0588205996476251,-0.08903396593595436,21.635431852709075,28.257471578834544,0.0012427607779998961,1.1568310669389734
IJH,2017-05-19,30.212236404418945,34.16999816894531,34.30400085449219,33.86800003051758,33.900001525878906,5248000,47.32819292269865,34.16359939575195,34.47919979095459,-0.03781666438889175,0.039493146840321736,-0.07730981122921349,24.54072829391527,25.07623263938123,0.010110406183950316,1.168527098911939
IJH,2017-05-22,30.3519344329834,34.327999114990234,34.37799835205078,34.22200012207031,34.257999420166016,4984500,50.303027516438334,34.123599243164065,34.463899803161624,-0.03073864111492952,0.025446789249271483,-0.056185430364201004,46.39518818725486,30.857116111293095,0.004623889032723927,1.1739302385490387
IJH,2017-05-23,30.412057876586914,34.395999908447266,34.49599838256836,34.209999084472656,34.43199920654297,4411500,51.57077028640169,34.10159912109375,34.44239978790283,-0.019418318660250122,0.016473767667367165,-0.035892086327617284,63.63476599393878,44.85689415836966,0.0019808768280080713,1.1762556497562784
IJH,2017-05-24,30.504009246826172,34.5,34.55400085449219,34.34400177001953,34.43000030517578,3932000,53.523486688891374,34.24439926147461,34.42569980621338,-0.002031525175475224,0.012772709098798688,-0.014804234274273912,73.88986383172863,61.30660600430745,0.003023516876510035,1.1798120785644068
IJH,2017-05-25,30.546459197998047,34.54800033569336,34.7239990234375,34.49800109863281,34.597999572753906,5183000,54.4366377201389,34.38839950561523,34.40979976654053,0.015442844364208952,0.013306736151880742,0.00213610821232821,79.8512215052029,72.45861711029013,0.0013916187484861453,1.1814539271726274
IJH,2017-05-26,30.472177505493164,34.4640007019043,34.540000915527344,34.395999908447266,34.513999938964844,4566000,52.49294411016511,34.447200012207034,34.40709972381592,0.022256777412252404,0.015096744403955075,0.0071600330082973295,81.36051296322107,78.36719943338424,-0.002431761142049238,1.1785809134214076
IJH,2017-05-30,30.37492561340332,34.354000091552734,34.5,34.27000045776367,34.41999816894531,3874000,49.976403745151636,34.45240020751953,34.392699813842775,0.01856671299264434,0.01579073812169293,0.002775974870951412,76.59707384503939,79.26960277115448,-0.0031914979516088904,1.174819474850418
IJH,2017-05-31,30.385528564453125,34.36600112915039,34.4640007019043,34.02399826049805,34.448001861572266,5294000,50.25659005249687,34.44640045166015,34.382899856567384,0.01642139813615273,0.01591687012458489,0.000504528011567841,71.31253855960692,76.42337512262249,0.00034906920216881687,1.1752295681471963
IJH,2017-06-01,30.868288040161133,34.9119987487793,34.9119987487793,34.380001068115234,34.487998962402344,7572500,60.96805414239256,34.52880020141602,34.40699977874756,0.0581088231262612,0.024355260724920155,0.033753562401341045,78.86185885827011,75.59049042097216,0.015887809049758284,1.1939013911155487
IJH,2017-06-02,30.907190322875977,34.95600128173828,35.125999450683594,34.849998474121094,34.9739990234375,6199500,61.684137369815225,34.610400390625,34.435799789428714,0.09361787584030168,0.038207783747996465,0.05541009209230521,85.94928430102225,78.70789390629979,0.001260266933632126,1.195406025560789
IJH,2017-06-05,30.792247772216797,34.82600021362305,35.0,34.80400085449219,34.97600173950195,8182500,58.28214930981375,34.68280029296875,34.443399810791014,0.11000103277982731,0.052566433554362635,0.05743459922546468,89.892523928008,84.90122236243347,-0.0037189582572345614,1.1909603604512817
IJH,2017-06-06,30.686141967773438,34.70600128173828,34.821998596191406,34.555999755859375,34.672000885009766,4033500,55.252936420148906,34.75320053100586,34.452199935913086,0.1120107021088188,0.06445528726525387,0.04755541484356493,80.86030079518018,85.56736967473684,-0.0034458609591696554,1.1868564766412841
IJH,2017-06-07,30.65961456298828,34.67599868774414,34.81999969482422,34.61399841308594,34.715999603271484,3357500,54.490365801196425,34.81520004272461,34.463299942016604,0.10991538480170249,0.07354730677254359,0.036368078029158896,74.83873667008758,81.86385379775861,-0.0008644750719400962,1.185830468803257
IJH,2017-06-08,30.926645278930664,34.97800064086914,35.07400131225586,34.619998931884766,34.694000244140625,3856500,60.41297646312319,34.828400421142575,34.479199981689455,0.13111248135108866,0.0850603416882526,0.046052139662836056,77.3687974431051,77.68927830279098,0.00870952618774079,1.19615849032552
IJH,2017-06-09,31.03982925415039,35.10599899291992,35.32600021362305,34.93199920654297,35.029998779296875,8350000,62.63261306858967,34.85839996337891,34.51149997711182,0.15643642859638618,0.09933555906987931,0.057100869526506864,80.7686373019783,77.65872380505702,0.0036597559870754637,1.20053613852198
IJH,2017-06-12,31.084022521972656,35.15599822998047,35.21799850463867,34.992000579833984,35.11000061035156,5765000,63.49368747148321,34.92439956665039,34.554499816894534,0.17848291980939734,0.11516503121778293,0.06331788859161441,86.0937550261121,81.41039659039853,0.0014237600168613973,1.2022454138748047
IJH,2017-06-13,31.282075881958008,35.380001068115234,35.40999984741211,35.172000885009766,35.23400115966797,4072500,67.14632618562841,35.059199523925784,34.59709987640381,0.21159099067011766,0.1344502231082499,0.07714076756186777,89.29382338711372,85.3854052384014,0.006371548593665732,1.2099055789508197
IJH,2017-06-14,31.12823486328125,35.20600128173828,35.41600036621094,35.060001373291016,35.41600036621094,3955000,61.960328268903574,35.16520004272461,34.63209991455078,0.22123874424693923,0.15180792733598777,0.06943081691095146,89.89750055948026,88.42835965756872,-0.004917864762468804,1.2039554269381831
IJH,2017-06-15,30.990299224853516,35.04999923706055,35.13199996948242,34.85200119018555,34.93600082397461,4495500,57.660466513927986,35.17959976196289,34.69529991149902,0.21383167873600684,0.1642126776159916,0.049619001120015244,85.48544176386868,88.22558857015424,-0.004431206556798517,1.1986204517562415
IJH,2017-06-16,30.97437858581543,35.03200149536133,35.05400085449219,34.84400177001953,35.03200149536133,5482500,57.167561925448126,35.16480026245117,34.75550003051758,0.20415587674732194,0.17220131744225767,0.03195455930506427,77.01155095161754,84.1314977583222,-0.0005137297617738845,1.1980046847571035
IJH,2017-06-19,31.174211502075195,35.257999420166016,35.29600143432617,35.11600112915039,35.15800094604492,3694000,61.605899459864496,35.18520050048828,34.80990009307861,0.2122768819913432,0.1802164303520748,0.032060451639268406,78.25671521811613,80.25123597786747,0.006451555297747769,1.2057336782277748
IJH,2017-06-20,30.83469581604004,34.874000549316406,35.16999816894531,34.869998931884766,35.15800094604492,3858500,51.786702543392174,35.08400039672851,34.83720016479492,0.185587994613428,0.18129074320434543,0.004297251409082575,69.58222345263235,74.95016320745538,-0.010890914947842556,1.1926021352884466
IJH,2017-06-21,30.647247314453125,34.6619987487793,34.97600173950195,34.630001068115234,34.948001861572266,4539000,47.30394440342224,34.97519989013672,34.85050010681152,0.1456511102190703,0.17416281660729044,-0.028511706388220148,49.55273665089049,65.79722510721301,-0.006079142233321622,1.1853521372802651
IJH,2017-06-22,30.693218231201172,34.7140007019043,34.801998138427734,34.54399871826172,34.667999267578125,3381000,48.48196034497618,34.90800018310547,34.861200141906735,0.11684999066971358,0.16270025141977507,-0.04585026075006149,26.50147964671901,48.545479916747304,0.00150000149365348,1.187130167256691
IJH,2017-06-23,30.8134708404541,34.849998474121094,34.95199966430664,34.6619987487793,34.757999420166016,3726500,51.53345056529716,34.87159957885742,34.87630004882813,0.10380221227460851,0.15092064359074175,-0.04711843131613325,22.304235943751028,32.7861507471202,0.003917888582002371,1.1917812109843364
IJH,2017-06-26,30.935487747192383,34.987998962402344,35.09400177001953,34.84199905395508,34.96799850463867,5617500,54.47983870601179,34.81759948730469,34.902499961853025,0.10340524863963196,0.1414175646005198,-0.03801231596088783,35.16820508333697,27.991306891269033,0.003959855978901583,1.1965004929381953
IJH,2017-06-27,30.67853546142578,34.577999114990234,34.93000030517578,34.577999114990234,34.86000061035156,16423500,45.6086326977385,34.758399200439456,34.9136999130249,0.06920928931850057,0.12697590954411597,-0.057766620225615406,29.96937748807909,29.147272838389057,-0.008306068676415923,1.1865622776724851
IJH,2017-06-28,31.026342391967773,34.970001220703125,35.082000732421875,34.75600051879883,34.77399826049805,22290000,53.41859324089802,34.81999969482422,34.943899917602536,0.072899696695643,0.11616066697442139,-0.043260970278778385,34.55662977383087,33.23140411508234,0.011337142575769787,1.2000145033894882
IJH,2017-06-29,30.836475372314453,34.75600051879883,35.05799865722656,34.470001220703125,35.01599884033203,19240500,49.26019153049616,34.828399658203125,34.936100006103516,0.05788899466889319,0.10450633251331576,-0.04661733784442257,27.661679202592612,30.729228821500886,-0.006119542460231275,1.192670963683103
IJH,2017-06-30,30.866647720336914,34.790000915527344,34.95000076293945,34.74399948120117,34.83599853515625,10863500,49.92713633458022,34.816400146484376,34.927799987792966,0.048181051855124224,0.09324127638167745,-0.04506022452655323,37.63751789469383,33.28527562370579,0.0009784629293123626,1.1938379480079342
IJH,2017-07-03,31.07424545288086,35.02399826049805,35.150001525878906,34.91600036621094,34.933998107910156,7893000,54.37223956437313,34.82360000610352,34.93769989013672,0.05869249680660715,0.0863315204666634,-0.027639023660056244,40.87375195573979,35.39098301767544,0.006725632612418986,1.2018672634449996
IJH,2017-07-05,30.973098754882812,34.90999984741211,35.029998779296875,34.79800033569336,34.970001220703125,8902000,51.95255426580104,34.89000015258789,34.94789981842041,0.05716520851039064,0.08049825807540886,-0.02333304956501822,48.552443238448156,42.35457102962729,-0.0032550009348230047,1.1979551843789529
IJH,2017-07-06,30.58272933959961,34.470001220703125,34.816001892089844,34.44200134277344,34.77399826049805,7208500,43.84265107752524,34.79000015258789,34.93759994506836,0.020217554198843857,0.06844211730009586,-0.048224563101252005,38.36978894058367,42.598661378257226,-0.012603498874056429,1.1828567575614626
IJH,2017-07-07,30.89501953125,34.821998596191406,34.85200119018555,34.50400161743164,34.555999755859375,4506500,50.49980316487221,34.803199768066406,34.92979984283447,0.01911912502847457,0.05857751884577161,-0.03945839381729704,33.68113990441554,40.201124027815816,0.010211325097332802,1.1949352924564995
IJH,2017-07-10,30.83115005493164,34.75,34.89400100708008,34.694000244140625,34.7599983215332,3372000,49.21467688031958,34.79519958496094,34.91199989318848,0.012297172848057869,0.049321449646228865,-0.037024276798170996,30.027508974089812,34.02614593969636,-0.002067306552557935,1.1924649948965216
IJH,2017-07-11,30.866647720336914,34.790000915527344,34.83599853515625,34.5359992980957,34.75,5332500,49.976338693310645,34.748400115966795,34.89370002746582,0.010003156021163306,0.04145779092121576,-0.03145463490005245,45.318774119505974,36.34247433267047,0.0011513571612484785,1.1938379480079337
IJH,2017-07-12,31.070690155029297,35.02000045776367,35.2239990234375,34.95199966430664,34.9739990234375,3541500,54.22716623630116,34.77040023803711,34.87569999694824,0.026439395141210298,0.03845411176521467,-0.01201471662400437,55.12443704932105,43.49024004763897,0.0066104501059227605,1.2017297541977974
IJH,2017-07-13,31.102636337280273,35.055999755859375,35.08000183105469,34.869998931884766,35.0359992980957,5112000,54.873536040434814,34.88759994506836,34.8681999206543,0.04188722569428194,0.03914073455102812,0.0027464911432538153,67.1940909412544,55.87910070336051,0.001028177426751098,1.2029653456041187
IJH,2017-07-14,31.212648391723633,35.18000030517578,35.3120002746582,35.04600143432617,35.04600143432617,4875500,57.11971906592547,34.95920028686523,34.87469997406006,0.06340466125033828,0.04399351989089016,0.019411141359448117,79.08579153185039,67.13477317414198,0.003537065258725214,1.2072203125355054
IJH,2017-07-17,31.267663955688477,35.242000579833984,35.30799865722656,35.08000183105469,35.19200134277344,2860500,58.23900077324044,35.05760040283203,34.88519992828369,0.08448638154476384,0.0520920922216649,0.03239428932309894,85.09942441956632,77.1264356308904,0.0017626048028476227,1.2093481648564757
IJH,2017-07-18,31.173620223999023,35.13600158691406,35.20199966430664,35.0099983215332,35.17599868774414,4734500,55.56843804993552,35.126800537109375,34.8791000366211,0.09158483098359937,0.059990639974051796,0.03159419100954758,85.51728673842983,83.23416756328221,-0.0030076993223008275,1.205710809200611
IJH,2017-07-19,31.485919952392578,35.487998962402344,35.512001037597656,35.16999816894531,35.189998626708984,3021500,61.82815119926235,35.22040023803711,34.90979995727539,0.12418215515857156,0.07282894301095576,0.051353212147615804,89.82703463020852,86.81458192940158,0.010018077019913418,1.217789712950925
IJH,2017-07-20,31.46463394165039,35.4640007019043,35.54199981689453,35.39799880981445,35.5260009765625,4150000,61.19514950443636,35.30200042724609,34.94990005493164,0.1463917968495636,0.08754151377867733,0.05885028307088627,90.14540574366231,88.49657570410024,-0.0006760485567635088,1.216966427973043
IJH,2017-07-21,31.375890731811523,35.36399841308594,35.47600173950195,35.24599838256836,35.44599914550781,4219500,58.50707170057118,35.338800048828126,34.98239994049072,0.1541468401279431,0.10086257904853049,0.053284261079412615,91.49466934770032,90.48903657385706,-0.0028204113228660344,1.21353408208004
IJH,2017-07-24,31.436233520507812,35.43199920654297,35.45800018310547,35.29199981689453,35.36399841308594,3278000,59.80018798357292,35.376799774169925,35.01149997711182,0.16389063430982276,0.11346819010078896,0.0504224442090338,88.90904130744883,90.18303879960384,0.001923221533759012,1.215867976958647
IJH,2017-07-25,31.718372344970703,35.75,35.810001373291016,35.54199981689453,35.63199996948242,13869000,65.2536423912485,35.49959945678711,35.0496000289917,0.19502454621744647,0.12977946132412047,0.065245084893326,89.81063239758761,90.07144768424563,0.008974956375700449,1.226780339010462
IJH,2017-07-26,31.430906295776367,35.42599868774414,35.75600051879883,35.41400146484375,35.74800109863281,6434000,56.79906167768519,35.48719940185547,35.092000007629395,0.19134845176320425,0.14209325941193723,0.04925519235126702,85.4036326013866,88.04110210214105,-0.009063076946945414,1.2156619344010102
IJH,2017-07-27,31.338638305664062,35.321998596191406,35.5,35.13999938964844,35.465999603271484,4015000,54.36421256212426,35.45879898071289,35.109599876403806,0.1779914080439866,0.1492728891383471,0.028718518905639506,75.96875299441977,83.72767266446469,-0.002935581597426129,1.2120932595976912
IJH,2017-07-28,31.17894744873047,35.141998291015625,35.284000396728516,35.06399917602539,35.25,2845000,50.34182381478075,35.414398956298825,35.12889976501465,0.15113909693321403,0.1496461306973205,0.0014929662358935392,59.952962216926544,73.77511593757767,-0.005095653977560732,1.2059168517582477
IJH,2017-07-31,31.139888763427734,35.097999572753906,35.262001037597656,35.007999420166016,35.220001220703125,5799500,49.38004786511029,35.347599029541016,35.14429969787598,0.12486870931348193,0.1446906464205528,-0.019821937107070864,44.50572620559158,60.14248047231266,-0.0012527262303181352,1.2044061680864675
IJH,2017-08-01,31.21975326538086,35.1879997253418,35.257999420166016,35.071998596191406,35.2400016784668,3419500,51.424378954476275,35.235198974609375,35.152499771118165,0.11004299090829761,0.13776111531810176,-0.027718124409804146,35.21722352539251,46.55863731597024,0.002564700939038822,1.207495109716743
IJH,2017-08-02,31.001497268676758,34.94200134277344,35.172000885009766,34.810001373291016,35.11800003051758,4332000,45.96064766365265,35.13839950561523,35.15409984588623,0.07754954578872741,0.12571880141222688,-0.04816925562349947,23.761701686035053,34.494883805673076,-0.006990958411773329,1.1990535616222935
IJH,2017-08-03,30.90212059020996,34.83000183105469,34.9900016784668,34.76599884033203,34.95800018310547,4360000,43.68491953267401,35.04000015258789,35.172099876403806,0.04227352892500846,0.1090297469147832,-0.06675621798977474,17.720106840495106,25.566344017307586,-0.0032055444808211098,1.1952099420956261
IJH,2017-08-04,30.994396209716797,34.933998107910156,34.97600173950195,34.83599853515625,34.90599822998047,2774000,46.34171062698029,34.998400115966795,35.17769985198974,0.022449873650742802,0.09171377226197513,-0.06926389861123233,11.807460522239522,17.763089682923255,0.002986061077506319,1.1987789119831664
IJH,2017-08-07,30.989070892333984,34.928001403808594,35.04199981689453,34.847999572753906,34.99800109863281,4174500,46.20634331346929,34.96440048217774,35.18659992218018,0.006184311229453954,0.0746078800554709,-0.06842356882601694,12.579944630997138,14.035837331243949,-0.00017181549034794852,1.1985729431965852
IJH,2017-08-08,30.923418045043945,34.854000091552734,35.1619987487793,34.801998138427734,34.93600082397461,3196000,44.479652343356456,34.89760055541992,35.18979988098145,-0.012533078098002193,0.05717968842477628,-0.06971276652277847,13.346170757225309,12.577858636820684,-0.0021185806931139917,1.1960336696998402
IJH,2017-08-09,30.712270736694336,34.61600112915039,34.720001220703125,34.50400161743164,34.70000076293945,4826000,39.38240636070741,34.832400512695315,35.16959991455078,-0.046040544479552636,0.036535641843910505,-0.08257618632346314,10.840811881129325,12.255642423117285,-0.006828071464869967,1.187867066328739
IJH,2017-08-10,30.220745086669922,34.0620002746582,34.507999420166016,34.055999755859375,34.49800109863281,4574500,30.59367938038922,34.67880020141602,35.119899940490725,-0.11596195474390925,0.0060361225263465546,-0.1219980772702558,5.782363629333955,9.989782089229559,-0.016004210637448946,1.1688561915899254
IJH,2017-08-11,30.28816795349121,34.13800048828125,34.178001403808594,33.95399856567383,34.02199935913086,3600500,32.80893729159832,34.51960067749023,35.067799949645995,-0.1633594875709079,-0.027842999493104342,-0.13551648807780356,6.277251470527986,7.6334756603304506,0.0022310127241378375,1.1714639246260499
IJH,2017-08-14,30.634174346923828,34.52799987792969,34.599998474121094,34.28799819946289,34.34000015258789,3304000,42.88339063965535,34.43960037231445,35.032099914550784,-0.1675215977332556,-0.055778719141134595,-0.111742878592121,14.036506875681956,8.698707325181326,0.011423813878869371,1.1848465104667878
IJH,2017-08-15,30.47270965576172,34.34600067138672,34.56999969482422,34.3380012512207,34.56800079345703,3130000,39.878433250227005,34.33800048828125,34.99259986877441,-0.18339188743956925,-0.08130135280082154,-0.1020905346387477,22.374428526421184,14.229395624210403,-0.005270737488582644,1.1786014955458541
IJH,2017-08-16,30.550779342651367,34.433998107910156,34.57400131225586,34.38999938964844,34.42599868774414,4635500,41.99484894514945,34.3015998840332,34.9398998260498,-0.1867162005359262,-0.10238432234784248,-0.08433187818808371,31.099848447711054,22.503594616604758,0.0025619542131818385,1.1816210186130303
IJH,2017-08-17,30.01844596862793,33.83399963378906,34.444000244140625,33.83399963378906,34.34000015258789,4422500,33.36936557474463,34.25599975585938,34.85839977264404,-0.23505602553520788,-0.12891866298531557,-0.10613736254989231,20.482003643483985,24.652093539205435,-0.01742454318604758,1.1610318121446659
IJH,2017-08-18,29.958112716674805,33.76599884033203,33.9379997253418,33.65800094604492,33.73400115966797,4345500,32.55328918606991,34.18159942626953,34.77849979400635,-0.2756749713741087,-0.1582699246630742,-0.11740504671103447,14.28000542974398,21.9539525069797,-0.0020098725968752396,1.158698286121336
IJH,2017-08-21,29.965208053588867,33.77399826049805,33.821998596191406,33.650001525878906,33.715999603271484,10471500,32.76160842992907,34.030799102783206,34.695599746704104,-0.30371920629021787,-0.18735978098850295,-0.11635942530171492,4.965612828406553,13.2425406338782,0.00023684191928796672,1.1589727144472965
IJH,2017-08-22,30.229604721069336,34.071998596191406,34.11399841308594,33.80799865722656,33.84600067138672,4215000,40.17465540716011,33.97599868774414,34.61169967651367,-0.29845789112599164,-0.2095794030160007,-0.08887848810999094,14.268916298391408,11.17151151884734,0.008823455088569077,1.1691988581420993
IJH,2017-08-23,30.15685272216797,33.9900016784668,34.097999572753906,33.854000091552734,33.89400100708008,2541000,38.90368444657381,33.88719940185547,34.539899826049805,-0.2974756132388734,-0.22715864506057526,-0.07031696817829813,19.51456598176607,12.916365036188038,-0.002406647376724025,1.166385008777283
IJH,2017-08-24,30.128463745117188,33.95800018310547,34.141998291015625,33.95800018310547,34.119998931884766,2758000,38.39318527639287,33.91199951171875,34.47169990539551,-0.2958688126639544,-0.2409006785812511,-0.05496813408270326,23.589017755699135,19.124166678618895,-0.0009413773152101568,1.1652870003892188
IJH,2017-08-25,30.279285430908203,34.12799835205078,34.21799850463867,34.051998138427734,34.06999969482422,4162500,42.695034793176816,33.9843994140625,34.420999908447264,-0.2776770914695774,-0.24825596115891638,-0.029421130310661042,24.82358254217745,22.642388759880912,0.005005953408940611,1.1711203728212114
IJH,2017-08-28,30.2562255859375,34.10200119018555,34.21799850463867,34.00400161743164,34.189998626708984,2929500,42.20962964413281,34.05,34.371199989318846,-0.26233375482539856,-0.2510715198922128,-0.011262234933185733,31.40896502514559,26.607188441007423,-0.0007615716369304693,1.1702284807618393
IJH,2017-08-29,30.2331600189209,34.07600021362305,34.119998931884766,33.87200164794922,33.88999938964844,3447000,41.699005774708766,34.05080032348633,34.31560001373291,-0.24939721564391704,-0.25073665904255366,0.0013394433986366194,39.566229093085774,31.93292555346963,-0.000762341189950777,1.169336367389301
IJH,2017-08-30,30.426572799682617,34.29399871826172,34.31999969482422,33.99800109863281,34.06399917602539,3162000,47.44007574021442,34.11159973144531,34.283199882507326,-0.21902942285939275,-0.2443952118059215,0.025365788946528744,51.6248261401664,40.86667341946595,0.0063973723104258085,1.1768170474876112
IJH,2017-08-31,30.66434669494629,34.5620002746582,34.59199905395508,34.37799835205078,34.41600036621094,3474500,53.50211275171417,34.23239974975586,34.2697998046875,-0.17136188928024865,-0.22978854730078693,0.058426658020538286,69.54389459087575,53.57831660804268,0.007814678860780244,1.1860134947916183
IJH,2017-09-01,30.783231735229492,34.69599914550781,34.763999938964844,34.624000549316406,34.652000427246094,7124500,56.220923363181456,34.34599990844727,34.257899856567384,-0.12137332040510529,-0.20810550192165062,0.08673218151654533,85.89512113549794,69.02128062218006,0.0038769793945356845,1.1906116446725667
IJH,2017-09-05,30.449634552001953,34.31999969482422,34.78799819946289,34.189998626708984,34.72600173950195,4709500,47.778799420277785,34.389599609375,34.22749977111816,-0.11081957367250084,-0.18864831627182066,0.07782874259931982,82.92373279095888,79.45424950577755,-0.01083697729000166,1.1777090133180386
IJH,2017-09-06,30.486906051635742,34.36199951171875,34.465999603271484,34.29199981689453,34.42599868774414,3830500,48.70535326600175,34.44679946899414,34.20289974212646,-0.09793765481438044,-0.17050618398033263,0.07256852916595219,71.77897755983194,80.19927716209628,0.0012240376668606334,1.179150573510941
IJH,2017-09-07,30.378665924072266,34.2400016784668,34.40800094604492,34.125999450683594,34.40399932861328,3569000,46.144229236927885,34.43600006103516,34.18409976959229,-0.09646090560016773,-0.15569712830429966,0.059236222704131924,57.76221650872612,70.82164228650566,-0.003550380854657753,1.174964139889989
IJH,2017-09-08,30.46915626525879,34.34199905395508,34.40800094604492,34.119998931884766,34.18600082397461,4801000,48.578774743468415,34.39199981689453,34.19809970855713,-0.0860680959990816,-0.14177132184325605,0.05570322584417445,58.406605010073115,62.64926635954375,0.0029787463811838943,1.1784640600697072
IJH,2017-09-11,30.841794967651367,34.762001037597656,34.810001373291016,34.58399963378906,34.58399963378906,4393000,57.165480458339715,34.4052001953125,34.22929973602295,-0.043440316607949114,-0.12210512079619466,0.07866480418824555,69.28782145449394,61.81888099109775,0.012230030236100253,1.192876711156517
IJH,2017-09-12,31.04585838317871,34.992000579833984,35.00600051879883,34.805999755859375,34.8380012512207,3613500,61.00561585733079,34.53960037231445,34.25249977111817,0.00880010442228496,-0.09592407575249874,0.1047241801747837,84.93422822444823,70.87621822967179,0.006616457172527568,1.2007693288279897
IJH,2017-09-13,31.01214599609375,34.95399856567383,35.03200149536133,34.92399978637695,34.96200180053711,15489500,60.047730439139485,34.65800018310547,34.28289966583252,0.04659742342268203,-0.0674197759174626,0.11401719934014462,95.75663230581756,83.32622732825327,-0.001085889997592293,1.1994654254243997
IJH,2017-09-14,30.99794578552246,34.9379997253418,34.992000579833984,34.83399963378906,34.90800094604492,5607500,59.62328078118187,34.79759979248047,34.3080997467041,0.07440342200422378,-0.039055136333125316,0.11345855833734911,94.65224488885906,91.78103513970831,-0.00045789190380685074,1.1989161999172016
IJH,2017-09-15,31.09554672241211,35.04800033569336,35.08000183105469,34.89799880981445,34.900001525878906,4414500,61.63143218480703,34.93880004882813,34.36879978179932,0.10411582374710804,-0.010420944317078646,0.11453676806418668,94.17429222876483,94.8610564744805,0.003148625962667184,1.202691138591323
IJH,2017-09-18,31.246362686157227,35.21799850463867,35.27399826049805,35.13800048828125,35.141998291015625,4171500,64.56459804140633,35.029999542236325,34.44139976501465,0.13976937336184392,0.019617119218705868,0.12015225414313804,95.0843273193817,94.63695481233522,0.004850082395766897,1.2085242897101496
IJH,2017-09-19,31.242822647094727,35.2140007019043,35.29999923706055,35.20600128173828,35.27399826049805,2947500,64.43983749464225,35.07439956665039,34.51339988708496,0.16579133966965998,0.0488519633088967,0.11693937636076328,95.58382140564669,94.9474803179311,-0.0001132944367975286,1.2083873706313908
IJH,2017-09-20,31.34928321838379,35.33399963378906,35.34400177001953,35.209999084472656,35.237998962402344,3492500,66.53044932161575,35.15039978027344,34.576499938964844,0.19386212448090134,0.07785399554329764,0.1160081289376037,96.19447604273539,95.62087492258793,0.003407520904612049,1.2125049758576865
IJH,2017-09-21,31.28184700012207,35.257999420166016,35.349998474121094,35.22600173950195,35.347999572753906,3192000,63.96550685808206,35.21439971923828,34.639899826049806,0.2075829545199923,0.10379978733863658,0.10378316718135573,95.03270452167192,95.60366732335136,-0.0021511247256260635,1.2098967264241745
IJH,2017-09-22,31.372350692749023,35.36000061035156,35.38800048828125,35.2140007019043,35.2239990234375,4561500,65.86746446107567,35.27679977416992,34.70999984741211,0.22410412194980012,0.1278606542608693,0.09624346768893083,96.49834789353604,95.90850948598114,0.002893169723213518,1.21339716300128
IJH,2017-09-25,31.43979263305664,35.43600082397461,35.47200012207031,35.27199935913086,35.347999572753906,3600000,67.25431834328995,35.32040023803711,34.7753999710083,0.24055685852201236,0.1503998951130979,0.09015696340891446,95.88318071499752,95.80474437673517,0.0021497254371571906,1.2160056337479583
IJH,2017-09-26,31.474336624145508,35.347999572753906,35.433998107910156,35.316001892089844,35.32400131225586,5271000,64.01110017299348,35.34720001220703,34.83769989013672,0.2436857476647134,0.169057065623421,0.07462868204129242,95.31917087401426,95.90023316084928,0.0010987346987951785,1.2173417013316876
IJH,2017-09-27,31.773513793945312,35.683998107910156,35.7239990234375,35.30400085449219,35.5099983215332,4604500,69.96631955782662,35.41719970703125,34.91809978485107,0.2701634129295627,0.18927833508464934,0.08088507784491336,95.2239598853029,95.47543715810491,0.009505432104017553,1.2289130602210852
IJH,2017-09-28,31.841182708740234,35.7599983215332,35.762001037597656,35.51599884033203,35.641998291015625,4845000,71.13001121845986,35.517599487304686,34.99139976501465,0.2938919322388429,0.21020105451548807,0.08369087772335485,96.05484587978144,95.53265887969955,0.0021297271442421994,1.2315303097233516
IJH,2017-09-29,31.85898780822754,35.779998779296875,35.87200164794922,35.71799850463867,35.74599838256836,5818500,71.44358722397529,35.60159912109375,35.052299690246585,0.3107289347986182,0.23030663057211412,0.08042230422650407,96.23517334892948,95.83799303800463,0.0005591846147856572,1.2322189625251911
IJH,2017-10-02,32.158172607421875,36.11600112915039,36.11600112915039,35.78799819946289,35.801998138427734,10942500,76.13356534246228,35.7375991821289,35.123299789428714,0.3471828543446094,0.2536818753266132,0.0935009790179962,97.0664475227487,96.45215558381989,0.00939090723770808,1.2437906164988102
IJH,2017-10-03,32.229400634765625,36.19599914550781,36.209999084472656,36.029998779296875,36.14400100708008,4801000,77.0979773146194,35.90719909667969,35.21709976196289,0.37816872589952766,0.27857924544119606,0.0995894804583316,96.78397146245771,96.695197444712,0.0022149277016851876,1.2465455227903894
IJH,2017-10-04,32.21872329711914,36.183998107910156,36.242000579833984,36.09400177001953,36.16999816894531,3998500,76.5979240027093,36.007199096679685,35.30819969177246,0.39717844305413763,0.3022990849637844,0.09487935809035325,98.22230257976696,97.35757385499114,-0.00033129184645674936,1.2461325524224518
IJH,2017-10-05,32.30954360961914,36.2859992980957,36.358001708984375,36.194000244140625,36.2400016784668,3581000,77.90937609914769,36.11239929199219,35.410499572753906,0.4156826931125366,0.3249758065935348,0.09070688651900177,96.25502556214849,97.08709986812441,0.0028188675157132526,1.2496452349947482
IJH,2017-10-06,32.29172897338867,36.26599884033203,36.29199981689453,36.15999984741211,36.19599914550781,2843500,76.99820895852632,36.209599304199216,35.506699562072754,0.4238477221046324,0.3447501896957543,0.07909753240887807,93.93205245108184,96.13646019766578,-0.000551373812199718,1.248956213337632
IJH,2017-10-09,32.18487548828125,36.145999908447266,36.358001708984375,36.10200119018555,36.290000915527344,2039000,71.58850216756638,36.215599060058594,35.57589950561523,0.41584208675317313,0.3589685691072381,0.05687351764593501,89.21493273521101,93.1340035828138,-0.003309004766994028,1.244823411273931
IJH,2017-10-10,32.28460693359375,36.257999420166016,36.375999450683594,36.189998626708984,36.279998779296875,3343500,73.46253006204442,36.22799911499023,35.63919944763184,0.4137653581476428,0.36992792691531906,0.043837431232323754,87.7972367873095,90.31474065786749,0.0030987053328452863,1.2486807522168961
IJH,2017-10-11,32.30598449707031,36.28200149536133,36.321998596191406,36.2140007019043,36.27000045776367,3965000,73.86045151047793,36.24759979248047,35.70559959411621,0.4093377122968036,0.37780988399161597,0.03152782830518763,87.76291130565939,88.25836027605999,0.000662159632933923,1.2495075782054357
IJH,2017-10-12,32.32023620605469,36.29800033569336,36.34400177001953,36.15999984741211,36.2239990234375,3257500,74.13881397147976,36.25,35.77359962463379,0.4024802025279399,0.3827439476988808,0.019736254829059108,91.563536950956,89.041228347975,0.00044114764512648286,1.2500587955311286
IJH,2017-10-13,32.3006477355957,36.2760009765625,36.428001403808594,36.2599983215332,36.35200119018555,2986000,72.98783007695553,36.252000427246095,35.83499965667725,0.3907659060828834,0.38434833937568136,0.00641756670720206,90.44078889153111,89.92241238271554,-0.0006060744833081833,1.2493011667925222
IJH,2017-10-16,32.30241012573242,36.27799987792969,36.41400146484375,36.24599838256836,36.34600067138672,12346500,73.02880233161629,36.27840042114258,35.8879997253418,0.3772943222981553,0.38293753596017616,-0.005643213662020863,88.68879177395638,90.2310392054812,5.4562067954400106e-05,1.2493693312476803
IJH,2017-10-17,32.2472038269043,36.215999603271484,36.33599853515625,36.194000244140625,36.268001556396484,6084500,69.50714749362263,36.27000045776367,35.93809967041015,0.3574941213852796,0.3778488530451969,-0.020354731659917302,83.29525528025816,87.47494531524858,-0.00170904581463871,1.2472341018211734
IJH,2017-10-18,32.3558464050293,36.3380012512207,36.41600036621094,36.24599838256836,36.3120002746582,5011000,72.33431065119063,36.28120040893555,35.98829975128174,0.3476394615732943,0.37180697475081637,-0.024167513177522082,83.5776342822755,85.18722711216337,0.0033690542196516127,1.2514361011348074
IJH,2017-10-19,32.38967514038086,36.375999450683594,36.380001068115234,36.07400131225586,36.18000030517578,2784000,73.16871451090303,36.296800231933595,36.044199752807614,0.33898806638917023,0.3652431930784872,-0.026255126689316954,85.31765443811956,84.06351466688443,0.00104552157060267,1.2527445045727748
IJH,2017-10-20,32.58201217651367,36.59199905395508,36.597999572753906,36.5,36.56800079345703,3827000,77.35055116647958,36.35999984741211,36.10579967498779,0.3455775334843665,0.361310061159663,-0.015732527675296537,92.714093848899,87.20312752309803,0.005938220599595478,1.2601835777958588
IJH,2017-10-23,32.41282272338867,36.402000427246094,36.641998291015625,36.38600158691406,36.641998291015625,3996500,67.39959000192532,36.38479995727539,36.15409965515137,0.33164543026324367,0.3553771349803792,-0.023731704717135538,82.85497927879015,86.96224252193626,-0.005192725734936565,1.2536397901006937
IJH,2017-10-24,32.53213882446289,36.5359992980957,36.59600067138672,36.470001220703125,36.47800064086914,4863500,70.30142424566988,36.44879989624023,36.21349964141846,0.32763989828868034,0.3498296876420395,-0.022189789353359135,79.34276951276809,84.97061421348577,0.003681138853362631,1.2582546122401548
IJH,2017-10-25,32.33448028564453,36.31399917602539,36.470001220703125,36.05799865722656,36.465999603271484,4983000,60.666750160782904,36.443999481201175,36.244999694824216,0.30305846152479177,0.34047544241858996,-0.03741698089379819,60.97348973017906,74.39041284057912,-0.006075792922343282,1.2506097177726003
IJH,2017-10-26,32.494747161865234,36.49399948120117,36.534000396728516,36.3380012512207,36.39799880981445,3798500,64.87060997430352,36.46759948730469,36.28169975280762,0.29470484211952197,0.33132132235877637,-0.0366164802392544,66.61052037454837,68.97559320583187,0.004956531690161636,1.2568084044707644
IJH,2017-10-27,32.651451110839844,36.66999816894531,36.683998107910156,36.36199951171875,36.470001220703125,5118500,68.42417283524075,36.48319931030274,36.32619972229004,0.29884130523037555,0.32482531893309624,-0.025984013702720687,72.08568032610843,66.55656347694531,0.00482243939902105,1.2628692868375049
IJH,2017-10-30,32.41818618774414,36.40800094604492,36.63600158691406,36.33000183105469,36.470001220703125,5016000,58.876314785568056,36.4843994140625,36.340799713134764,0.27777646162169134,0.31541554747081524,-0.0376390858491239,76.11075534508116,71.60231868191268,-0.007144090542985482,1.2538472343083822
IJH,2017-10-31,32.58201217651367,36.59199905395508,36.66999816894531,36.45399856567383,36.50400161743164,5470500,62.80201527303057,36.495599365234376,36.36059970855713,0.27278503479151794,0.30688944493495585,-0.0341044101434379,79.65939882918347,75.95194483345772,0.005053521126097582,1.2601835777958585
IJH,2017-11-01,32.505428314208984,36.50600051879883,36.82400131225586,36.38199996948242,36.8120002746582,3266500,59.92276535523036,36.533999633789065,36.37669982910156,0.2589054293731792,0.2972926418226005,-0.03838721244942134,66.56676347334805,74.11230588253757,-0.002350495171685285,1.2572215223808123
IJH,2017-11-02,32.51967239379883,36.52199935913086,36.66999816894531,36.42599868774414,36.465999603271484,8320500,60.28753173045506,36.539599609375,36.38849983215332,0.24635686618731256,0.2871054866955429,-0.04074862050823036,68.12120893662615,71.44912374638591,0.0004382061805847659,1.2577724446222838
IJH,2017-11-03,32.6158447265625,36.630001068115234,36.64400100708008,36.46200180053711,36.5099983215332,4080000,62.75212553295509,36.53160018920899,36.40669994354248,0.2423334061038247,0.2781510705771993,-0.03581766447337459,64.57788645255964,66.42195295417797,0.0029573585981761408,1.2614921287759364
IJH,2017-11-06,32.7369384765625,36.76599884033203,36.827999114990234,36.63600158691406,36.64400100708008,4105000,65.64355461784994,36.6031997680664,36.43769989013672,0.24726831343915023,0.2719745191495895,-0.024706205710439244,75.73200014263371,69.47703184393986,0.0037127276946280485,1.2661757055389982
IJH,2017-11-07,32.53036117553711,36.534000396728516,36.8120002746582,36.40399932861328,36.78799819946289,3867000,57.450549968571835,36.591600036621095,36.451499938964844,0.2298098229621104,0.2635415799120937,-0.033731756949983316,76.1466923985869,72.15219299792678,-0.006310220522706689,1.2581858576165534
IJH,2017-11-08,32.617618560791016,36.63199996948242,36.6619987487793,36.40399932861328,36.5,2775000,59.736598107901635,36.616799926757814,36.4689998626709,0.22133023283127073,0.2550993104959291,-0.033769077664658365,76.10399089757625,75.99422781293231,0.0026823368109274437,1.2615607358574266
IJH,2017-11-09,32.448448181152344,36.44200134277344,36.597999572753906,36.198001861572266,36.428001403808594,7392500,53.71143087482304,36.600800323486325,36.4761999130249,0.19700781184791083,0.24348101076632547,-0.04647319891841464,62.07813354074705,71.44293894563675,-0.005186472437384793,1.255017685872815
IJH,2017-11-10,32.443111419677734,36.43600082397461,36.5,36.358001708984375,36.42599868774414,4155500,53.52780618070339,36.5620002746582,36.484199905395506,0.17522800687873286,0.22983040998880697,-0.05460240311007411,57.83573031592609,65.33928491808315,-0.00016446892759913734,1.2548112744599016
IJH,2017-11-13,32.516117095947266,36.518001556396484,36.529998779296875,36.242000579833984,36.32600021362305,3521000,55.75394641192589,36.5124008178711,36.496199989318846,0.16270852572139205,0.21640603313532397,-0.05369750741393192,52.90073701228463,57.60486695631928,0.0022502674088542562,1.2576349353750815
IJH,2017-11-14,32.47693634033203,36.4739990234375,36.50600051879883,36.369998931884766,36.38600158691406,4530500,54.2521168089977,36.50040054321289,36.50909996032715,0.14753541363020872,0.20263190923430094,-0.055096495604092216,50.88034211582521,53.87226981467867,-0.0012049641566863611,1.256119530355758
IJH,2017-11-15,32.32735061645508,36.305999755859375,36.42399978637695,36.04600143432617,36.2859992980957,4364000,48.84260289559382,36.43520050048828,36.507499885559085,0.12056468151686062,0.1862184636908129,-0.06565378217395229,45.599276953098034,49.793452027069314,-0.004605906244031677,1.2503339615676423
IJH,2017-11-16,32.64432907104492,36.6619987487793,36.7599983215332,36.417999267578125,36.44200134277344,6099500,58.32544624926085,36.479199981689455,36.521799850463864,0.12645858962090983,0.1742664888768323,-0.047807899255922465,51.94316628211295,49.47426178367875,0.009805271652187253,1.2625938257167686
IJH,2017-11-17,32.73337936401367,36.762001037597656,36.821998596191406,36.54600143432617,36.56399917602539,12301500,60.53829551207985,36.54440002441406,36.53029994964599,0.1376125909230268,0.1669357092860712,-0.02932311836304441,67.86018588980596,55.134209708339,0.002727894721773705,1.2660380487496854
IJH,2017-11-20,32.850914001464844,36.89400100708008,36.902000427246094,36.736000061035156,36.8120002746582,3753500,63.30780667651466,36.61959991455078,36.55489997863769,0.1553131582731595,0.1646111990834889,-0.009298040810329394,89.79935968478782,69.86757061890226,0.0035906661559175213,1.2705839687234348
IJH,2017-11-21,33.061058044433594,37.130001068115234,37.145999908447266,37.02000045776367,37.04999923706055,3897000,67.67576515592117,36.75080032348633,36.58460006713867,0.1862373893192526,0.16893643713064163,0.01730095218861097,96.39045609314547,84.68333388924644,0.006396900949525497,1.2787117685194136
IJH,2017-11-22,33.04145812988281,37.108001708984375,37.237998962402344,37.10200119018555,37.18000030517578,4300500,66.87655440866594,36.91120071411133,36.624300193786624,0.20658847742391373,0.17646684518929606,0.030121632234617668,95.56840422819431,93.91940666870921,-0.0005928399062256062,1.277953697154475
IJH,2017-11-24,33.05570602416992,37.124000549316406,37.220001220703125,37.108001708984375,37.220001220703125,1450000,67.18010320133143,37.00360107421875,36.65580024719238,0.22145503824550872,0.1854644838005386,0.035990554444970124,92.69202679802099,94.88362903978695,0.00043121263689704925,1.2785047669380571
IJH,2017-11-27,33.0004997253418,37.0620002746582,37.209999084472656,37.0620002746582,37.1879997253418,3023500,64.70539889327486,37.06360092163086,36.67540035247803,0.22563303363732956,0.1934981937678968,0.032134839869432774,88.25516708003306,92.17186603541614,-0.0016700989168937364,1.2763695375115505
IJH,2017-11-28,33.45283889770508,37.56999969482422,37.57600021362305,37.145999908447266,37.16999816894531,5529000,73.36337120664066,37.19880065917969,36.73350028991699,0.2668592454973009,0.20817040411377763,0.05868884138352326,91.75971420754117,90.90230269519843,0.013707040079030008,1.2938647859178742
IJH,2017-11-29,33.59707260131836,37.731998443603516,37.85200119018555,37.61000061035156,37.62799835205078,5507000,75.43300311969224,37.319200134277345,36.790500259399415,0.3090408302418126,0.22834448933938464,0.08069634090242797,92.7327054875348,90.9158622583697,0.004311553469477758,1.2994433531246334
IJH,2017-11-30,33.7965202331543,37.95600128173828,38.11199951171875,37.81399917602539,37.89400100708008,5224000,77.9806797638157,37.488800048828125,36.863000297546385,0.35643641984736263,0.25396287544098023,0.1024735444063824,95.13746448842873,93.20996139450159,0.005936458637414432,1.307157444842121
IJH,2017-12-01,33.718177795410156,37.86800003051758,37.987998962402344,37.0620002746582,37.986000061035156,7664000,74.70311735588386,37.63759994506836,36.930300331115724,0.3824877202119126,0.2796678443951667,0.1028198758167459,91.33144576514842,93.06720524703735,-0.002318062250304842,1.3041273725140277
IJH,2017-12-04,33.70394515991211,37.85200119018555,38.310001373291016,37.84400177001953,38.189998626708984,5805000,74.09340103013739,37.79560012817383,36.99140033721924,0.39726318798999216,0.30318691311413176,0.0940762748758604,86.8031059784012,91.09067207732613,-0.00042210571355327797,1.3035768928988882
IJH,2017-12-05,33.43324279785156,37.54800033569336,37.928001403808594,37.540000915527344,37.73400115966797,5561000,63.489576923544874,37.79120025634766,37.030500411987305,0.38006141295075935,0.3185618130814573,0.061499599869302035,78.10092386010393,85.41182520121788,-0.008031770784582282,1.2931068620950463
IJH,2017-12-06,33.2996826171875,37.39799880981445,37.582000732421875,37.38800048828125,37.52199935913086,4784000,59.002543787236085,37.72440032958984,37.0737003326416,0.35028712089320635,0.3249068746438072,0.025380246249399163,65.96999238697411,76.9580074084931,-0.003994831774817964,1.2879411177141138
IJH,2017-12-07,33.532962799072266,37.65999984741211,37.7400016784668,37.349998474121094,37.40399932861328,4542500,63.81314837500878,37.66520004272461,37.12510032653809,0.34386817574601736,0.32869913486424923,0.015169040881768125,60.43050247813272,68.16713957507028,0.007005477636725654,1.2969637604116795
IJH,2017-12-08,33.6540641784668,37.79600143432617,37.895999908447266,37.66999816894531,37.79999923706055,4269500,66.04069687200848,37.65080032348633,37.19280033111572,0.3457694914586469,0.3321132061831288,0.013656285275518099,60.764391569174016,62.388295478093646,0.0036114130481152973,1.301647632258963
IJH,2017-12-11,33.616668701171875,37.75400161743164,37.869998931884766,37.70000076293945,37.82600021362305,6509500,64.71582175655047,37.63120040893555,37.258700370788574,0.33996832046744885,0.33368422903999284,0.006284091427456007,62.46516356724036,61.22001920484905,-0.001111172698091245,1.3002012769474618
IJH,2017-12-12,33.532962799072266,37.65999984741211,37.82400131225586,37.65399932861328,37.82400131225586,4024500,61.73085888977177,37.6536003112793,37.31580028533936,0.32405024392900117,0.3317574320177945,-0.0077071880887933375,57.38674709687867,60.20543407776437,-0.0024900118106198077,1.2969637604116797
IJH,2017-12-13,33.54721450805664,37.67599868774414,37.880001068115234,37.64799880981445,37.667999267578125,5606000,62.05167651000427,37.70920028686523,37.37590026855469,0.30916219693614266,0.3272383850014642,-0.01807618806532152,51.338137351117844,57.06334933841231,0.0004250059581603072,1.2975149777373727
IJH,2017-12-14,33.262271881103516,37.35599899291992,37.736000061035156,37.33000183105469,37.69200134277344,5795000,52.56059850279424,37.648400115966794,37.42840023040772,0.2684475155519337,0.3154802111115581,-0.047032695559624416,40.22423553289561,49.6497066602974,-0.008493779025519177,1.28649417223417
IJH,2017-12-15,33.59351348876953,37.72800064086914,37.94599914550781,37.5,37.5620002746582,7150500,60.18474905270735,37.63479995727539,37.481700325012206,0.2631646628445594,0.30501710145815836,-0.04185243861359894,42.040494443018,44.5342891090105,0.00995847814755546,1.2993056963353216
IJH,2017-12-18,33.940765380859375,38.11800003051758,38.18000030517578,37.95199966430664,37.9739990234375,5151000,66.29966184624543,37.70759963989258,37.5495002746582,0.28713771060595406,0.3014412232877175,-0.014303512681763442,53.84607547062155,45.37026848217841,0.010336873283764536,1.3127364546752132
IJH,2017-12-19,33.789554595947266,37.849998474121094,38.099998474121094,37.82600021362305,38.051998138427734,7232500,59.53324935026257,37.745599365234376,37.597300148010255,0.28126874682492087,0.2974067279951582,-0.016137981170237348,67.040494443018,54.309021452219206,-0.004455137744105886,1.3068880329479258
IJH,2017-12-20,33.85383224487305,37.922000885009766,38.02199935913086,37.779998779296875,37.987998962402344,3799000,60.693899994603974,37.7947998046875,37.63690013885498,0.2792089960494266,0.2937671816060119,-0.014558185556585279,72.22212033403024,64.36956341588996,0.001902293465966265,1.309374117513752
IJH,2017-12-21,33.93595886230469,38.013999938964844,38.099998474121094,37.91400146484375,38.018001556396484,5073500,62.186260734167966,37.92639999389648,37.682200050354005,0.2817523181670438,0.2913642089182183,-0.009611890751174468,67.28227611210069,68.84829696304966,0.0024259178942460657,1.3125505516156915
IJH,2017-12-22,33.93060302734375,38.007999420166016,38.034000396728516,37.90800094604492,38.013999938964844,4906500,62.02085835371584,37.98239974975586,37.726399993896486,0.2800554229627963,0.2891024517271339,-0.009047028764337606,72.82352266358896,70.77597303657332,-0.00015782182500478914,1.3123434024922245
IJH,2017-12-26,33.950233459472656,38.029998779296875,38.09400177001953,37.97999954223633,38.00600051879883,3266000,62.41555313791941,37.96479949951172,37.77479991912842,0.27728936650308356,0.28673983468232384,-0.009450468179240279,77.30435110620651,72.47004996063208,0.0005785465148699931,1.313102654194049
IJH,2017-12-27,33.94131851196289,38.02000045776367,38.14799880981445,37.981998443603516,38.0359992980957,4247000,62.09968386237044,37.998799896240236,37.79729995727539,0.27116464856759137,0.28362479745937735,-0.012460148891785983,81.09791672276525,77.07526349752025,-0.0002625886953150358,1.3127578482812694
IJH,2017-12-28,34.053794860839844,38.145999908447266,38.16400146484375,37.9640007019043,38.06399917602539,4331500,64.53544822520745,38.043599700927736,37.81800003051758,0.27332712319040553,0.281565262605583,-0.008238139415177481,86.50971029192209,81.63732604029796,0.0033138473638645305,1.3171081274161887
IJH,2017-12-29,33.88417053222656,37.95600128173828,38.26599884033203,37.93199920654297,38.26599884033203,6659000,58.43665026672259,38.03199996948242,37.81800003051758,0.2567499450726274,0.27660219909899186,-0.01985225402636448,81.35229926144893,82.98664209204544,-0.0049810697840416696,1.3105475199204002
IJH,2018-01-02,34.203765869140625,38.31399917602539,38.31399917602539,38.0099983215332,38.09600067138672,14688500,65.12442951680691,38.0931999206543,37.84029998779297,0.26939443874031355,0.2751606470272562,-0.005766208286942631,87.62681434523779,85.16294129953629,0.009431995291432571,1.322908597957488
IJH,2018-01-03,34.26625442504883,38.38399887084961,38.45000076293945,38.25600051879883,38.316001892089844,6687500,66.26736575593954,38.16399993896484,37.86689987182617,0.28181509246889647,0.27649153611558425,0.00532355635331222,86.99582173029212,85.32497844565962,0.0018269495864073892,1.3253254852733811
IJH,2018-01-04,34.364463806152344,38.49399948120117,38.645999908447266,38.487998962402344,38.55400085449219,5932500,68.03989153024082,38.25879974365235,37.91419982910156,0.2971097833387759,0.2806151855602226,0.016494597778553333,94.18558899502729,89.60274169018574,0.002866067002401218,1.3291239569141646
IJH,2018-01-05,34.49837875366211,38.64400100708008,38.672000885009766,38.50199890136719,38.60599899291992,6111500,70.32945697435332,38.35839996337891,37.97649993896484,0.3176728704626228,0.28802672254070266,0.029646147921920163,93.38923356879813,91.5235480980392,0.003896901993442059,1.334303422711395
IJH,2018-01-08,34.66975784301758,38.83599853515625,38.87799835205078,38.507999420166016,38.63999938964844,5298500,72.996050096168,38.5343994140625,38.03529987335205,0.3454793897314019,0.2995172559788425,0.04596213375255942,94.07853699390785,93.88445318591111,0.004967743283799342,1.34093189957812
IJH,2018-01-09,34.62335968017578,38.784000396728516,38.95800018310547,38.779998779296875,38.900001525878906,3762000,71.13151668244694,38.62839965820312,38.08469982147217,0.35918003749211636,0.31144981228149726,0.04773022521061909,93.00501669034524,93.49092908435041,-0.0013382892102069555,1.3391373448852923
IJH,2018-01-10,34.45909118652344,38.599998474121094,38.71799850463867,38.50600051879883,38.70000076293945,4239000,64.82178297407249,38.671599578857425,38.12699966430664,0.3511427273816423,0.3193883953015263,0.03175433208011602,83.67117171027833,90.25157513151049,-0.004744441185654202,1.3327838865129709
IJH,2018-01-11,34.95009231567383,39.150001525878906,39.15599822998047,38.650001525878906,38.650001525878906,5363500,72.63558707657768,38.802799987792966,38.20149974822998,0.3847189503426378,0.33245450630974865,0.05226444403288916,84.78604345763476,87.15407728608614,0.014248812497481556,1.351774474211559
IJH,2018-01-12,35.05007553100586,39.262001037597656,39.28799819946289,39.11199951171875,39.18199920654297,4050000,73.90661427151568,38.92639999389648,38.280799865722656,0.4155752803740569,0.3490786611226103,0.06649661925144656,89.08167884685226,85.84629800492179,0.0028607425247684226,1.3556415529338324
IJH,2018-01-16,34.78582763671875,38.965999603271484,39.481998443603516,38.89799880981445,39.39400100708008,7496500,65.27700210334083,38.95240020751953,38.36129989624023,0.41140191705785156,0.36154331230965864,0.049858604748192925,88.1151245366625,87.32761561371653,-0.007539153347996375,1.3454211633813482
IJH,2018-01-17,35.05007553100586,39.262001037597656,39.34600067138672,39.02399826049805,39.11199951171875,6233000,69.15555417090522,39.04800033569336,38.43799991607666,0.4270564970605477,0.37464594925983646,0.05241054780071125,83.5441639243937,86.91365576930285,0.007596423953075027,1.3556415529338324
IJH,2018-01-18,34.909027099609375,39.104000091552734,39.262001037597656,39.07400131225586,39.20600128173828,5369500,64.98299331422515,39.148800659179685,38.48729991912842,0.4218506766139427,0.3840868947306577,0.037763781883285,76.04311512433868,82.56746786179832,-0.004024197644644456,1.350186183389534
IJH,2018-01-19,35.2857551574707,39.5260009765625,39.52799987792969,39.152000427246094,39.15399932861328,4651000,70.161361993708,39.22400054931641,38.571100044250485,0.4466285155056724,0.3965952188856607,0.050033296620011714,87.09812170953141,82.2284669194213,0.010791708883389095,1.3647569996190478
IJH,2018-01-22,35.460723876953125,39.72200012207031,39.731998443603516,39.47600173950195,39.566001892089844,3949000,72.21643572137877,39.316000366210936,38.66110000610352,0.47658682806243746,0.41259354072101606,0.0639932873414214,91.63571018922312,84.92564900769776,0.004958621934023633,1.371524313611971
IJH,2018-01-23,35.537506103515625,39.80799865722656,39.86399841308594,39.60200119018555,39.72800064086914,4457000,73.0921237104853,39.48440017700195,38.7507999420166,0.5014875335474471,0.4303723392863023,0.07111519426114482,98.60385219466293,92.44589469780584,0.0021652752162908406,1.3744940412167754
IJH,2018-01-24,35.442867279052734,39.70199966430664,39.981998443603516,39.54399871826172,39.91400146484375,7558500,70.1569909100385,39.57239990234375,38.835499954223636,0.5068259155201744,0.44566305453307675,0.06116286098709767,92.3984143257807,94.21265890322228,-0.002663068820508152,1.3708336689916367
IJH,2018-01-25,35.41608810424805,39.672000885009766,39.87200164794922,39.507999420166016,39.83399963378906,4654500,69.30872577586247,39.68600006103516,38.917600059509276,0.5028395495945475,0.45709835354537093,0.045741196049176536,85.61002603085558,92.20409751709975,-0.0007555589279458763,1.3697979233743014
IJH,2018-01-26,35.567840576171875,39.84199905395508,39.84400177001953,39.52199935913086,39.75,4252500,71.41775385704887,39.74919967651367,39.00869998931885,0.5075470706844172,0.4671880969731802,0.04035897371123698,83.60919590001726,87.20587875221787,0.004284845674574322,1.3756672960813126
IJH,2018-01-29,35.276824951171875,39.51599884033203,39.80799865722656,39.50600051879883,39.742000579833984,4101500,62.542138121536205,39.70799942016602,39.077199935913086,0.47944557221014605,0.46963959202057337,0.009805980189572683,79.3324374907823,82.85055314055172,-0.008181987443875438,1.364411603537825
IJH,2018-01-30,34.909027099609375,39.104000091552734,39.327999114990234,39.034000396728516,39.26599884033203,5719500,53.49398481914899,39.56719970703125,39.13459987640381,0.4190989644178771,0.4595314665000342,-0.040432502082157096,66.48601103403595,76.47588147494518,-0.010426047470870281,1.3501861833895334
IJH,2018-01-31,34.823326110839844,39.007999420166016,39.40399932861328,38.874000549316406,39.262001037597656,13397000,51.619990780206074,39.428399658203126,39.16929988861084,0.35938462880713473,0.4395020989614543,-0.08011747015431958,45.27329364022864,63.69724738834898,-0.002454980728193612,1.3468715023298388
IJH,2018-02-01,34.88938522338867,39.082000732421875,39.17399978637695,38.86600112915039,38.95800018310547,10010000,52.98718234421741,39.31039962768555,39.204199981689456,0.31440758018884196,0.4144831952069319,-0.10007561501808993,28.915521295010688,46.89160865642511,0.0018969788336291593,1.3494264890613767
IJH,2018-02-02,34.189491271972656,38.29800033569336,38.88600158691406,38.26599884033203,38.847999572753906,6812500,40.06827881734839,39.001599884033205,39.194400024414065,0.21304481722820867,0.3741955196111873,-0.16115070238297863,16.032173386027967,30.073662773755785,-0.020060369276636902,1.3223564953791298
IJH,2018-02-05,32.932533264160156,36.88999938964844,38.27199935913086,36.849998474121094,37.981998443603516,18149500,27.228653670588745,38.476399993896486,39.10669994354248,0.018882522150299508,0.3031329201190097,-0.2842503979687102,7.498969208783774,17.482221296607495,-0.03676445483828861,1.2737407797246463
IJH,2018-02-06,33.234275817871094,37.22800064086914,37.402000427246094,35.832000732421875,36.183998107910156,28132000,32.79598327155451,38.101200103759766,39.026300048828126,-0.10649105676949233,0.2212081247413093,-0.32769918151080163,12.26020948448064,11.930450693097479,0.009162445879598247,1.2854113606835107
IJH,2018-02-07,33.22356414794922,37.215999603271484,37.54199981689453,36.97200012207031,37.172000885009766,12425500,32.700324728751404,37.74280014038086,38.947900009155276,-0.20446199417291666,0.13607410095846412,-0.3405360951313808,22.755042596692377,14.171407096652283,-0.0003223079082744773,1.2849970624365765
IJH,2018-02-08,32.11838150024414,35.97800064086914,37.263999938964844,35.9739990234375,37.24800109863281,12873000,24.697514460022816,37.12200012207031,38.816800117492676,-0.37764755188378274,0.03332977039001475,-0.41097732227379746,23.502010453808268,19.505754178327113,-0.03326502366764572,1.2422516047417687
IJH,2018-02-09,32.4951171875,36.400001525878906,36.60599899291992,35.33399963378906,36.34000015258789,16472000,30.904988515826034,36.742400360107425,38.67930011749267,-0.4753666783301611,-0.06840951935402043,-0.4069571589761407,19.93403430117509,22.06369578389193,0.01172959749709035,1.256822716055504
IJH,2018-02-12,32.796852111816406,36.737998962402344,36.94200134277344,36.215999603271484,36.49599838256836,9069500,35.49174441093731,36.7120002746582,38.55310001373291,-0.5195472049306602,-0.1586370564693484,-0.3609101484613118,18.886415955447553,20.774153570143653,0.00928554658151759,1.268493001930147
IJH,2018-02-13,32.88967514038086,36.84199905395508,36.89400100708008,36.39799880981445,36.555999755859375,6245000,36.880192348559575,36.63479995727539,38.44689998626709,-0.539944508155557,-0.23489854680659011,-0.30504596134896683,28.79054877776964,22.53699967813078,0.0028302420076167234,1.2720831441105775
IJH,2018-02-14,33.51637649536133,37.54399871826172,37.59000015258789,36.59000015258789,36.624000549316406,10331500,45.41978933910009,36.700399780273436,38.36099987030029,-0.493772114291275,-0.28667326030352713,-0.20709885398774786,37.47972600411091,28.385563579109384,0.01905465324012967,1.2963222473142184
IJH,2018-02-15,33.85917663574219,37.928001403808594,37.933998107910156,37.40999984741211,37.77199935913086,5299000,49.44868660200794,37.09039993286133,38.30219993591309,-0.42133743632787457,-0.31360609550839663,-0.10773134081947794,46.737377746041695,37.66921750930744,0.010227840125507148,1.3095808240108864
IJH,2018-02-16,33.93595886230469,38.013999938964844,38.20000076293945,37.80799865722656,37.84000015258789,12416500,50.33290834666895,37.41319961547852,38.226599884033206,-0.3529247720269524,-0.3214698308121078,-0.0314549412148446,57.60978034367124,47.275628031274636,0.0022676932575331765,1.3125505516156906
IJH,2018-02-20,33.694923400878906,37.74399948120117,38.10200119018555,37.63600158691406,37.902000427246094,4248000,47.52239778060517,37.61439971923828,38.127699851989746,-0.31684166959539084,-0.32054419856876437,0.003702528973373531,61.01364238376892,55.12026682449397,-0.007102656577460564,1.303227955807008
IJH,2018-02-21,33.61815643310547,37.65800094604492,38.2599983215332,37.65800094604492,37.816001892089844,4623500,46.629291284744966,37.77760009765625,38.02019996643067,-0.2918209833769154,-0.3147995555303946,0.022978572153479204,61.860767763206816,60.16139683021567,-0.002278294770405531,1.3002588183706465
IJH,2018-02-22,33.57172775268555,37.60599899291992,38.012001037597656,37.560001373291016,37.82400131225586,4909500,46.065531267005106,37.79000015258789,37.91539993286133,-0.273040590339626,-0.3064477624922409,0.033407172152614906,61.23284525209426,61.36908513302334,-0.0013810596816130616,1.298463083340933
IJH,2018-02-23,33.99844741821289,38.08399963378906,38.08599853515625,37.689998626708984,37.821998596191406,4143000,51.8305491578089,37.82119979858398,37.83599987030029,-0.2170839282571535,-0.2885749956452235,0.07149106738806998,72.69529125941516,65.26296809157209,0.012710685272765199,1.3149674389315837
IJH,2018-02-26,34.1859245300293,38.29399871826172,38.31999969482422,37.93199920654297,38.20000076293945,4013000,54.149298707913864,37.87719955444336,37.758599853515626,-0.15401728395247005,-0.26166345330667284,0.10764616935420279,85.5647486386273,73.1642950500456,0.005514284505708789,1.3222185435055958
IJH,2018-02-27,33.70027160644531,37.75,38.43600082397461,37.742000579833984,38.30799865722656,4620500,47.73844880207962,37.87839965820312,37.67029991149902,-0.14624682182065385,-0.23858012700946907,0.09233330518881522,90.2051841401432,82.82174134606191,-0.014206224645391119,1.3034348098462534
IJH,2018-02-28,33.291404724121094,37.29199981689453,37.94599914550781,37.28799819946289,37.88199996948242,5086500,43.11079113859273,37.805199432373044,37.57969989776611,-0.17502784960817053,-0.2258696715292094,0.050841821921038866,80.04500118475015,85.2716446545069,-0.012132450654968041,1.2876209513338261
IJH,2018-03-01,33.19499969482422,37.183998107910156,37.61199951171875,36.880001068115234,37.28799819946289,8320000,42.07501277015275,37.72079925537109,37.48849983215332,-0.2041979894791055,-0.2215353351191886,0.0173373456400831,66.88154561996593,79.04391031495311,-0.0028957933765716426,1.2838922671114188
IJH,2018-03-02,33.537803649902344,37.56800079345703,37.645999908447266,36.81399917602539,36.89400100708008,6468500,46.9549478259985,37.61759948730469,37.41279983520508,-0.1940923521892941,-0.21604673853320971,0.02195438634391561,61.220113543656815,69.38222011612432,0.010326975696028473,1.2971509913501973
IJH,2018-03-05,33.88595962524414,37.95800018310547,38.066001892089844,37.38800048828125,37.444000244140625,6463000,51.430306125116395,37.55039978027344,37.395799827575686,-0.15285188901661684,-0.20340776862989116,0.05055587961327432,65.69513875936588,64.59893264099622,0.01038100106304407,1.3106167171703325
IJH,2018-03-06,34.24662399291992,38.36199951171875,38.36800003051758,37.858001708984375,38.13600158691406,7316500,55.608460971909125,37.67279968261719,37.4693998336792,-0.08657121628235132,-0.1800404581603832,0.09346924187803188,77.81260290520179,68.24261840274151,0.010643475104866074,1.3245662335715562
IJH,2018-03-07,34.33411407470703,38.459999084472656,38.51599884033203,38.04600143432617,38.09199905395508,9252000,56.5841154476511,37.90639953613281,37.530999755859376,-0.025837717979904085,-0.14919991012428738,0.12336219214438329,89.74888487232909,77.75220884563227,0.002554706758984393,1.327950111881184
IJH,2018-03-08,34.26805114746094,38.38600158691406,38.57400131225586,38.145999908447266,38.52399826049805,4421500,55.59059975133793,38.1468002319336,37.5894998550415,0.01613701983620075,-0.11613252413218976,0.13226954396839052,94.00641343280732,87.18930040344607,-0.0019241191749508335,1.3253949776075353
IJH,2018-03-09,34.83046340942383,39.01599884033203,39.0260009765625,38.54800033569336,38.597999572753906,12437000,61.7485284422337,38.43639984130859,37.74139976501465,0.0990955039267547,-0.07308691852040088,0.1721824224471556,95.19193384776578,92.98241071763407,0.016412146099080482,1.3471475536190176
IJH,2018-03-12,34.86795425415039,39.05799865722656,39.17599868774414,38.9379997253418,39.06999969482422,5708500,62.125578644534336,38.65639953613281,37.87429962158203,0.16631258649724856,-0.02520701751687099,0.19151960401411955,94.62342199730104,94.60725642595806,0.0010763808762996874,1.3485975974832871
IJH,2018-03-13,34.66975784301758,38.83599853515625,39.2599983215332,38.7599983215332,39.23400115966797,4817000,58.82490370878237,38.751199340820314,37.97919960021973,0.19937083134889377,0.019708552256281965,0.17966227909261182,92.40587824406587,94.07374469637757,-0.005684199585905492,1.3409318995781194
IJH,2018-03-14,34.4965934753418,38.641998291015625,39.04399871826172,38.555999755859375,39.0,4856500,56.023742077491086,38.78759918212891,38.069199562072754,0.20752333041690463,0.0572715078884065,0.1502518225284981,84.13468681568229,90.3879956856831,-0.0049946806222258555,1.3342343730035722
IJH,2018-03-15,34.36982727050781,38.5,38.73400115966797,38.4119987487793,38.70199966430664,4480000,53.99693875468215,38.81039886474609,38.11699962615967,0.20021817877472614,0.08586084206567043,0.1143573367090557,75.4429167628399,83.9944939408627,-0.003674745592621931,1.3293314011218527
IJH,2018-03-16,34.584068298339844,38.7400016784668,38.85200119018555,38.52399826049805,38.566001892089844,7254000,56.839082300277845,38.75519943237305,38.15759963989258,0.2113585137615459,0.11096037640484553,0.10039813735670038,74.13470076086028,77.90410144646084,0.006233404263159326,1.3376176611447572
IJH,2018-03-19,34.271629333496094,38.38999938964844,38.624000549316406,38.066001892089844,38.61000061035156,5176000,51.811842500332766,38.62159957885742,38.176399612426756,0.1897576419080238,0.1267198295054812,0.06303781240254261,70.70053628278465,73.42605126882829,-0.00903418771176634,1.3255333721074016
IJH,2018-03-20,34.301963806152344,38.42399978637695,38.59000015258789,38.33000183105469,38.492000579833984,6023000,52.25363732122345,38.53919982910156,38.21039962768555,0.17338368401927085,0.13605260040823913,0.03733108361103171,69.6648284581298,71.50002183392492,0.0008851190692180655,1.3267066269719388
IJH,2018-03-21,34.40195846557617,38.5359992980957,38.81399917602539,38.42599868774414,38.45800018310547,2904500,53.75760145608645,38.51800003051758,38.254299545288085,0.167513636078084,0.14234480754220813,0.025168828535875876,66.88474598827621,69.08337024306357,0.002915129290816054,1.3305741483205444
IJH,2018-03-22,33.543609619140625,37.4379997253418,38.237998962402344,37.42399978637695,38.097999572753906,13238000,40.341647882462254,38.305599975585935,38.24589958190918,0.07341589885514566,0.12855902580479564,-0.055143126949649984,46.29779465460846,60.9491230336715,-0.024950580859936844,1.2973755504427311
IJH,2018-03-23,32.8734245300293,36.689998626708984,37.52000045776367,36.672000885009766,37.448001861572266,11890500,34.09852352470591,37.895599365234375,38.17619953155518,-0.06081365126863858,0.0906844903901088,-0.15149814165874737,24.589005807850327,45.92384881691168,-0.019979516120081087,1.2714546147188615
IJH,2018-03-26,33.60452651977539,37.50600051879883,37.518001556396484,36.827999114990234,37.189998626708984,7034000,44.23690908405532,37.71879959106445,38.13679962158203,-0.10019205212461912,0.05250918188716322,-0.15270123401178234,11.864002785883306,27.583601082780714,0.02223990959865607,1.299731650409003
IJH,2018-03-27,33.09025573730469,36.93199920654297,37.63399887084961,36.77799987792969,37.63399887084961,6719500,39.61958856748998,37.42039947509765,38.09589958190918,-0.17569156429003385,0.006869032651723804,-0.18256059694175766,14.322472932524391,16.92516050875269,-0.01530361637942046,1.2798410558349527
IJH,2018-03-28,33.154754638671875,37.00400161743164,37.20199966430664,36.784000396728516,37.04399871826172,7359500,40.459124523163474,37.113999938964845,38.08149967193604,-0.2270976386018404,-0.03992430159898904,-0.18717333700285135,18.366822517152382,14.851099411853374,0.0019491811087599675,1.2823356978432017
IJH,2018-03-29,33.61170196533203,37.513999938964844,37.698001861572266,37.14799880981445,37.18000030517578,9463500,46.168470295879914,37.12919998168945,38.09799976348877,-0.22410141888220636,-0.0767597250556325,-0.14734169382657386,18.469854821243604,17.053050090306808,0.013782256320098663,1.3000091771192892
IJH,2018-04-02,32.8232421875,36.63399887084961,37.49800109863281,36.3380012512207,37.41400146484375,9636000,39.186107765279154,37.11800003051758,38.0512996673584,-0.28939960637165996,-0.11928770131883801,-0.17011190505282195,18.497742707332353,18.44480668190946,-0.0234578950701535,1.2695136982521884
IJH,2018-04-03,33.27661895751953,37.13999938964844,37.26599884033203,36.672000885009766,36.85599899291992,11025000,44.39366033910513,37.0447998046875,38.010399627685544,-0.29689644001196314,-0.15480944905746302,-0.14208699095450011,24.10084964888601,20.356149059154003,0.013812674793966195,1.2870490781126311
IJH,2018-04-04,33.57048797607422,37.46799850463867,37.52799987792969,36.582000732421875,36.667999267578125,6316000,47.53017193295589,37.15199966430664,37.96569957733154,-0.2732214208419066,-0.17849184341435176,-0.09472957742755483,28.238652934888933,23.61241509703578,0.008831096059663812,1.2984151321549455
IJH,2018-04-05,33.824951171875,37.75199890136719,37.84600067138672,37.50199890136719,37.667999267578125,4088000,50.15198323650563,37.30159912109375,37.93029956817627,-0.22890367992017246,-0.1885742107155159,-0.040329469204656576,43.610305979433434,31.983269521069474,0.007579967142036681,1.3082570761934031
IJH,2018-04-06,33.1529655456543,37.00199890136719,37.70600128173828,36.71799850463867,37.512001037597656,9371500,43.91176618629661,37.19919891357422,37.86109943389893,-0.25140227401373494,-0.2011398233751597,-0.050262450638575235,42.670164074684315,38.17304099633557,-0.01986656603896153,1.282266500593268
IJH,2018-04-09,33.172672271728516,37.02399826049805,37.52799987792969,36.99800109863281,37.22200012207031,4441500,44.13135649051254,37.277198791503906,37.76149940490723,-0.2644094598371325,-0.2137937506675543,-0.050615709169578194,36.92273020709138,41.06773342040305,0.0005944181990924502,1.2830287031373073
IJH,2018-04-10,33.703094482421875,37.61600112915039,37.763999938964844,37.34400177001953,37.492000579833984,5236500,49.82425793122553,37.372399139404294,37.689399528503415,-0.2243617616599778,-0.21590735286603902,-0.008454408793938772,35.37960069925902,38.324164993678245,0.015989734150703816,1.3035439910081952
IJH,2018-04-11,33.6618766784668,37.56999969482422,37.737998962402344,37.38800048828125,37.45600128173828,4309500,49.4029970999121,37.392799377441406,37.626099586486816,-0.19409816085021703,-0.21154551446287465,0.017447353612657618,48.05450949659365,40.118946800981355,-0.0012229679377534497,1.301949798501741
IJH,2018-04-12,33.80702209472656,37.731998443603516,37.875999450683594,37.61600112915039,37.709999084472656,4624500,50.97499814507568,37.38879928588867,37.58059959411621,-0.15525244053139886,-0.2002868996765795,0.045034459145180644,69.03158779692673,50.82189933092648,0.004311863466382793,1.307563628272965
IJH,2018-04-13,33.697723388671875,37.61000061035156,37.90599822998047,37.48400115966797,37.90599822998047,5783000,49.72213693272661,37.510399627685544,37.53609962463379,-0.13278052167457588,-0.1867856240761788,0.05400510240160292,78.8672601970345,65.31778583018497,-0.003233017854942566,1.303336251716285
IJH,2018-04-16,34.04536437988281,37.99800109863281,38.09000015258789,37.698001861572266,37.827999114990234,5239000,53.62592177708516,37.7052001953125,37.49899959564209,-0.08270954320106938,-0.1659704079011569,0.08326086470008753,88.83619609491562,78.91168136295896,0.01031645334615705,1.3167820593514712
IJH,2018-04-17,34.303401947021484,38.2859992980957,38.39400100708008,38.097999572753906,38.22800064086914,5400000,56.335958511012734,37.83919982910156,37.49379959106445,-0.019563369873502268,-0.136689000295626,0.11712563042212373,90.20615717828855,85.96987115674624,0.007579227652242171,1.3267622503476844
IJH,2018-04-18,34.401954650878906,38.395999908447266,38.60200119018555,38.3380012512207,38.400001525878906,4953000,57.36089734725995,38.00439987182617,37.49239959716797,0.03890804959777938,-0.10156959031694493,0.1404776399147243,93.46563677688012,90.83599668336144,0.0028729717247761855,1.3305740007784337
IJH,2018-04-19,34.233497619628906,38.20800018310547,38.39799880981445,38.03799819946289,38.32600021362305,3616500,54.98532837254942,38.09960021972656,37.475999641418454,0.06927846511528202,-0.06739997923049955,0.13667844434578158,89.4150431237836,91.0289456929841,-0.004896728484167556,1.324058541168529
IJH,2018-04-20,34.020267486572266,37.970001220703125,38.22999954223633,37.87200164794922,38.16600036621094,4122000,52.04668225067187,38.171600341796875,37.50259971618652,0.07329777981495766,-0.03926042742140811,0.11255820723636578,80.7370037643062,87.87256122165665,-0.006228698435253643,1.3158113798049684
IJH,2018-04-23,34.01311111450195,37.96200180053711,38.19200134277344,37.79800033569336,38.029998779296875,3193000,51.94619237352985,38.16440048217773,37.56619987487793,0.0749733828306347,-0.016413665370999544,0.09138704820163425,73.20895905330504,81.1203353137983,-0.00021035613765052474,1.315534590805236
IJH,2018-04-24,33.76581954956055,37.68600082397461,38.268001556396484,37.395999908447266,38.11399841308594,6005000,48.468989543964625,38.04440078735352,37.575199890136716,0.053414607771486544,-0.0024480107425023274,0.05586261851398887,62.803280432219644,72.24974774994364,-0.0072704776728280684,1.3059700259349536
IJH,2018-04-25,33.79090881347656,37.7140007019043,37.86800003051758,37.38399887084961,37.650001525878906,6267500,48.84310930454694,37.90800094604492,37.61429996490479,0.03814872460817753,0.005671336327633645,0.03247738828054389,57.52108157209771,64.51110701920749,0.0007430373155667969,1.306940410397235
IJH,2018-04-26,33.91813659667969,37.85599899291992,37.97800064086914,37.63600158691406,37.79399871826172,3097500,50.79416755437155,37.83760070800781,37.6568998336792,0.03708103053437384,0.011953275168981684,0.025127755365392156,52.57917104208084,57.634511015466074,0.003765148309724742,1.3118612348743532
IJH,2018-04-27,33.86258316040039,37.79399871826172,37.91400146484375,37.599998474121094,37.821998596191406,3882000,49.89930614160966,37.80240020751953,37.67089977264404,0.03087605138091476,0.015737830411368302,0.015138220969546458,47.3760866260965,52.49211308009169,-0.001637868168876233,1.3097125791157698
IJH,2018-04-30,33.50239181518555,37.391998291015625,38.00600051879883,37.391998291015625,37.91999816894531,5258000,44.433322725449315,37.68839950561524,37.70879974365234,-0.006405673506883147,0.011309129627718012,-0.017714803134601158,29.97291405482662,43.309390574334664,-0.01063685376596013,1.295781357936277
IJH,2018-05-01,33.631412506103516,37.5359992980957,37.58599853515625,37.04399871826172,37.332000732421875,5232000,46.68619803569167,37.658399200439455,37.72859973907471,-0.024054743170339066,0.0042363550681065966,-0.028291098238445663,22.668846385955167,33.3392823556261,0.0038510889499980827,1.3007715272054388
IJH,2018-05-02,33.57048797607422,37.46799850463867,37.779998779296875,37.4379997253418,37.507999420166016,3430500,45.743047625860456,37.60919876098633,37.72859973907471,-0.04303279844545216,-0.005217475634605154,-0.037815322810847006,19.816673531002404,24.152811323928077,-0.0018115364621762442,1.2984151321549455
IJH,2018-05-03,33.51851272583008,37.40999984741211,37.54399871826172,36.97999954223633,37.34000015258789,3879000,44.90970933754531,37.519998931884764,37.711499786376955,-0.06203791642042944,-0.01658156379177001,-0.04545635262865943,28.4345759223706,23.640031946442736,-0.0015482423216839347,1.2964048708962284
IJH,2018-05-04,33.97010040283203,37.91400146484375,38.06999969482422,37.20000076293945,37.316001892089844,3208000,52.93392981162415,37.54399948120117,37.75709991455078,-0.036015724082396616,-0.020468395849895335,-0.015547328232501281,37.102694631143514,28.451314694838857,0.013472783852188863,1.313871053506738
IJH,2018-05-07,34.15825653076172,38.124000549316406,38.3120002746582,37.987998962402344,38.04600143432617,3425000,55.821352469311186,37.690399932861325,37.8121000289917,0.0015345327680904575,-0.01606781012629818,0.017602342894388636,51.54132114136629,39.02619723162682,0.005538874648542524,1.3211484205764603
IJH,2018-05-08,34.265777587890625,38.24399948120117,38.284000396728516,38.051998138427734,38.097999572753906,4720500,57.42853670048534,37.831999969482425,37.843499946594235,0.040509326487701,-0.004752382803498344,0.04526170929119935,72.41772189344319,53.68724588865101,0.0031477325850068905,1.3253070425095392
IJH,2018-05-09,34.43959045410156,38.4379997253418,38.54600143432617,38.20399856567383,38.33399963378906,4581000,59.96430845667557,38.02600021362305,37.88689994812012,0.08605929173808136,0.013409952104817598,0.07264933963326375,84.25774085008455,69.40559462829803,0.005072491519129141,1.332029651242911
IJH,2018-05-10,34.69941711425781,38.72800064086914,38.83599853515625,38.518001556396484,38.54999923706055,5544000,63.46741805542449,38.28960037231445,37.9367000579834,0.14389982994795503,0.03950792767344509,0.10439190227450994,92.14138909401224,82.93895061251334,0.007544417826411909,1.3420790394890574
IJH,2018-05-11,34.72808837890625,38.7599983215332,38.89400100708008,38.65399932861328,38.79199981689453,4177500,63.843340712283656,38.45879974365234,37.99419994354248,0.1901291283710833,0.06963216781297274,0.12049696055811057,93.42777079108744,89.94230024506142,0.0008262751087151354,1.3431879659933155
IJH,2018-05-14,34.68867492675781,38.715999603271484,38.9379997253418,38.63999938964844,38.86199951171875,3379000,62.885105476124515,38.57719955444336,38.030099868774414,0.2206720811960068,0.09984015048957956,0.12083193070642723,91.94728653963834,92.50548214157936,-0.0011349156831902407,1.3416635609052372
IJH,2018-05-15,34.588321685791016,38.604000091552734,38.70000076293945,38.43000030517578,38.56999969482422,5595500,60.399948159082605,38.649199676513675,38.045999908447264,0.2331525295548147,0.1265026263026266,0.1066499032521881,88.20083748716513,91.191964939297,-0.002892968416311259,1.3377821705982227
IJH,2018-05-16,34.83203125,38.875999450683594,38.99599838256836,38.645999908447266,38.65800094604492,7209000,64.10950457539388,38.73679962158203,38.069999885559085,0.2619716043015856,0.1535964219024184,0.10837518239916721,88.55045365053711,89.56619255911356,0.007046007216623629,1.347208193426528
IJH,2018-05-17,34.903709411621094,38.95600128173828,39.10200119018555,38.83000183105469,38.87200164794922,8840500,65.14375002112901,38.78239974975586,38.10739994049072,0.2879471325286218,0.1804665640276591,0.10748056850096271,90.03639142777836,88.92922752182687,0.0020578231888528364,1.3499805096871738
IJH,2018-05-18,34.83203125,38.875999450683594,38.99800109863281,38.869998931884766,38.97600173950195,6168000,63.18296995284041,38.805599975585935,38.152699851989745,0.29863496860493655,0.20410024494311457,0.09453472366182197,92.17232435999968,90.2530564794384,-0.002053597248813599,1.347208193426528
IJH,2018-05-21,35.17070388793945,39.25400161743164,39.28200149536133,39.05400085449219,39.06999969482422,7165000,68.0728218885669,38.91320037841797,38.21729984283447,0.33375940084286526,0.23003207612306473,0.10372732471980053,93.75099239543074,91.98656939440293,0.009723022912694779,1.3603071295593843
IJH,2018-05-22,34.92879867553711,38.98400115966797,39.34600067138672,38.96200180053711,39.301998138427734,5205500,61.76282686345556,38.989200592041016,38.28219985961914,0.3359365189188708,0.251212964682226,0.0847235542366448,90.94440417973861,92.28924031172302,-0.006878031590527689,1.3509508941494548
IJH,2018-05-23,34.95746612548828,39.01599884033203,39.02399826049805,38.8120002746582,38.86000061035156,3301000,62.209893296980155,39.0172004699707,38.34729976654053,0.33636642334569444,0.2682436564149197,0.06812276693077474,89.36869457605594,91.35469705040846,0.0008207396486055174,1.3520596731116024
IJH,2018-05-24,34.98793411254883,39.04999923706055,39.09000015258789,38.720001220703125,38.97200012207031,3590500,62.70882661109655,39.03600006103515,38.40699977874756,0.33558228981976157,0.2817113830958881,0.05387090672387346,82.50852429504248,87.60720768361237,0.0008715730983239744,1.353238091950015
IJH,2018-05-25,34.891170501708984,38.94200134277344,39.05799865722656,38.85599899291992,38.965999603271484,3162500,59.99910220272467,39.049200439453124,38.464399909973146,0.32252842395381265,0.289874791267473,0.03265363268633964,77.20157412748081,83.02626433285975,-0.002765628017035171,1.349495538769199
IJH,2018-05-29,34.75676345825195,38.79199981689453,39.013999938964844,38.551998138427734,38.715999603271484,6116000,56.35654893088476,38.956800079345705,38.53439998626709,0.29665956488383216,0.29123174599074486,0.0054278188930872995,66.15696195395748,75.28902012549361,-0.0038521792626718954,1.3442970400396839
IJH,2018-05-30,35.29616165161133,39.39400100708008,39.50600051879883,38.981998443603516,39.0099983215332,7397000,65.42792154560989,39.03880004882812,38.627300071716306,0.3210340914405734,0.2971922150807106,0.02384187635986279,69.9529498352664,71.10382863890158,0.015519229631587361,1.3651594944971228
IJH,2018-05-31,34.901920318603516,38.95399856567383,39.44599914550781,38.91400146484375,39.38399887084961,5571000,56.228639818488254,39.02639999389648,38.701600074768066,0.30137252471113385,0.29802827700679524,0.00334424770433861,63.25949000878753,66.45646726600383,-0.011169524236066986,1.3499113124372402
IJH,2018-06-01,35.104408264160156,39.18000030517578,39.29199981689453,39.13800048828125,39.20399856567383,4781500,59.387240153428614,39.05240020751953,38.79010009765625,0.3005623473795467,0.29853509108134557,0.0020272562982011078,69.33080911036502,67.51441631813967,0.005801627638485796,1.3577429952169806
IJH,2018-06-04,35.30331039428711,39.402000427246094,39.402000427246094,39.15599822998047,39.279998779296875,7038000,62.26759033295168,39.14440002441406,38.86450004577637,0.3142117925711858,0.3016704313793136,0.012541361191872213,69.57862257312387,67.38964056409215,0.005666015750221964,1.3654359884126335
IJH,2018-06-05,35.38752746582031,39.49599838256836,39.5359992980957,39.3120002746582,39.36199951171875,5317500,63.44960993940597,39.28519973754883,38.93309993743897,0.32882345355818643,0.3071010358150882,0.021722417743098243,85.3240084640597,74.74448004918288,0.002385529022423727,1.3686932755912535
IJH,2018-06-06,35.68679428100586,39.83000183105469,39.83000183105469,39.47999954223633,39.54999923706055,3343000,67.36207045211428,39.37239990234375,39.01240005493164,0.3631682100106417,0.3183144706541989,0.04485373935644282,95.4231456666865,83.44192556795672,0.008456844448219814,1.3802681017202532
IJH,2018-06-07,35.70292663574219,39.847999572753906,39.986000061035156,39.678001403808594,39.928001403808594,5432000,67.56355555480296,39.55120010375977,39.082900047302246,0.3873735432071115,0.33212628516478143,0.05524725804233005,95.43713966295523,92.06143126456716,0.000452053905691141,1.3808920573065366
IJH,2018-06-08,35.89645767211914,40.06399917602539,40.07400131225586,39.763999938964844,39.827999114990234,6438000,69.96037065585413,39.72799987792969,39.149699974060056,0.4191540598675232,0.3495318401053298,0.0696222197621934,96.5731262266742,95.81113718543867,0.005420593060939893,1.3883773112102795
IJH,2018-06-11,35.90182113647461,40.06999969482422,40.1879997253418,40.029998779296875,40.108001708984375,5576500,70.0266315622661,39.86159973144531,39.21520004272461,0.4397553144786599,0.3675765349799959,0.07217877949866403,94.16888995817199,95.39305194926716,0.0001494148643985671,1.388584755417968
IJH,2018-06-12,35.953792572021484,40.12799835205078,40.22800064086914,40.00199890136719,40.125999450683594,4144500,70.69938111559995,39.987999725341794,39.285799980163574,0.4555111155113991,0.38516345108627653,0.07034766442512258,95.38780240570331,95.37660619684986,0.0014475988655091587,1.3905948691345744
IJH,2018-06-13,35.73696517944336,39.88600158691406,40.20000076293945,39.86600112915039,40.20000076293945,3928500,64.22229065273905,39.99919967651367,39.34990005493164,0.44335980895336036,0.3968027226596933,0.04655708629366706,88.80497847253424,92.78722361213653,-0.006030723800383053,1.382208575560594
IJH,2018-06-14,35.821189880371094,39.97999954223633,40.029998779296875,39.75400161743164,40.02199935913086,6657000,65.54278941126113,40.02559967041016,39.40510005950928,0.4362854334825599,0.40469926482426666,0.03158616865829322,86.27682157591978,90.1565341513858,0.0023567950021727846,1.3854661578234355
IJH,2018-06-15,35.74054718017578,39.88999938964844,39.96799850463867,39.625999450683594,39.84000015258789,26013500,63.139872848284476,39.99079971313476,39.45179996490479,0.41859141849435133,0.4074776955582836,0.011113722936067716,81.54335683753874,85.5417189619976,-0.0022512568807632194,1.382347117602571
IJH,2018-06-18,35.806846618652344,39.9640007019043,40.02399826049805,39.678001403808594,39.71200180053711,6089500,64.2988550679693,39.969599914550784,39.50620002746582,0.40586155224771403,0.40715446689616974,-0.001292914648455712,81.64812645574987,83.15610162306949,0.0018550202419211903,1.3849113994870852
IJH,2018-06-19,35.75309753417969,39.90399932861328,39.91999816894531,39.44599914550781,39.678001403808594,5393500,62.58068284099132,39.924800109863284,39.5386999130249,0.38647637310536,0.4030188481380078,-0.01654247503264783,78.36130309553343,80.5175954629407,-0.001501083997847985,1.3828325311468779
IJH,2018-06-20,35.93050765991211,40.10200119018555,40.145999908447266,39.88800048828125,40.04399871826172,5376500,65.82596512896534,39.96800003051758,39.594599914550784,0.3826792858331487,0.39895093567703604,-0.016271649843887348,81.23047908534153,80.41330287887496,0.004962091062538532,1.3896942720906693
IJH,2018-06-21,35.681419372558594,39.82400131225586,40.11800003051758,39.709999084472656,40.10200119018555,4283000,58.19464519396388,39.93680038452148,39.63500003814697,0.35316671396643073,0.389794091334915,-0.03662737736848426,75.3654498770819,78.3190773526523,-0.006932501196787344,1.3800602148862322
IJH,2018-06-22,35.706512451171875,39.85200119018555,40.099998474121094,39.8380012512207,40.04600143432617,4367000,58.713807880554164,39.92920074462891,39.67510013580322,0.3282532451995266,0.3774859221078373,-0.049232676908310735,69.90201355083276,75.49931417108542,0.0007032533754129933,1.3810307468906242
IJH,2018-06-25,35.18862533569336,39.27399826049805,39.75600051879883,39.11000061035156,39.75600051879883,13487500,46.0111814176748,39.79120025634766,39.69169998168945,0.2588848721996797,0.35376571212620583,-0.09488083992652613,45.31148765335837,63.52631702709103,-0.014503996047967926,1.3610002823956004
IJH,2018-06-26,35.24945831298828,39.172000885009766,39.310001373291016,39.00199890136719,39.1619987487793,5130500,44.19415293642593,39.64480056762695,39.710700035095215,0.19344963408734372,0.3217024965184334,-0.1282528624310897,29.16241883695646,48.12530668038255,0.0017287682231001966,1.3633531364354363
IJH,2018-06-27,34.86431121826172,38.74399948120117,39.41400146484375,38.73400115966797,39.236000061035156,6122000,37.50163645572382,39.373200225830075,39.67819995880127,0.10583559327855596,0.2785291158704579,-0.17269352259190196,9.734815664557672,28.069574051624187,-0.010926326620589455,1.3484566947675376
IJH,2018-06-28,35.0154914855957,38.9119987487793,38.99399948120117,38.551998138427734,38.72999954223633,6304000,41.26168130053886,39.190799713134766,39.676099967956546,0.04938766136020689,0.23270082496840774,-0.18331316360820085,12.005107882980212,16.967447461498136,0.0043362470690313515,1.354303936157939
IJH,2018-06-29,35.05508804321289,38.95600128173828,39.28200149536133,38.9379997253418,39.060001373291016,5630000,42.24183179159813,39.011599731445315,39.66490001678467,0.008109424892580819,0.18778254495324237,-0.17967312006066155,15.418037789208332,12.385987112248758,0.0011308296967207365,1.3558354232673322
IJH,2018-07-02,35.069488525390625,38.97200012207031,38.9900016784668,38.625999450683594,38.72999954223633,7536500,42.61676318254113,38.95120010375977,39.643400001525876,-0.023047228095649075,0.14561659034346408,-0.16866381843911316,23.690132704212946,17.037759458800515,0.0004107957783470173,1.3563923947353438
IJH,2018-07-03,35.15946960449219,39.071998596191406,39.316001892089844,39.012001037597656,39.108001708984375,4509500,45.01913122593449,38.931199645996095,39.62220001220703,-0.03921797847739583,0.1086496765792921,-0.14786765505668792,27.40433546930157,22.17083532090764,0.002565793881949885,1.3598726180432792
IJH,2018-07-05,35.469024658203125,39.41600036621094,39.41600036621094,39.03200149536133,39.27399826049805,8799500,52.40155913887429,39.065599822998045,39.60149993896484,-0.023998704632738566,0.08212000033688598,-0.10611870496962454,37.43706157432748,29.510509915947353,0.008804315229811843,1.3718453652449218
IJH,2018-07-06,35.728179931640625,39.70399856567383,39.779998779296875,39.31999969482422,39.402000427246094,4991000,57.541583619540255,39.22399978637695,39.59429988861084,0.011172932719901496,0.06793058681348908,-0.05675765409358759,53.03221030429794,39.29120244930902,0.00730652381718544,1.3818687860795793
IJH,2018-07-09,36.08272933959961,40.097999572753906,40.099998474121094,39.827999114990234,39.88600158691406,3040500,63.36943329008752,39.45239944458008,39.59599990844727,0.0700320117493547,0.06835087180066221,0.0016811399486924838,74.48766486860767,54.98564558241105,0.009923522794537787,1.3955817924773002
IJH,2018-07-10,36.071937561035156,40.08599853515625,40.242000579833984,39.92599868774414,40.20399856567383,4218000,63.08539328514769,39.67519912719727,39.59679985046387,0.11439124147405266,0.0775589457353403,0.036832295738712356,86.67625863939855,71.39871127076806,-0.0002990843198940052,1.3951643958460407
IJH,2018-07-11,35.764183044433594,39.74399948120117,40.013999938964844,39.70000076293945,39.880001068115234,13494000,55.456787264701305,39.80959930419922,39.577599906921385,0.12056004403146403,0.08615916539456506,0.034400878636898974,86.09677833177803,82.42023394659476,-0.008531687993771575,1.3832612885206634
IJH,2018-07-12,35.87215805053711,39.86399841308594,39.981998443603516,39.63600158691406,39.97800064086914,6607000,57.40318100407458,39.89919891357422,39.57649974822998,0.13359181217943217,0.09564569475153849,0.03794611742789368,79.64489508469067,84.1393106852891,0.003019082135033546,1.3874374679649197
IJH,2018-07-13,35.85776901245117,39.847999572753906,40.06399917602539,39.827999114990234,39.854000091552734,5807000,57.04527855234812,39.927999114990236,39.56989974975586,0.14100321235800095,0.10471719827283098,0.036286014085169974,74.95064225263944,80.23077188970272,-0.0004011199456042114,1.3868809391232404
IJH,2018-07-16,35.6741943359375,39.64400100708008,39.933998107910156,39.53799819946289,39.891998291015625,5064500,52.54648869333553,39.83719940185547,39.55759983062744,0.12892960085032712,0.10955967878833021,0.019369922061996905,72.97828861039882,75.85794198257634,-0.005119523092748102,1.3797807701285068
IJH,2018-07-17,35.83256530761719,39.81999969482422,39.88399887084961,39.571998596191406,39.604000091552734,7626000,55.786161997727106,39.783999633789065,39.55039978027344,0.13204071677290585,0.11405588638524536,0.017984830387660494,72.11046504628793,73.34646530310874,0.004439370660717312,1.3859061283976373
IJH,2018-07-18,35.95493698120117,39.95600128173828,39.965999603271484,39.66600036621094,39.80400085449219,4732000,58.16306756093014,39.82639999389649,39.552999877929686,0.14382259268518283,0.12000922764523286,0.023813365039949963,74.24067319152009,73.1098089494023,0.00341509664556372,1.3906391317677942
IJH,2018-07-19,36.107933044433594,40.125999450683594,40.194000244140625,39.7599983215332,39.88999938964844,5499000,60.986355572423044,39.87880020141601,39.55419979095459,0.16497551073533856,0.129002484263254,0.03597302647208456,83.64275862730166,76.66463228836992,0.004255217115591625,1.396556603202904
IJH,2018-07-20,35.8847541809082,39.87799835205078,40.07400131225586,39.86199951171875,40.03200149536133,4951500,55.14035379494324,39.88479995727539,39.55689964294434,0.15988468355338625,0.13517892412128046,0.02470575943210579,84.45794392783141,80.78045858221775,-0.006180881726205456,1.3879246520145556
IJH,2018-07-23,35.89736557006836,39.891998291015625,39.97200012207031,39.72800064086914,39.88199996948242,4188000,55.40025950101718,39.9343994140625,39.55889949798584,0.15519090031055072,0.13918131935913453,0.01600958095141619,80.6137871668927,82.90482990734193,0.00035144142541909673,1.3884124262326338
IJH,2018-07-24,35.62739944458008,39.59199905395508,40.0620002746582,39.45399856567383,40.0620002746582,6386500,48.8666758121919,39.88879928588867,39.57479953765869,0.1258133144680471,0.13650771838091705,-0.010694403912869938,65.10015638800455,76.72396249424291,-0.007520499657874158,1.3779708710561631
IJH,2018-07-25,35.729984283447266,39.70600128173828,39.720001220703125,39.395999908447266,39.5880012512207,5274000,51.220918080458986,39.83879928588867,39.60149955749512,0.110457112226932,0.13129759715012004,-0.020840484923188046,53.23032848338656,66.31475734609462,0.0028793804899165387,1.3819385734979555
IJH,2018-07-26,35.893768310546875,39.88800048828125,40.01599884033203,39.66600036621094,39.715999603271484,4625000,54.798891048803604,39.7911994934082,39.65869960784912,0.11168558435796427,0.1273751945916889,-0.015689610233724616,48.767505810107025,55.69933022716606,0.004583937843361641,1.388273294022214
IJH,2018-07-27,35.4924201965332,39.44200134277344,39.95000076293945,39.30400085449219,39.922000885009766,5271000,45.91150272972388,39.704000091552736,39.68519973754883,0.07579701291745522,0.11705955825684217,-0.04126254533938695,38.244634109285386,46.747489467593006,-0.0111815541500484,1.3727502410100385
IJH,2018-07-30,35.33763885498047,39.27000045776367,39.58599853515625,39.24800109863281,39.46200180053711,4858500,43.014189379472015,39.57960052490235,39.7008996963501,0.03309453434741272,0.10026655347495629,-0.06717201912754357,25.064592128915965,37.358910682769476,-0.004360968925073538,1.3667637198671065
IJH,2018-07-31,35.6525993347168,39.619998931884766,39.75,39.32400131225586,39.36199951171875,6294500,49.937399570601315,39.585200500488284,39.73329963684082,0.027181137000518163,0.08564947018006867,-0.05846833317955051,18.78699977972286,27.365408672641422,0.008912889766881982,1.3789455342396557
IJH,2018-08-01,35.555416107177734,39.512001037597656,39.63999938964844,39.40599822998047,39.5880012512207,5268500,47.999585547558524,39.546400451660155,39.755299758911136,0.013623160195855633,0.07124420818322608,-0.057621047987370444,23.185261652445536,22.345617853694804,-0.0027258384901105437,1.3751867514266591
IJH,2018-08-02,35.84516525268555,39.83399963378906,39.88399887084961,39.310001373291016,39.32600021362305,4522500,53.76086859520706,39.53560028076172,39.77619972229004,0.028532061709505285,0.06270177888848191,-0.03416971717897663,43.05840067530149,28.343554035823317,0.00814922667855722,1.3863934599893837
IJH,2018-08-03,35.949546813964844,39.95000076293945,40.018001556396484,39.763999938964844,39.86800003051758,3517500,55.66649346453621,39.63720016479492,39.78849983215332,0.04914132463152043,0.059989688037089615,-0.010848363405569182,54.68638267443047,40.310015000725855,0.00291201227678739,1.3904306547653305
IJH,2018-08-06,36.124122619628906,40.14400100708008,40.18199920654297,39.895999908447266,39.97999954223633,6199000,58.72979083264092,39.8120002746582,39.790799903869626,0.0802039709020832,0.06403254461008834,0.01617142629199486,76.95560537875487,58.23346290949562,0.004856133696691023,1.3971827719208485
IJH,2018-08-07,36.20871353149414,40.237998962402344,40.40999984741211,40.231998443603516,40.23400115966797,4016500,60.1659812093961,39.93560028076172,39.798399925231934,0.11112520904971745,0.07345107749801416,0.037674131551703294,84.7065752703774,72.11618777452092,0.0023416738104877766,1.4004545182263202
IJH,2018-08-08,36.122318267822266,40.141998291015625,40.231998443603516,39.99399948120117,40.231998443603516,6941000,57.948017322763604,40.06159973144531,39.81829986572266,0.1264266929687281,0.08404620059215695,0.042380492376571155,85.61622134213258,82.4261339970883,-0.0023860351624127585,1.3971129845024723
IJH,2018-08-09,36.08094024658203,40.09600067138672,40.30799865722656,40.08000183105469,40.183998107910156,5910500,56.866323404123705,40.113999938964845,39.8298999786377,0.1333049492543168,0.09389795032458892,0.03940699892972788,78.37055567045618,82.89778409432206,-0.0011454973884412745,1.3955125952273673
IJH,2018-08-10,35.8775634765625,39.869998931884766,40.09600067138672,39.79600143432617,39.88800048828125,6273500,51.754508680715155,40.097999572753906,39.83099994659424,0.11914612297359639,0.09894758485439042,0.020198538119205967,67.81403166661742,77.26693622640208,-0.005636681545148958,1.3876465351358263
IJH,2018-08-13,35.69038772583008,39.6619987487793,40.00199890136719,39.54199981689453,39.874000549316406,6487500,47.52062684063539,40.00159912109375,39.8318998336792,0.09010262768572375,0.0971785934206571,-0.007075965734933354,54.04466680454743,66.7430847138737,-0.00521706973927305,1.380407086388562
IJH,2018-08-14,36.01974105834961,40.02799987792969,40.14400100708008,39.762001037597656,39.77399826049805,7165500,54.56418713926647,39.959599304199216,39.84229984283447,0.09551761315950813,0.09684639736842732,-0.001328784208919187,52.093982160854324,57.984226877339744,0.009228068214041096,1.3931455771449013
IJH,2018-08-15,35.69038772583008,39.6619987487793,39.874000549316406,39.358001708984375,39.874000549316406,9547500,47.67346136940787,39.863599395751955,39.827599716186526,0.06947493206676114,0.09137210430809409,-0.021897172241332946,46.12724644437221,50.75529846992467,-0.009143689622476803,1.380407086388562
IJH,2018-08-16,35.97474670410156,39.97800064086914,40.17599868774414,39.79999923706055,39.827999114990234,5202500,53.17208551274169,39.83999938964844,39.8201997756958,0.07348751312015622,0.08779518607050651,-0.014307672950350292,55.192141233682726,51.13778994630311,0.0079673827153659,1.3914053179488228
IJH,2018-08-17,36.16011047363281,40.183998107910156,40.21799850463867,39.84600067138672,39.94200134277344,4816000,56.38931345217716,39.90279922485352,39.83549976348877,0.0922266550413795,0.08868147986468111,0.0035451751766983897,59.30172328408653,53.54037032071383,0.005152608051862018,1.3985746841934896
IJH,2018-08-20,36.29690170288086,40.33599853515625,40.40999984741211,40.167999267578125,40.2760009765625,5299000,58.64694086210724,40.03759918212891,39.8576997756958,0.11798269313558052,0.094541722518861,0.023440970616719514,78.51656838792165,64.33681096856365,0.0037829317293649467,1.4038653967422117
IJH,2018-08-21,36.58845520019531,40.65999984741211,40.763999938964844,40.400001525878906,40.4119987487793,8962500,63.039194550579715,40.16399917602539,39.91109981536865,0.1626636516726876,0.10816610834962632,0.05449754332306127,88.52475395140907,75.44768187447244,0.008032462376570182,1.4151418927233121
IJH,2018-08-22,36.58305358886719,40.65399932861328,40.75199890136719,40.582000732421875,40.65999984741211,3798000,62.90593507159214,40.36239929199219,39.9584997177124,0.19533770997652766,0.1256004286750066,0.06973728130152107,92.76541222995166,86.60224485642748,-0.00014763157664265947,1.4149329730945164
IJH,2018-08-23,36.45707702636719,40.513999938964844,40.69200134277344,40.43000030517578,40.65800094604492,10594500,59.73325929543216,40.46959915161133,39.989799690246585,0.207542930157409,0.14198892897148707,0.06555400118592192,89.08089227567156,90.12368615234412,-0.0034435770156250323,1.4100605424297181
IJH,2018-08-24,36.593849182128906,40.66600036621094,40.73400115966797,40.571998596191406,40.625999450683594,3347000,61.975591172040296,40.565999603271486,40.05099964141846,0.22686565321156138,0.15896427381950193,0.06790137939205945,89.14175534175858,90.32935328246062,0.003751594118826418,1.4153505172678866
IJH,2018-08-27,36.766632080078125,40.858001708984375,41.04800033569336,40.801998138427734,40.81800079345703,5848500,64.6532030076147,40.67040023803711,40.13039970397949,0.25473552165800584,0.17811852338720274,0.0766169982708031,88.00213364855199,88.7415937553274,0.004721637701715187,1.4220332896313608
IJH,2018-08-28,36.764827728271484,40.85599899291992,40.986000061035156,40.6879997253418,40.93199920654297,5977500,64.60210174926617,40.70960006713867,40.19219970703125,0.2735081589410058,0.19719645049796336,0.07631170844304241,90.14210891072901,89.09533263367989,-4.907579793300698e-05,1.4219635022129848
IJH,2018-08-29,36.890804290771484,40.99599838256836,41.040000915527344,40.7239990234375,40.89799880981445,5096000,66.59006617694712,40.77799987792969,40.26639957427979,0.2962672060270961,0.21701060160378993,0.07925660442330618,91.43979733181646,89.86134663036584,0.0034265511436935014,1.426835932877783
IJH,2018-08-30,36.70003128051758,40.784000396728516,40.95800018310547,40.7239990234375,40.90399932861328,6754500,61.00313215927609,40.831999969482425,40.31389961242676,0.2938105835799547,0.2323705979990229,0.061439985580931805,89.9802041880444,90.52070347686329,-0.00517128899522612,1.419457351920099
IJH,2018-08-31,36.77743148803711,40.869998931884766,40.928001403808594,40.672000885009766,40.69200134277344,6117500,62.38194229274491,40.872799682617185,40.35989952087402,0.29539789263149885,0.2449760569255181,0.050421835705980744,90.25633733086845,90.55877961690977,0.0021089956825355305,1.4224509813468418
IJH,2018-09-04,36.70903015136719,40.79399871826172,40.95600128173828,40.582000732421875,40.84000015258789,5794500,60.35113540593525,40.859999084472655,40.39239940643311,0.2872124579796562,0.25342333713634574,0.03378912084331048,86.27211980717328,88.83622044202872,-0.0018598725876811661,1.4198054037593146
IJH,2018-09-05,36.687442779541016,40.77000045776367,40.81800079345703,40.45399856567383,40.74599838256836,4125000,59.69034540821681,40.84279937744141,40.41899948120117,0.2756119005576565,0.2578610498206079,0.017750850737048574,84.05401954805109,86.86082556203097,-0.0005880670706133184,1.4189704629546849
IJH,2018-09-06,36.56864929199219,40.63800048828125,40.91600036621094,40.54999923706055,40.81999969482422,5863500,56.054799996841666,40.771199798583986,40.443799591064455,0.2528523562876117,0.2568593111140087,-0.004006954826397013,76.1949602812939,82.17369987883944,-0.0032379876750383563,1.414375854084394
IJH,2018-09-07,36.49126434326172,40.551998138427734,40.757999420166016,40.41600036621094,40.52000045776367,7582000,53.75745939782531,40.72479934692383,40.466599464416504,0.22527870986221643,0.2505431908636503,-0.02526448100143386,62.416918973820856,74.22196626772195,-0.0021161555110380537,1.4113828148260943
IJH,2018-09-10,36.57045364379883,40.63999938964844,40.790000915527344,40.582000732421875,40.69599914550781,3439000,55.75563547335967,40.67879943847656,40.50509948730469,0.20812818971335645,0.24206019063359155,-0.0339320009202351,48.8543813179304,62.4887535243484,0.0021700892518330406,1.4144456415027702
IJH,2018-09-11,36.62445831298828,40.70000076293945,40.79199981689453,40.470001220703125,40.55799865722656,8062000,57.116270488400005,40.65999984741211,40.556999588012694,0.19710577561750853,0.23306930763037498,-0.03596353201286645,41.869910520431425,51.04707027072758,0.0014767295400670566,1.4165343951643965
IJH,2018-09-12,36.65144729614258,40.72999954223633,40.78200149536133,40.45000076293945,40.68000030517578,6377500,57.814778023983195,40.65199966430664,40.592099571228026,0.18861682644794797,0.22417881139388957,-0.035561984945941594,43.885655176264436,44.869982338208764,0.0007369114629260931,1.4175782555978222
IJH,2018-09-13,36.73243713378906,40.81999969482422,40.917999267578125,40.70600128173828,40.86199951171875,6194500,59.92383840277054,40.68839950561524,40.64999961853027,0.18699596019450127,0.21674224115401192,-0.02974628095951065,52.848045872944006,46.20120385654664,0.002209730955290423,1.4207107221507633
IJH,2018-09-14,36.871009826660156,40.9739990234375,41.05400085449219,40.79199981689453,40.8380012512207,9529000,63.30450034778298,40.77279968261719,40.69979953765869,0.195879889370282,0.21256977079726597,-0.016689881426983966,67.02263381979758,54.58544495633536,0.0037724883967371614,1.4260703368651972
IJH,2018-09-17,36.5218620300293,40.58599853515625,41.00199890136719,40.5620002746582,40.970001220703125,9410500,51.51384994795838,40.76199951171875,40.719899559020995,0.16965637738731942,0.20398709211527666,-0.034330714727957234,59.343315255185736,59.737998315975794,-0.009469439493854148,1.4125662500962721
IJH,2018-09-18,36.678436279296875,40.7599983215332,40.84000015258789,40.529998779296875,40.65399932861328,7837500,55.51527945297208,40.7739990234375,40.74109954833985,0.16105780962006122,0.1954012356162336,-0.03434342599617238,56.00804394272776,60.791331005903714,0.0042871376365980485,1.418622116031248
IJH,2018-09-19,36.559661865234375,40.62799835205078,40.95600128173828,40.555999755859375,40.763999938964844,5267000,52.00870315654543,40.75359878540039,40.739499473571776,0.14195571127253004,0.1847121307474929,-0.042756419474962865,37.93069772633055,51.09401897474803,-0.0032382627535717523,1.414028244871511
IJH,2018-09-20,36.831417083740234,40.93000030517578,40.959999084472656,40.70600128173828,40.79999923706055,4170500,58.47172029613639,40.7755989074707,40.7532995223999,0.14946327479628252,0.17766235955725082,-0.0281990847609683,55.90360821454764,49.947449961202004,0.007433198356910475,1.4245389972979148
IJH,2018-09-21,36.72883987426758,40.816001892089844,41.09400177001953,40.801998138427734,41.0099983215332,11174000,55.436817075615366,40.74399948120117,40.76839962005615,0.14454809332460172,0.171039506310721,-0.02649141298611929,57.59661471413475,50.476973551670994,-0.002785046506340927,1.4205715899403437
IJH,2018-09-24,36.59925079345703,40.672000885009766,40.84199905395508,40.47200012207031,40.81399917602539,7860000,51.78071411441116,40.761199951171875,40.768699645996094,0.12756263612730123,0.16234413227403705,-0.03478149614673581,59.10648519386504,57.535569374182494,-0.003528265016106258,1.4155594368966828
IJH,2018-09-25,36.57585906982422,40.645999908447266,40.75600051879883,40.60599899291992,40.75400161743164,5059000,51.125077910477266,40.738400268554685,40.75809955596924,0.11072708451044377,0.15202072272131842,-0.041293638210874645,43.55947652109331,53.42085880969771,-0.0006391312151393658,1.4146547086736772
IJH,2018-09-26,36.24007797241211,40.10599899291992,40.52199935913086,40.082000732421875,40.5099983215332,6159000,39.84204139594586,40.63400039672852,40.72059955596924,0.05319799428980332,0.1322561770350154,-0.07905818274521209,24.684214565808094,42.450058760255494,-0.009180402209312266,1.4016676094607554
IJH,2018-09-27,36.267181396484375,40.13600158691406,40.310001373291016,40.05799865722656,40.167999267578125,7102500,40.626078715751284,40.47520065307617,40.67759971618652,0.009912469628837073,0.10778743555377975,-0.09787496592494267,14.607916985856535,27.617202690919328,0.0007478853685938258,1.402715896157503
IJH,2018-09-28,36.37742233276367,40.257999420166016,40.38199996948242,40.0359992980957,40.0359992980957,5458500,43.83170493892897,40.363600158691405,40.6512996673584,-0.014381632448724702,0.08335362195327886,-0.09773525440200356,10.294511386143965,16.528880979269545,0.003039688556828013,1.4069797156155337
IJH,2018-10-01,36.10091781616211,39.95199966430664,40.44599914550781,39.858001708984375,40.44599914550781,5580500,38.252967442066385,40.219599914550784,40.605399703979494,-0.0576618167951537,0.05515053420359235,-0.11281235099874605,12.039059722110329,12.313829364703624,-0.007600992562700748,1.3962852732612692
IJH,2018-10-02,35.95454406738281,39.790000915527344,40.06999969482422,39.737998962402344,39.981998443603516,10975500,35.664965296874584,40.0484001159668,40.555199813842776,-0.10383665552424048,0.02335309625802579,-0.12718975178226627,10.807635275512851,11.047068794589064,-0.004054571396901352,1.3906239349303895
IJH,2018-10-03,36.09911346435547,39.95000076293945,40.141998291015625,39.8120002746582,39.95800018310547,6782500,39.98374438019266,40.0172004699707,40.514199829101564,-0.12606667917342662,-0.0065308588282646934,-0.11953582034516193,9.024758415669758,10.623817804430994,0.004020893623396082,1.396215485842893
IJH,2018-10-04,35.708763122558594,39.518001556396484,39.86399841308594,39.36800003051758,39.847999572753906,7411500,33.4538316028623,39.89360046386719,40.45819988250732,-0.17650818222195852,-0.04052632350700346,-0.13598185871495505,9.386652279860044,9.739681990347565,-0.01081329440908041,1.3811177967359565
IJH,2018-10-05,35.4503173828125,39.231998443603516,39.61000061035156,39.0,39.53799819946289,8041500,29.9647791875948,39.68840026855469,40.39219989776611,-0.23683145221529855,-0.07978734924866249,-0.15704410296663607,11.801400969847117,10.07093722179232,-0.0072375998815490394,1.371121818733895
IJH,2018-10-08,35.4503173828125,39.231998443603516,39.30799865722656,38.948001861572266,39.125999450683594,5030500,29.964779187594797,39.54440002441406,40.32179985046387,-0.2813943395067682,-0.12010874730028363,-0.16128559220648453,11.00121636009394,10.729756536600382,0.0,1.371121818733895
IJH,2018-10-09,35.25153350830078,39.012001037597656,39.27799987792969,38.987998962402344,39.124000549316406,6391500,27.414121770246417,39.388800048828124,40.237399864196775,-0.3306511600631481,-0.16221722985285653,-0.16843393021029157,9.098403221862917,10.633673517268006,-0.005607393365908098,1.3634333993436747
IJH,2018-10-10,34.33527755737305,37.99800109863281,38.970001220703125,37.95600128173828,38.95000076293945,13879500,19.271534801456003,38.998400115966795,40.1007999420166,-0.44636346577189556,-0.21904647703666436,-0.2273169887352312,5.851481773195785,8.650367118384228,-0.02599194587412712,1.3279951122249567
IJH,2018-10-11,33.626853942871094,37.2140007019043,38.029998779296875,37.189998626708984,37.81800079345703,20837500,15.450410765490243,38.53759994506836,39.92049999237061,-0.5944758341913072,-0.29413234846759295,-0.3003434857237143,1.6593037818858516,5.536396258981532,-0.020632529133285837,1.300595214383114
IJH,2018-10-12,33.69913101196289,37.29399871826172,37.736000061035156,36.79399871826172,37.715999603271484,16166000,17.253316610055602,38.15,39.73649997711182,-0.6973620265575988,-0.37477828408559416,-0.32258374247200466,4.871846728883194,4.127544094654958,0.002149385405324722,1.3033906947551444
IJH,2018-10-15,33.84551239013672,37.45600128173828,37.72200012207031,37.2140007019043,37.257999420166016,14098500,20.930359216902943,37.79480056762695,39.58000011444092,-0.757100439711877,-0.4512427152108508,-0.3058577245010262,10.344896849129478,5.625349119966189,0.004343773081919133,1.3090523281702455
IJH,2018-10-16,34.564788818359375,38.25199890136719,38.27399826049805,37.422000885009766,37.694000244140625,7466500,35.983147397720344,37.64280014038086,39.454600143432614,-0.7317777289112257,-0.5073497179509259,-0.22442801096029985,23.433596558396378,12.883446712136363,0.021251751781198314,1.3368719833171194
IJH,2018-10-17,34.47985076904297,38.15800094604492,38.25400161743164,37.71799850463867,38.20000076293945,9393500,35.132580349132105,37.674800109863284,39.33110027313232,-0.7110970632793112,-0.548099187016603,-0.16299787626270823,31.676786895977056,21.81842676783432,-0.0024573576816211418,1.333586810679571
IJH,2018-10-18,33.964805603027344,37.5880012512207,38.11800003051758,37.4640007019043,38.04399871826172,7194500,30.434537137390922,37.74960021972656,39.16400032043457,-0.7322606534593277,-0.584931480305148,-0.1473291731541797,33.004787521108604,29.371723658494023,-0.014937569465296119,1.313666265057042
IJH,2018-10-19,33.74431228637695,37.34400177001953,37.84000015258789,37.2400016784668,37.683998107910156,5472000,28.667308110834966,37.75960083007813,38.990400314331055,-0.7599613091838364,-0.6199374460808857,-0.14002386310295067,25.172947942137995,29.951507453074566,-0.006491817419109203,1.3051381835146487
IJH,2018-10-22,33.56901550292969,37.150001525878906,37.481998443603516,37.11800003051758,37.43600082397461,5035000,27.309501363611826,37.69840087890625,38.81430034637451,-0.7884793773417869,-0.6536458323330661,-0.1348335450087208,16.267562893104824,24.815099452117153,-0.005194854230827994,1.2983581809002025
IJH,2018-10-23,33.24009704589844,36.7859992980957,37.034000396728516,36.15800094604492,36.63999938964844,10146000,24.924122463935785,37.40520095825195,38.621300315856935,-0.8308742879172826,-0.6890915234499094,-0.14178276446737315,14.66885709092133,18.70312264205473,-0.009798275347173813,1.2856365099444866
IJH,2018-10-24,32.22443771362305,35.6619987487793,36.86199951171875,35.645999908447266,36.77199935913086,12490500,19.31409356024414,36.90600051879883,38.3991003036499,-0.9442848823259737,-0.7401301952251222,-0.2041546871008515,9.327454450624163,13.421291478216787,-0.030555245698379085,1.2463535705043263
IJH,2018-10-25,32.70335388183594,36.19200134277344,36.39400100708008,35.75600051879883,35.869998931884766,9530000,27.590416473520612,36.626800537109375,38.20190029144287,-0.9800988461472002,-0.7881239254095379,-0.1919749207376623,10.752997949055837,11.583103163533792,0.014861893711505259,1.2648767447961167
IJH,2018-10-26,32.347320556640625,35.79800033569336,36.2140007019043,35.263999938964844,35.847999572753906,12734000,25.496656033656315,36.31760025024414,37.97890033721924,-1.0284192816585644,-0.8361829966593433,-0.19223628499922119,9.538993663866348,9.873148687848797,-0.01088675267013084,1.2511063445173212
IJH,2018-10-29,32.21721649169922,35.65399932861328,36.54999923706055,35.27199935913086,36.21799850463867,12232000,24.757182172955346,36.01839981079102,37.76400032043457,-1.0660445546991184,-0.8821553082672984,-0.18388924643182003,12.912277653388328,11.068089755436851,-0.004022097122807766,1.2460742732887116
IJH,2018-10-30,32.78829574584961,36.2859992980957,36.32400131225586,35.61800003051758,35.6879997253418,18175000,33.828066665061556,35.918399810791016,37.588800239562985,-1.032958437097541,-0.9123159340333469,-0.12064250306419422,19.260129801207775,13.90380037282083,0.017725902990332276,1.268162064975776
IJH,2018-10-31,32.90034866333008,36.40999984741211,36.72800064086914,36.38399887084961,36.599998474121094,13577000,35.47177788625565,36.06800003051758,37.41180019378662,-0.9853728773548625,-0.9269273226976501,-0.05844555465721235,27.516683080230848,19.896363511608996,0.003417466962876592,1.2724959669364042
IJH,2018-11-01,33.552738189697266,37.13199996948242,37.16999816894531,36.487998962402344,36.571998596191406,11150500,44.16804510370287,36.25599975585938,37.29250011444092,-0.879265971780427,-0.9173950525142055,0.03812908073377852,44.695476729700026,30.4907632037129,0.01982925874260788,1.2977286187137111
IJH,2018-11-02,33.58528137207031,37.167999267578125,37.41600036621094,36.83399963378906,37.332000732421875,8675000,44.5691666859248,36.529999542236325,37.18930015563965,-0.7832419168893452,-0.8905644253892334,0.10732250849988823,54.46292369883053,42.225027836253815,0.0009699113732255515,1.2989873004603618
IJH,2018-11-05,33.7388916015625,37.3380012512207,37.465999603271484,37.077999114990234,37.20399856567383,10238500,46.52307534847295,36.866799926757814,37.09460029602051,-0.6855221496397803,-0.8495559702393429,0.16403382059956262,64.89340555034825,54.68393532629295,0.004573736566040321,1.3049285261752994
IJH,2018-11-06,33.93407440185547,37.55400085449219,37.59400177001953,37.26599884033203,37.30400085449219,6641500,48.983700464353355,37.12040023803711,37.02170028686523,-0.5839181226204317,-0.7964284007155606,0.2125102780951289,70.95289065312677,63.436406634101864,0.005785098176845027,1.3124776658129893
IJH,2018-11-07,34.454551696777344,38.130001068115234,38.15599822998047,37.58399963378906,37.80400085449219,6414000,54.93815970875522,37.46440048217774,37.028300285339355,-0.45171075537755456,-0.7274848716479595,0.27577411627040493,82.90130361069157,72.91586660472221,0.015337895731536877,1.3326083114011997
IJH,2018-11-08,34.31721115112305,37.97800064086914,38.178001403808594,37.83000183105469,38.0260009765625,4261500,53.17438662915832,37.63360061645508,37.0665002822876,-0.35510717403735015,-0.6530093321258377,0.2979021580884875,90.82530555786953,81.55983327389598,-0.003986136486783587,1.3272963527885324
IJH,2018-11-09,33.952144622802734,37.57400131225586,37.82600021362305,37.32600021362305,37.78200149536133,4955500,48.699201927766616,37.71480102539063,37.0805004119873,-0.30760166872814665,-0.5839277994462996,0.27632613071815293,90.50337001737677,88.07665972864596,-0.010638001051794799,1.3131765727915246
IJH,2018-11-12,33.41178894042969,36.97600173950195,37.599998474121094,36.91999816894531,37.54399871826172,5310000,42.938677141779436,37.642401123046874,37.05650043487549,-0.3145804932357379,-0.5300583382041872,0.21547784496844935,77.05331148021699,86.12732901848779,-0.015915215029160046,1.292277085264292
IJH,2018-11-13,33.42805480957031,36.99399948120117,37.46200180053711,36.89799880981445,37.10200119018555,6555500,43.15660964272409,37.53040084838867,36.99360046386719,-0.31502755306214425,-0.4870521811757787,0.17202462811363445,65.79729838231084,77.78465995996822,0.0004868302373639555,1.2929062048244513
IJH,2018-11-14,33.232872009277344,36.77799987792969,37.40599822998047,36.51599884033203,37.310001373291016,7552000,41.126490883950964,37.26000061035156,36.92460041046142,-0.32901849360804647,-0.4554454436622323,0.1264269500541858,56.69181869593447,66.51414285282078,-0.005838891954822567,1.2853570651867616
IJH,2018-11-15,33.626853942871094,37.2140007019043,37.284000396728516,36.433998107910156,36.58599853515625,12200500,46.58822067806831,37.107200622558594,36.905900382995604,-0.3014498657003628,-0.4246463280698584,0.12319646236949561,59.3839396830615,60.62435225376896,0.011855187643239562,1.3005952143831143
IJH,2018-11-16,33.65034484863281,37.2400016784668,37.347999572753906,36.9640007019043,37.051998138427734,7250500,46.90456098921553,37.040400695800784,36.900700378417966,-0.2743410352696998,-0.3945852695098267,0.12024423424012692,60.714234813702525,58.929997730899515,0.0006985757811786009,1.301503778700999
IJH,2018-11-19,33.19853591918945,36.7400016784668,37.31999969482422,36.61000061035156,37.18199920654297,12864500,41.780060027374574,36.99320068359375,36.88020038604736,-0.28986156943063435,-0.3736405294939883,0.08377896006335395,50.010237067611946,56.702803854792,-0.013426576502431176,1.2840290386480668
IJH,2018-11-20,32.63286590576172,36.11399841308594,36.54999923706055,35.9640007019043,36.30799865722656,7755000,36.415715868631025,36.8172004699707,36.84660034179687,-0.348655848767379,-0.3686435933486665,0.019987744581287492,29.992806760694222,46.90575954733625,-0.01703900481649745,1.2621504616740198
IJH,2018-11-21,32.985286712646484,36.50400161743164,36.821998596191406,36.24800109863281,36.25,4407000,41.45868497113291,36.7624008178711,36.88870048522949,-0.35963509008036,-0.36684189269500517,0.00720680261464518,17.00309747314085,32.33538043381569,0.010799566544430927,1.2757811395739527
IJH,2018-11-23,32.94009780883789,36.45399856567383,36.736000061035156,36.20800018310547,36.24599838256836,1975000,41.009593298298576,36.610400390625,36.901800346374515,-0.36812750161873,-0.36709901447975013,-0.00102848713897985,17.765674742312736,21.587192992049285,-0.0013699715331341178,1.274033355730227
IJH,2018-11-26,33.35757827758789,36.91600036621094,37.01599884033203,36.6879997253418,36.72999954223633,4589000,46.74914420517279,36.54560012817383,36.95770034790039,-0.3337310707114227,-0.36042542572608466,0.02669435501466194,29.84037662226525,21.536382945906297,0.012673929238849801,1.2901803643286862
IJH,2018-11-27,33.088294982910156,36.61800003051758,36.86199951171875,36.507999420166016,36.7599983215332,5518000,43.78959720848474,36.521199798583986,37.005900382995605,-0.326751203523564,-0.3536905812855805,0.026939377762016492,31.556702682865048,26.38758468248103,-0.008072627228417839,1.2797652191900364
IJH,2018-11-28,33.746116638183594,37.34600067138672,37.35200119018555,36.41600036621094,36.74399948120117,5730000,51.814941264370404,36.76760025024414,37.05890045166016,-0.25948486097343704,-0.33484943722315186,0.07536457624971482,44.98641998069104,35.46116642860713,0.019880796384739607,1.305207970933025
IJH,2018-11-29,33.70997619628906,37.305999755859375,37.55799865722656,36.986000061035156,37.22200012207031,5048500,51.380859857587495,36.927999877929686,37.10370044708252,-0.20701717433409073,-0.30928298464533965,0.10226581031124893,54.67773330433372,43.74028532262995,-0.001070951134378495,1.3038101569759546
IJH,2018-11-30,33.93769073486328,37.55799865722656,37.62200164794922,37.20399856567383,37.262001037597656,8528500,53.9956023333223,37.148799896240234,37.125000381469725,-0.1434483658969441,-0.27611606089566054,0.13266769499871645,76.87789788480525,58.84735038994336,0.006755108257812559,1.3126175357339627
IJH,2018-12-03,34.23408126831055,37.88600158691406,38.07600021362305,37.486000061035156,38.06999969482422,21172000,57.220535721030366,37.34280014038086,37.16090049743652,-0.0658435288170196,-0.23406155447993238,0.16821802566291277,86.40553603379571,72.6537224076449,0.008733373633545094,1.3240811151114706
IJH,2018-12-04,33.0087776184082,36.529998779296875,37.86000061035156,36.48400115966797,37.82400131225586,9371500,43.61000439617492,37.325199890136716,37.12050037384033,-0.1124628288199645,-0.2097418093479388,0.09727898052797429,71.314252618204,78.19922884560167,-0.03579192443632395,1.2766897038918372
IJH,2018-12-06,32.831668853759766,36.33399963378906,36.34600067138672,35.4119987487793,35.99599838256836,21276500,42.05297034824863,37.122799682617185,37.05950031280518,-0.1633415532067204,-0.20046175811969513,0.03712020491297474,50.80421073656917,69.50799979618964,-0.005365505099760748,1.2698396187747936
IJH,2018-12-07,32.155765533447266,35.58599853515625,36.58399963378906,35.40999984741211,36.332000732421875,11077000,36.67179776220324,36.77879943847656,36.93230018615723,-0.26101196276582783,-0.2125717990489217,-0.048440163716906126,22.670127223802954,48.262863526192056,-0.020586931578870926,1.2436975174269373
IJH,2018-12-10,31.955171585083008,35.36399841308594,35.68000030517578,34.88399887084961,35.57400131225586,13441500,35.23087935867403,36.33999938964844,36.80160007476807,-0.35226927956258436,-0.24051129515165426,-0.1117579844109301,18.74959913402674,30.74131236479964,-0.0062381953916043065,1.235939089305175
IJH,2018-12-11,31.853965759277344,35.25199890136719,35.970001220703125,35.11399841308594,35.810001373291016,11897500,34.494494962176795,35.81319885253906,36.68549995422363,-0.42868714659671525,-0.27814646544066646,-0.1505406811560488,11.055997254480447,17.491907870770067,-0.0031671188350904655,1.2320247233364119
IJH,2018-12-12,32.103363037109375,35.52799987792969,35.9900016784668,35.52000045776367,35.68000030517578,10266000,37.93713854309321,35.612799072265624,36.61309986114502,-0.46165619931537805,-0.3148484122156088,-0.14680778709976927,15.580617712999116,15.128738033835454,0.007829394924222077,1.241670731451818
IJH,2018-12-13,31.77445411682129,35.16400146484375,35.74399948120117,35.13600158691406,35.63800048828125,9574500,35.302092171335524,35.37879943847656,36.52159996032715,-0.5112625248617562,-0.35413123474483826,-0.1571312901169179,13.492095740256502,13.376236902578706,-0.010245310433922072,1.2289494293513792
IJH,2018-12-14,31.32806396484375,34.66999816894531,35.18199920654297,34.5620002746582,34.88600158691406,8582500,32.048613411600314,35.19559936523437,36.41619987487793,-0.5837091964029639,-0.4000468270764634,-0.18366236932650054,10.673609930842575,13.248774461366084,-0.014048711909773526,1.2116842728667412
IJH,2018-12-17,30.640382766723633,33.81800079345703,34.650001525878906,33.65399932861328,34.47200012207031,13567000,27.36449317899918,34.886399841308595,36.246399879455566,-0.7017830550978061,-0.46039407268073196,-0.24138898241707418,5.184709866319687,9.783471845806273,-0.02195096380331163,1.1850866352520013
IJH,2018-12-18,30.634952545166016,33.8120002746582,34.29999923706055,33.6879997253418,34.05400085449219,13571000,27.334191949094308,34.5984001159668,36.07499980926514,-0.7867722102176273,-0.5256697001881111,-0.26110251002951623,3.4517289165065126,6.436682904556277,-0.0001772243381865657,1.184876609057375
IJH,2018-12-19,30.102195739746094,33.2239990234375,34.268001556396484,33.060001373291016,33.81999969482422,20366500,24.474254984874392,34.13759994506836,35.899199676513675,-0.8912991727568311,-0.5987955947018551,-0.29250357805497607,3.5171058017195307,4.051181528181929,-0.017390489005473797,1.1642710254147197
IJH,2018-12-20,29.73615837097168,32.81999969482422,33.35200119018555,32.433998107910156,33.077999114990234,20825000,22.715671925099432,33.668799591064456,35.73449974060058,-0.995264127766589,-0.6780893013148019,-0.3171748264517871,4.561375687963967,3.8434034687300223,-0.012159822889302063,1.1501136959505307
IJH,2018-12-21,29.121864318847656,32.141998291015625,33.22800064086914,32.05799865722656,32.939998626708984,21614500,20.1047881512592,33.16319961547852,35.51639957427979,-1.11946169307501,-0.7663637796668435,-0.35309791340816654,3.835622876486791,3.971368122056782,-0.020658151078576936,1.126354473462044
IJH,2018-12-24,28.35535430908203,31.29599952697754,32.04399871826172,31.27199935913086,31.93600082397461,15557000,17.41504735520668,32.65879936218262,35.25849962234497,-1.2714971605410668,-0.8673904558416883,-0.4041067046993785,2.8672261480661922,3.754741570839002,-0.02632077401959254,1.0967079519000924
IJH,2018-12-26,29.631057739257812,32.70399856567383,32.71799850463867,31.22599983215332,31.41200065612793,21313000,33.38786683974668,32.43719902038574,35.04789953231811,-1.2638042597647257,-0.9466732166262959,-0.31713104313842977,9.78166814994964,5.49483905816756,0.04498986033714214,1.1460486894867108
IJH,2018-12-27,29.799585342407227,32.88999938964844,32.891998291015625,31.780000686645508,32.2599983215332,25126000,35.1716530425542,32.37039909362793,34.86149950027466,-1.2285370579874026,-1.0030459848985172,-0.2254910730888855,19.66851851327596,10.772470937097282,0.005687532474621504,1.152566878625664
IJH,2018-12-28,29.774211883544922,32.86199951171875,33.29399871826172,32.66400146484375,32.97800064086914,20461500,35.01962388480827,32.37879905700684,34.63729944229126,-1.1891392456264782,-1.0402646370441095,-0.14887460858236867,30.994041436514237,20.14807603324663,-0.0008514701990230966,1.1515855022761332
IJH,2018-12-31,30.091331481933594,33.21200180053711,33.21200180053711,32.709999084472656,33.04199981689453,23737500,38.59278765207219,32.592799758911134,34.43259954452515,-1.1168001588211425,-1.0555717413995163,-0.06122841742162621,35.69496992387164,28.78584329122063,0.010650814188768898,1.1638508254833564
IJH,2019-01-02,29.99347496032715,33.104000091552734,33.27000045776367,32.555999755859375,32.77199935913086,13029500,37.90022837015512,32.95439987182617,34.20989961624146,-1.0560126897180382,-1.0556599310632206,-0.0003527586548175421,38.483065881573864,35.057359080653264,-0.0032519837703159915,1.1600660014878157
IJH,2019-01-03,29.506027221679688,32.566001892089844,33.124000549316406,32.41600036621094,32.95399856567383,9387000,34.57202049401108,32.92680053710937,33.943899631500244,-1.0392700823753955,-1.0523819613256558,0.013111878950260225,36.92250559409374,37.03351379984644,-0.016251792741328486,1.1412128492653741
IJH,2019-01-04,30.48272705078125,33.64400100708008,33.7599983215332,32.96200180053711,33.0,7311000,44.99502356256643,33.0776008605957,33.799599742889406,-0.9283148898726807,-1.0275685470350608,0.0992536571623801,43.40073978656295,39.60210375407687,0.03310170568757309,1.1789889411286332
IJH,2019-01-07,30.814353942871094,34.0099983215332,34.2599983215332,33.513999938964844,33.64799880981445,15136500,48.02255368571196,33.3072006225586,33.68339967727661,-0.8016087294669134,-0.9823765835214314,0.180767854054518,57.363300385568344,45.89551525540836,0.010879174016727111,1.1918153669829683
IJH,2019-01-08,31.328969955444336,34.577999114990234,34.58599853515625,34.08599853515625,34.332000732421875,8630500,52.4011848081129,33.58040008544922,33.63299970626831,-0.6478917743493895,-0.9154796216870231,0.26758784733763363,80.73087799095657,60.498306054362644,0.016700529030312383,1.2117193141180398
IJH,2019-01-09,31.635211944580078,34.91600036621094,35.013999938964844,34.62200164794922,34.7400016784668,10545500,54.839214323091845,33.94280014038086,33.61059980392456,-0.49311181768586465,-0.8310060608867914,0.33789424320092676,92.82771431425691,76.97396423026062,0.009775041744790158,1.2235639209965121
IJH,2019-01-10,31.87803077697754,35.183998107910156,35.19200134277344,34.64400100708008,34.70600128173828,6222000,56.731606303144815,34.466399383544925,33.60719976425171,-0.3448472247491452,-0.7337742936592622,0.38892706891011697,98.99100666823506,90.84986632448287,0.007675587343079604,1.2329554927419617
IJH,2019-01-11,31.903409957885742,35.21200180053711,35.27199935913086,34.93199920654297,35.034000396728516,14152000,56.93467649307344,34.779999542236325,33.59139986038208,-0.22252171093105488,-0.6315237771136207,0.40900206618256585,98.57607070865974,96.7982638970506,0.0007961338981619104,1.2339370904046585
IJH,2019-01-14,31.713130950927734,35.00199890136719,35.18600082397461,34.89799880981445,34.95399856567383,6926000,54.85550509483446,34.978399658203124,33.58329973220825,-0.14089914122467206,-0.533398849935831,0.3924997087111589,97.21401611795766,98.26036449828416,-0.005964221605439302,1.2265776161503141
IJH,2019-01-15,31.907026290893555,35.215999603271484,35.2599983215332,34.97600173950195,35.07400131225586,12759000,56.59501781180984,35.10599975585937,33.61059980392456,-0.05827286519197372,-0.43837365298705955,0.3801007877950858,96.8199224143661,97.53666974699452,0.006114039647042491,1.234076960325632
IJH,2019-01-16,32.13173294067383,35.4640007019043,35.58000183105469,35.25,35.25,8469000,58.586549918691524,35.215599822998044,33.692899799346925,0.026910462817930636,-0.34531682982606154,0.3722272926439922,96.29666427358842,96.77686760197075,0.00704254441425034,1.2427680021293284
IJH,2019-01-17,32.46513748168945,35.832000732421875,35.96799850463867,35.347999572753906,35.35200119018555,11655000,61.415586520129764,35.34520034790039,33.793899822235105,0.12269899331920442,-0.2517136651970084,0.3744126585162128,97.2448314456347,96.78713937786308,0.010376176773011503,1.2556631826072646
IJH,2019-01-18,32.88010025024414,36.290000915527344,36.38600158691406,35.9379997253418,36.02000045776367,8554000,64.65200327186078,35.56080017089844,33.9471999168396,0.23288433531784847,-0.154794065094037,0.3876784004118855,96.9001397738201,96.8138784976811,0.012781796127884215,1.271712813412641
IJH,2019-01-22,32.39628601074219,35.75600051879883,36.152000427246094,35.55799865722656,36.11000061035156,7703500,58.49163198778919,35.71160049438477,34.09399995803833,0.2739596076824071,-0.06904333053874817,0.3430029382211553,92.62801334602874,95.59099485516121,-0.0147145001328991,1.2530001950506713
IJH,2019-01-23,32.347347259521484,35.70199966430664,36.01599884033203,35.38999938964844,35.900001525878906,5674500,57.89090249063279,35.808800506591794,34.272000026702884,0.29871128159619786,0.004507591888241035,0.29420368970795685,88.16118196004273,92.56311169329722,-0.001510628446868112,1.2511073773120964
IJH,2019-01-24,32.56299591064453,35.939998626708984,36.02799987792969,35.66600036621094,35.672000885009766,5821000,59.84816781047136,35.90400009155273,34.50419998168945,0.3336851737533806,0.07034310826126895,0.26334206549211164,84.62530328880027,88.47149953162392,0.006666656446134622,1.2594480803738608
IJH,2019-01-25,32.918174743652344,36.332000732421875,36.4119987487793,36.198001861572266,36.237998962402344,6746500,62.90640205752047,36.00400009155273,34.68560009002685,0.3885545145174092,0.133985389512497,0.2545691250049122,88.99483077972918,87.26043867619074,0.01090743720210674,1.2731854312198525
IJH,2019-01-28,32.87648010253906,36.2859992980957,36.32400131225586,35.98400115966797,36.04399871826172,6558000,62.30665589339766,36.00319976806641,34.85540008544922,0.4234457124972053,0.19187745410943868,0.23156825838776662,92.93225126394147,88.85079511082365,-0.0012666146114714838,1.2715727959495569
IJH,2019-01-29,32.87830352783203,36.28799819946289,36.41400146484375,36.194000244140625,36.327999114990234,7790500,62.32346514049399,36.10959930419922,35.026700019836426,0.4461159855249406,0.24272516039253905,0.20339082513240153,94.93036968509587,92.28581724292219,5.54629110927074e-05,1.2716433210784865
IJH,2019-01-30,33.07400894165039,36.50400161743164,36.667999267578125,36.11600112915039,36.402000427246094,5694000,64.18227729549193,36.26999969482422,35.191300010681154,0.4760246944812181,0.2893850672102749,0.1866396272709432,93.14963619243316,93.67075238049019,0.005952418246053748,1.2792126739853464
IJH,2019-01-31,33.18815994262695,36.630001068115234,36.7239990234375,36.36600112915039,36.47200012207031,8421000,65.25898967460296,36.40800018310547,35.36760005950928,0.5040838990515581,0.33232483357853154,0.1717590654730266,93.23938593098535,93.77313060283815,0.0034513808464511353,1.283627724106877
IJH,2019-02-01,33.30051040649414,36.75400161743164,36.85200119018555,36.582000732421875,36.742000579833984,9522500,66.33165237605894,36.492400360107425,35.577000045776366,0.5302148421897286,0.37190283530077095,0.15831200688895763,93.91142186147698,93.43348132829851,0.0033852573948482956,1.2879731343521421
IJH,2019-02-04,33.6375617980957,37.125999450683594,37.12799835205078,36.6619987487793,36.816001892089844,6138000,69.38551296235525,36.660400390625,35.75109996795654,0.5743205097831563,0.41238637019724805,0.16193413958590824,96.58134578320768,94.57738452522335,0.010121508273814195,1.3010093650879377
IJH,2019-02-05,33.76258850097656,37.263999938964844,37.31800079345703,37.07400131225586,37.16400146484375,7411500,70.45609558556184,36.85560073852539,35.91380004882812,0.6133398551419376,0.45257706718618596,0.1607627879557516,97.4268433563705,95.97320366701841,0.0037168776866560727,1.3058450577671636
IJH,2019-02-06,33.746280670166016,37.24599838256836,37.33000183105469,37.108001708984375,37.237998962402344,9091500,70.11166824400087,37.00400009155273,36.04720001220703,0.635484917745913,0.48915863729813136,0.14632628044778162,97.68584758844592,97.23134557600805,-0.00048301482601298407,1.3052143152437863
IJH,2019-02-07,33.583194732666016,37.066001892089844,37.18199920654297,36.75400161743164,37.04600143432617,6784500,66.60553793789646,37.091200256347655,36.154700088500974,0.6312343502579125,0.5175737798900876,0.11366057036782495,93.18073383721348,96.09780826067664,-0.004832708501834371,1.2989065949257916
IJH,2019-02-08,33.55782699584961,37.03799819946289,37.11199951171875,36.737998962402344,36.90399932861328,6621500,66.05211086419551,37.1479995727539,36.24740009307861,0.6184766669137858,0.5377543572948272,0.08072230961895854,89.03391525095826,93.30016555887256,-0.0007553699705564743,1.2979254398894269
IJH,2019-02-11,33.77346420288086,37.2760009765625,37.29399871826172,37.029998779296875,37.13999938964844,5526500,68.45139471669317,37.177999877929686,36.35060005187988,0.6204191403368711,0.554287313903236,0.06613182643363502,89.51883750196633,90.57782886337937,0.006425839404259337,1.306265700324859
IJH,2019-02-12,34.125003814697266,37.66400146484375,37.73400115966797,37.459999084472656,37.48400115966797,4960500,71.93385770625162,37.258000183105466,36.48370018005371,0.6458223235330962,0.5725943158292082,0.07322800770388804,92.92661425115587,90.4931223346935,0.010408751962921903,1.3198622959972128
IJH,2019-02-13,34.300785064697266,37.858001708984375,37.93000030517578,37.645999908447266,37.763999938964844,5290500,73.50845095976906,37.380400848388675,36.615800285339354,0.6738411067831436,0.5928436740199953,0.0809974327631483,96.71057689574091,93.05200954962106,0.005151098325278269,1.326661036459722
IJH,2019-02-14,34.28628158569336,37.84199905395508,38.00199890136719,37.61000061035156,37.6619987487793,8417500,73.14391672061372,37.53560028076172,36.734700202941895,0.6868374789364537,0.611642435003287,0.07519504393316678,94.99554428447517,94.877578477124,-0.0004228322756039127,1.3261000813547208
IJH,2019-02-15,34.69580841064453,38.29399871826172,38.29600143432617,37.84199905395508,38.034000396728516,7584000,76.66403722391523,37.786800384521484,36.85780010223389,0.7252495673324688,0.6343638614691234,0.09088570586334543,96.0932206868369,95.93311395568435,0.011944334760467523,1.3419394646523048
IJH,2019-02-19,34.742919921875,38.34600067138672,38.43600082397461,38.11399841308594,38.150001525878906,4993500,77.03695286539451,38.00080032348633,36.96060009002686,0.7512278600021887,0.6577366611757365,0.09349119882645218,96.03339044661543,95.70738513930918,0.0013578444598516537,1.3437616097198393
IJH,2019-02-20,34.88426971435547,38.50199890136719,38.57600021362305,38.310001373291016,38.358001708984375,6374000,78.16424823567655,38.168399810791016,37.097900009155275,0.7754645251976839,0.681282233980126,0.09418229121755795,97.56011260548475,96.56224124631238,0.004068448846507922,1.3492286350908855
IJH,2019-02-21,34.77553939819336,38.38199996948242,38.470001220703125,38.23400115966797,38.46200180053711,5548000,75.10970244059574,38.273199462890624,37.23190002441406,0.7760435985173331,0.7002345068875674,0.07580909162976568,94.34766772505945,95.98039025905324,-0.0031168866957064223,1.3450232423087045
IJH,2019-02-22,35.04011154174805,38.67399978637695,38.71200180053711,38.4379997253418,38.47999954223633,9611500,77.42185567191866,38.439599609375,37.368600082397464,0.7909469194343686,0.7183769893969277,0.07256993003744083,95.0228555262247,95.64354528558965,0.007607995393694278,1.355256172940601
IJH,2019-02-25,35.04555130004883,38.68000030517578,38.95000076293945,38.61399841308594,38.86399841308594,6453500,77.46817622906879,38.51679992675781,37.486000061035156,0.7940883442230131,0.7335192603621448,0.060569083860868345,92.0702948641682,93.81360603848414,0.00015524374956110698,1.355466567990504
IJH,2019-02-26,34.74473190307617,38.347999572753906,38.6879997253418,38.327999114990234,38.63600158691406,6786500,69.02983143254875,38.51719970703125,37.58910007476807,0.7610157457391793,0.7390185574375516,0.021997188301627668,86.2416218012782,91.11159073055705,-0.008583668563154734,1.3438316922224367
IJH,2019-02-27,34.78641128540039,38.39400100708008,38.44599914550781,38.17399978637695,38.2599983215332,4624000,69.52515888665874,38.49560012817383,37.694400215148924,0.7301012517081844,0.7372350962916783,-0.007133844583493865,78.48100901994665,85.59764189513105,0.0011995885431059783,1.3454437373242893
IJH,2019-02-28,34.63962936401367,38.231998443603516,38.41600036621094,38.18199920654297,38.34199905395508,6628000,65.54911766917196,38.465599822998044,37.78080005645752,0.6846369706748519,0.726715471168313,-0.04207850049346118,71.72993161028265,78.81752081050251,-0.004219518943258227,1.3397666119875613
IJH,2019-03-01,34.90602493286133,38.5260009765625,38.65399932861328,38.25400161743164,38.5,7102500,69.01256354859694,38.43600006103516,37.875600051879886,0.6646678702645588,0.7143059509875622,-0.049638080723003464,73.4405723218258,74.55050431735172,0.00769048554325491,1.3500700677483872
IJH,2019-03-04,34.74111557006836,38.34400177001953,38.66400146484375,38.013999938964844,38.63800048828125,7792000,64.67779075135549,38.36880035400391,37.95510005950928,0.6269295458283963,0.6968306699557291,-0.06990112412733274,68.26209393441461,71.14419928884104,-0.004724381051986248,1.343691822301463
IJH,2019-03-05,34.59614562988281,38.183998107910156,38.374000549316406,38.15800094604492,38.374000549316406,6092500,61.04742295416908,38.33600006103516,38.00799999237061,0.5774541613773394,0.6729553682400511,-0.09550120686271169,60.0271007805515,67.24325567893065,-0.004172863703618246,1.3380847794673325
IJH,2019-03-06,34.123191833496094,37.6619987487793,38.194000244140625,37.65599822998047,38.194000244140625,6778500,50.99157678023678,38.189599609375,38.02789993286133,0.4904697470604873,0.6364582440041384,-0.14598849694365112,35.34835312774576,54.54584928090398,-0.013670707755900957,1.3197922134946154
IJH,2019-03-07,33.8350715637207,37.34400177001953,37.65399932861328,37.25199890136719,37.63999938964844,8073000,46.018538367879195,38.012000274658206,38.032800102233885,0.39136288571960876,0.5874391723472325,-0.19607628662762377,17.378129635982663,37.58452784809332,-0.008443532222345174,1.3086485054131733
IJH,2019-03-08,33.746280670166016,37.24599838256836,37.268001556396484,37.0620002746582,37.099998474121094,5275000,44.57567863724716,37.75599975585938,38.04179992675781,0.3014371499354027,0.5302387678648666,-0.22880161792946385,6.348139871442807,19.69154087839043,-0.0026242265628866335,1.3052143152437863
IJH,2019-03-11,34.20112228393555,37.74800109863281,37.75600051879883,37.316001892089844,37.36399841308594,6140000,52.748252104649424,37.63679962158203,38.07730007171631,0.26759313315309186,0.47770964092251167,-0.2101165077694198,17.16624732432849,13.630838943918008,0.01347827389379952,1.32280635127475
IJH,2019-03-12,34.25728988647461,37.810001373291016,37.89799880981445,37.68199920654297,37.790000915527344,3912500,53.65714655156025,37.5620002746582,38.104000091552734,0.24297356204962028,0.43076242514793345,-0.18778886309831316,28.566377331652273,17.360254842474543,0.0016422736678862737,1.3249787613131614
IJH,2019-03-13,34.38956832885742,37.95600128173828,38.11600112915039,37.91999816894531,37.94599914550781,4594500,55.81259538960352,37.62080078125,38.118600082397464,0.23256251115181215,0.3911224423487092,-0.15855993119689704,41.101736010086306,28.94478688868905,0.0038613224461470086,1.330094931544888
IJH,2019-03-14,34.35151290893555,37.91400146484375,37.992000579833984,37.779998779296875,37.97600173950195,4884000,55.01981379097202,37.73480072021484,38.12140007019043,0.2184050071217527,0.3565789553033179,-0.1381739481815652,44.03253267815385,37.90021533996416,-0.0011065977786625103,1.3286230514482302
IJH,2019-03-15,34.38050079345703,37.94599914550781,38.220001220703125,37.874000549316406,37.944000244140625,9139500,55.537976733635446,37.87480087280274,38.126600074768064,0.20737652114409144,0.32673846847147264,-0.1193619473273812,48.948466203826975,44.694244964022396,0.0008438604901719327,1.329744223947679
IJH,2019-03-18,34.65412521362305,38.24800109863281,38.31999969482422,38.00400161743164,38.04399871826172,10230000,60.19836355110955,37.97480087280273,38.124300193786624,0.22046402814998345,0.3054835804071748,-0.08501955225719138,57.8420394865868,50.274346122855896,0.007958709554867438,1.3403272720083412
IJH,2019-03-19,34.47111511230469,38.04600143432617,38.42399978637695,37.95800018310547,38.38800048828125,5898500,55.972341144334884,38.02200088500977,38.109300231933595,0.21209142904294964,0.2868051501343298,-0.07471372109138014,63.27406539202528,56.688190360813046,-0.005281048076966499,1.3332489392459959
IJH,2019-03-20,34.18574905395508,37.59199905395508,37.9900016784668,37.40599822998047,37.88800048828125,5898000,47.842962705702014,37.94920043945312,38.06380023956299,0.16689798995179927,0.2628237180978237,-0.0959257281460244,56.17974941759632,59.098618098736154,-0.008278410994825847,1.3222117565685019
IJH,2019-03-21,34.64771270751953,38.099998474121094,38.20800018310547,37.470001220703125,37.470001220703125,6664500,55.61157388368015,37.9863998413086,38.04970016479492,0.17011222372607904,0.24428141922347477,-0.07416919549739573,53.10021311807216,57.518009309231275,0.01351334010073435,1.3400792537202013
IJH,2019-03-22,33.6546745300293,37.007999420166016,37.928001403808594,37.00400161743164,37.88999938964844,6771500,41.35287472291731,37.79879989624023,37.966400146484375,0.08358086156733435,0.21214130769224668,-0.12856044612491233,32.71964246405191,47.33320166657348,-0.028661002412280978,1.301671238996679
IJH,2019-03-25,33.723777770996094,37.08399963378906,37.290000915527344,36.763999938964844,36.992000579833984,5816000,42.4586628030926,37.565999603271486,37.88660011291504,0.020895841457708286,0.173892214445339,-0.15299637298763072,28.117491516088638,37.979115699404254,0.002053302904627241,1.3043439643325805
IJH,2019-03-26,34.06208038330078,37.45600128173828,37.624000549316406,37.189998626708984,37.36000061035156,5900000,47.660638616216595,37.44799957275391,37.84200019836426,0.0012208621033025224,0.13935794397693171,-0.1381370818736292,20.41515309942048,27.084095693187027,0.010031575187156028,1.317428588880696
IJH,2019-03-27,34.03843307495117,37.43000030517578,37.599998474121094,37.10200119018555,37.4739990234375,4839000,47.33850769038325,37.41559982299805,37.79380016326904,-0.01628207269620674,0.10822994064230403,-0.12451201333851077,33.69481040263443,27.40915167271454,-0.0006942414580526357,1.3165139753362713
IJH,2019-03-28,34.32761764526367,37.74800109863281,37.768001556396484,37.36800003051758,37.5260009765625,4824500,51.643302213773715,37.34520034790039,37.769600296020506,-0.004442062902143107,0.0856955399334146,-0.0901376028355577,47.02817437610926,33.712712626054746,0.008495824989232847,1.3276988476666076
IJH,2019-03-29,34.44765090942383,37.880001068115234,38.05799865722656,37.762001037597656,38.0,7660000,53.348047127776205,37.51960067749023,37.73730030059814,0.015414831942550222,0.07163939833524173,-0.05622456639269151,55.542227094004716,45.421737290916155,0.0034966966073952666,1.3323414077228861
IJH,2019-04-01,34.915077209472656,38.39400100708008,38.40800094604492,38.09000015258789,38.16400146484375,6082000,59.356561814789245,37.78160095214844,37.73980026245117,0.07179940472185109,0.07167139961256361,0.00012800510928748232,74.89967268668846,59.15669138560083,0.01356917780193112,1.3504201851771531
IJH,2019-04-02,34.78048324584961,38.24599838256836,38.40800094604492,38.09000015258789,38.40800094604492,7566500,57.07700960811227,37.93960037231445,37.74290027618408,0.1033506480525972,0.07800724930057033,0.02534339875202686,84.89961906644085,71.78050628237803,-0.0038548952023090832,1.3452144568842124
IJH,2019-04-03,34.9550895690918,38.4379997253418,38.63399887084961,38.33599853515625,38.51599884033203,10603500,59.262718804449236,38.14120025634766,37.78170032501221,0.14220884440987192,0.09084756832243066,0.05136127608744126,92.32954120714389,84.04294432009108,0.005020238563333557,1.3519677543766162
IJH,2019-04-04,35.140602111816406,38.641998291015625,38.67399978637695,38.41999816894531,38.5099983215332,5456500,61.50560597681187,38.31999969482422,37.84660015106201,0.18730607648814868,0.11013926995557427,0.0771668065325744,92.3734360238994,89.8675320991614,0.005307168283975594,1.3591428747636014
IJH,2019-04-05,35.4097785949707,38.9379997253418,38.948001861572266,38.68600082397461,38.731998443603516,7327000,64.5550530622496,38.53159942626953,37.931200218200686,0.2441167735727845,0.13693477067901633,0.10718200289376817,95.79510410764699,93.49936044623011,0.0076599849455563085,1.3695538887231506
IJH,2019-04-08,35.4097785949707,38.9379997253418,38.948001861572266,38.709999084472656,38.84400177001953,5798500,64.55505306224958,38.64039916992188,37.99070014953613,0.28584462144738154,0.1667167408326894,0.11912788061469215,99.1361943899637,95.76824484050339,0.0,1.3695538887231506
IJH,2019-04-09,35.02238082885742,38.512001037597656,38.79199981689453,38.433998107910156,38.7859992980957,5550000,57.016193599494386,38.693599700927734,38.02580013275146,0.28129708988866753,0.18963281064388504,0.09166427924478249,93.0402213826635,95.99050662675809,-0.010940417632780752,1.3545703972099203
IJH,2019-04-10,35.333396911621094,38.854000091552734,38.895999908447266,38.560001373291016,38.58000183105469,6072000,60.95811128313637,38.77679977416992,38.070700073242186,0.30181052000985176,0.2120683525170784,0.08974216749277336,91.758176818515,94.64486419704743,0.008880495140621836,1.3665996530399733
IJH,2019-04-11,35.43888854980469,38.970001220703125,39.01599884033203,38.816001892089844,38.91999816894531,6184000,62.22356325129172,38.84240036010742,38.12350006103516,0.32369651094860075,0.2343939842033829,0.08930252674521785,91.22999308415412,92.00946376177757,0.0029856070291645054,1.3706797825701433
IJH,2019-04-12,35.715335845947266,39.27399826049805,39.3380012512207,39.05400085449219,39.209999084472656,5178500,65.389582199021,38.90960006713867,38.18990001678467,0.3614052818278566,0.25979624372827764,0.10160903809957894,96.93032722312664,93.30616570859861,0.007800676247339711,1.381372011792747
IJH,2019-04-15,35.653507232666016,39.20600128173828,39.354000091552734,39.11800003051758,39.30799865722656,3306000,64.09560765301602,38.963200378417966,38.23780002593994,0.3814063515122115,0.28411826528506445,0.09728808622714702,96.17440060551037,94.77824030426372,-0.0017311502696751857,1.3789806492620102
IJH,2019-04-16,35.67351150512695,39.22800064086914,39.375999450683594,39.130001068115234,39.33599853515625,3861000,64.34146644651727,39.10640029907226,38.29689998626709,0.39448512875669905,0.3061916379793914,0.08829349077730764,94.39842170089082,95.83438317650929,0.0005610744640183185,1.3797543600906865
IJH,2019-04-17,35.41887664794922,38.948001861572266,39.400001525878906,38.84400177001953,39.38800048828125,5358500,58.82070266620874,39.12520065307617,38.364700126647946,0.377900392024209,0.32053338878835497,0.05736700323585403,86.15435130938175,92.242391205261,-0.00713792521213219,1.369905776657246
IJH,2019-04-18,35.48799133300781,39.02399826049805,39.08599853515625,38.79399871826172,38.981998443603516,5384500,59.828216194243794,39.136000061035155,38.4109001159668,0.3666624860424079,0.3297592082391656,0.03690327780324232,78.77747702936334,86.44341667987867,0.0019513516971632061,1.3725789446194798
IJH,2019-04-22,35.3752326965332,38.900001525878906,39.00199890136719,38.763999938964844,38.95600128173828,4447000,57.362179597570034,39.06120071411133,38.50550022125244,0.34378789157374,0.33256494490608046,0.01122294666765955,68.51166431771084,77.81449755215199,-0.003177374436792446,1.3682177473683663
IJH,2019-04-23,35.81718826293945,39.38600158691406,39.45800018310547,38.959999084472656,38.96799850463867,4955500,63.68102593026155,39.09720077514648,38.62060031890869,0.3607176256586584,0.338195481056596,0.022522144602062366,75.57087135666292,74.28667090124573,0.012493361392066804,1.385311386149279
IJH,2019-04-24,35.9317741394043,39.512001037597656,39.6619987487793,39.41999816894531,39.43199920654297,4726500,65.12408918336537,39.15400085449219,38.72340030670166,0.3799221583933061,0.3465408165239381,0.03338134186936803,81.11267285332103,75.0650695092316,0.0031991868156608927,1.3897432560714327
IJH,2019-04-25,35.50800323486328,39.04600143432617,39.38199996948242,38.849998474121094,39.38199996948242,3397500,56.22610952821089,39.17360076904297,38.80420036315918,0.35346508995128545,0.34792567120940754,0.005539418741877911,77.11443196714924,77.93265872571108,-0.011793765119888389,1.3733529505323774
IJH,2019-04-26,35.85719680786133,39.43000030517578,39.47200012207031,39.02799987792969,39.10599899291992,4192000,60.959712578772695,39.254801177978514,38.88830032348633,0.359340913889838,0.3502087197454936,0.009132194144344408,72.9559673726334,77.06102406436791,0.009834221617260441,1.3868588078066313
IJH,2019-04-29,35.87358093261719,39.448001861572266,39.571998596191406,39.39400100708008,39.47800064086914,7063000,61.171690176927534,39.364401245117186,38.96670036315918,0.36128544809679397,0.35242406541575366,0.008861382681040308,71.17285312077071,73.74775082018446,0.00045692709454270286,1.3874925011722232
IJH,2019-04-30,35.80992126464844,39.37799835205078,39.45600128173828,39.03799819946289,39.45600128173828,4512000,59.811633320872794,39.36280059814453,39.015900230407716,0.3531074049284939,0.35256073331830173,0.0005466716101921731,79.3032528995282,74.47735779764412,-0.0017745557124148048,1.3850303184283355
IJH,2019-05-01,35.40796661376953,38.93600082397461,39.47600173950195,38.933998107910156,39.47600173950195,4688500,51.95685159751974,39.24760055541992,39.05040035247803,0.30741702807057436,0.34353199226875625,-0.03611496419818189,58.651976337430774,69.70936078590991,-0.011224672847178652,1.3694838062205537
IJH,2019-05-02,35.4989013671875,39.0359992980957,39.150001525878906,38.65800094604492,38.90599822998047,5147000,53.44641769888828,39.24560012817383,39.08030033111572,0.27609348256396515,0.33004429032779803,-0.053950807763832875,43.677232392921745,60.54415387662693,0.002568200382978336,1.373000915056172
IJH,2019-05-03,36.01179504394531,39.599998474121094,39.624000549316406,39.20800018310547,39.22999954223633,3981500,60.82405900998288,39.27959976196289,39.12820034027099,0.29339726599455673,0.3227148854611498,-0.02931761946659306,50.209259914798174,50.84615621505025,0.014448156337364626,1.3928382469282483
IJH,2019-05-06,35.957244873046875,39.540000915527344,39.619998931884766,38.96200180053711,38.992000579833984,8292000,59.73946904498961,39.29799957275391,39.15830039978027,0.29882467265782964,0.3179368429004858,-0.019112170242656157,73.10759192275346,55.66469474349115,-0.0015147862202333773,1.3907283947447875
IJH,2019-05-07,35.23881912231445,38.75,39.262001037597656,38.49599838256836,39.167999267578125,4856000,47.68272703976083,39.17239990234375,39.14890041351318,0.2366514889170972,0.3016797721038081,-0.06502828318671089,67.81915449851179,63.71200211202116,-0.019979999949076843,1.3629416414886069
IJH,2019-05-08,35.1387825012207,38.63999938964844,38.94200134277344,38.56800079345703,38.70399856567383,6370500,46.282064491717335,39.113199615478514,39.155300331115725,0.1764684445461171,0.2766375065922699,-0.10016906204615278,40.66093329996813,60.52922657374449,-0.002838818768203355,1.3590724971767831
IJH,2019-05-09,35.03693771362305,38.52799987792969,38.61199951171875,38.0,38.327999114990234,2482500,44.83787825375451,39.011599731445315,39.13900032043457,0.11837101631726199,0.24498420853726832,-0.12661319222000633,21.9676582481603,43.48258201554676,-0.002898358461740025,1.3551334179044727
IJH,2019-05-10,35.15333557128906,38.65599822998047,38.75600051879883,37.93600082397461,38.38399887084961,4436500,46.87800788810204,38.82279968261719,39.12330017089844,0.08171482551730946,0.21233033193327655,-0.1306155064159671,28.611271363502482,30.41328763721032,0.0033221470043245382,1.359635370329224
IJH,2019-05-13,34.125732421875,37.5260009765625,38.02199935913086,37.38600158691406,37.97999954223633,5651500,34.68281166692865,38.41999969482422,39.03590030670166,-0.038077866413622985,0.16224869226389665,-0.20032655867751964,26.544980190207582,25.707969933956807,-0.029232024008934765,1.3198904765403634
IJH,2019-05-14,34.469478607177734,37.90399932861328,38.071998596191406,37.54800033569336,37.619998931884766,4004000,40.27960791960763,38.250799560546874,38.97080020904541,-0.10134488908578732,0.10952997599395987,-0.21087486507974718,23.67051550889563,26.27558902086858,0.010072932092803688,1.3331856436804927
IJH,2019-05-15,34.5604133605957,38.00400161743164,38.082000732421875,37.54600143432617,37.66999816894531,3748000,41.70280291162356,38.123600006103516,38.909600257873535,-0.1417807511700886,0.05926783056115019,-0.2010485817312388,18.970217996766,23.061904565289755,0.0026381238444097566,1.336702752516111
IJH,2019-05-16,34.76593017578125,38.22999954223633,38.46799850463867,38.09400177001953,38.10599899291992,4972000,44.89863051828195,38.06399993896484,38.87370014190674,-0.1538172103551929,0.016650822377881572,-0.17046803273307448,29.490566659507703,24.04376672172313,0.005946595980818481,1.3446515837317723
IJH,2019-05-17,34.38036346435547,37.805999755859375,38.290000915527344,37.768001556396484,37.95600128173828,2833000,40.42155373834527,37.89400024414063,38.8128002166748,-0.19531792674560933,-0.02574292744681661,-0.16957499929879272,28.0309357660136,25.497240140762454,-0.011090360864107529,1.3297389124316932
IJH,2019-05-20,34.122093200683594,37.52199935913086,37.742000579833984,37.422000885009766,37.551998138427734,2549000,37.70919749068225,37.8931999206543,38.7439001083374,-0.2482621900184867,-0.07024677996115063,-0.17801541005733607,20.851869907058603,26.12445744419332,-0.007512144656051767,1.3197497213667253
IJH,2019-05-21,34.567691802978516,38.012001037597656,38.071998596191406,37.72200012207031,37.7400016784668,3513500,44.61464707615765,37.91480026245117,38.67520008087158,-0.24782508643700396,-0.1057624412563213,-0.14206264518068268,17.60494399540008,22.16258322282411,0.013058946872755106,1.3369842628633868
IJH,2019-05-22,34.2894172668457,37.70600128173828,37.92399978637695,37.61800003051758,37.858001708984375,4607000,41.51918791259545,37.8552001953125,38.584900093078616,-0.2690686457914353,-0.1384236821633441,-0.1306449636280912,16.115540949777095,18.19078495074528,-0.008050133567461204,1.3262213609697429
IJH,2019-05-23,33.71831512451172,37.077999114990234,37.38399887084961,36.88999938964844,37.374000549316406,3887000,35.99890149823455,37.62480010986328,38.48649997711182,-0.3327431896895803,-0.17728758366859135,-0.15545560602098893,16.38543440721917,16.701973117465467,-0.016655346980369412,1.304132684030014
IJH,2019-05-24,33.9092903137207,37.28799819946289,37.402000427246094,37.12799835205078,37.2859992980957,2793000,38.923253184177945,37.521199798583986,38.37939987182617,-0.3620866439573831,-0.2142473957263497,-0.1478392482310334,12.654646434084698,15.051873930360339,0.005663841402032466,1.311519084719567
IJH,2019-05-28,33.5455322265625,36.88800048828125,37.41600036621094,36.87799835205078,37.33000183105469,2930000,35.58770694193388,37.39440002441406,38.25139980316162,-0.4128588355838758,-0.25396968369785494,-0.15888915188602087,8.050021481386269,12.363367440896731,-0.01072738720842581,1.2974499116665401
IJH,2019-05-29,33.341827392578125,36.66400146484375,36.7599983215332,36.417999267578125,36.70000076293945,4925500,33.83887892118989,37.12480010986328,38.11569995880127,-0.46580154216849934,-0.2963360553919838,-0.16946548677651552,9.26184277638542,9.98883689728548,-0.006072487764050893,1.289571162953476
IJH,2019-05-30,33.28181838989258,36.597999572753906,36.981998443603516,36.41600036621094,36.77199935913086,6170500,33.31931603629254,36.90319976806641,37.998799896240236,-0.5072376992072734,-0.33851638415504176,-0.1687213150522316,6.261414716328827,7.857759658033525,-0.0017998114494139905,1.2872501780095582
IJH,2019-05-31,32.94533920288086,36.22800064086914,36.40399932861328,36.05799865722656,36.198001861572266,6525000,30.492819223071102,36.73320007324219,37.85839996337891,-0.5634370225166947,-0.3835005118273723,-0.17993651068932237,8.451223297251405,7.991493596655236,-0.010110000092840576,1.2742360785903726
IJH,2019-06-03,33.161766052246094,36.465999603271484,36.63600158691406,36.25400161743164,36.2760009765625,8192000,34.35064124095265,36.568800354003905,37.70170001983642,-0.5820612244333887,-0.42321265434857563,-0.15884857008481307,10.587089644703418,8.433242552761236,0.006569270634381841,1.2826068802427262
IJH,2019-06-04,34.011146545410156,37.400001525878906,37.42399978637695,36.79199981689453,36.83399963378906,3844000,46.824050147318246,36.671200561523435,37.59470005035401,-0.5155123833973505,-0.4416726001583306,-0.07383978323901991,26.55609847723395,15.19813713972961,0.025613246647535837,1.3154586066182097
IJH,2019-06-05,34.131187438964844,37.53200149536133,37.61000061035156,37.108001708984375,37.56800079345703,3231000,48.318564142794365,36.844800567626955,37.53380012512207,-0.4469682809357849,-0.4427317363138215,-0.0042365446219633784,44.592072710350486,27.24508694409597,0.003529457420508031,1.3201014617587095
IJH,2019-06-06,34.278507232666016,37.694000244140625,37.768001556396484,37.347999572753906,37.560001373291016,4479500,50.16954569185655,37.0640007019043,37.48650016784668,-0.37524900382327075,-0.4292351898157114,0.05398618599244065,63.38140173327255,44.84319097361901,0.004316280937034955,1.3257993905330505
IJH,2019-06-07,34.44582748413086,37.87799835205078,38.04600143432617,37.74599838256836,37.83399963378906,2985500,52.26090235603885,37.39400024414063,37.454000091552736,-0.3001044333311924,-0.40340903851880766,0.10330460518761525,74.94228364330662,60.971919362309904,0.004881200057200719,1.332270882593957
IJH,2019-06-10,34.631343841552734,38.082000732421875,38.34199905395508,38.02199935913086,38.06399917602539,7068000,54.53903231343395,37.717200469970706,37.425300216674806,-0.22153679438807217,-0.3670345896926606,0.14549779530458845,84.09381379283616,74.13916638980513,0.005385742511406999,1.339446150523053
IJH,2019-06-11,34.66226577758789,38.11600112915039,38.50400161743164,37.99800109863281,38.38600158691406,4716500,54.92510796883664,37.860400390625,37.4548002243042,-0.15474403371767664,-0.32457647849766386,0.1698324447799872,87.707106588954,82.24773467503228,0.0008928887130870145,1.340642126872643
IJH,2019-06-12,34.636802673339844,38.0880012512207,38.14799880981445,37.939998626708984,38.11800003051758,4581500,54.51452323606666,37.97160034179687,37.46400032043457,-0.10288366694502571,-0.2802379161871362,0.17735424924211052,85.24885027815026,85.68325688664682,-0.0007346058798184396,1.33965728328351
IJH,2019-06-13,34.858699798583984,38.332000732421875,38.38999938964844,38.119998931884766,38.28200149536133,3162500,57.496306011413616,38.09920043945313,37.480400276184085,-0.04161551593679036,-0.23251343613706707,0.1908979202002767,86.69936551752818,86.55177412821082,0.006406397476604653,1.3482396603226525
IJH,2019-06-14,34.62406921386719,38.07400131225586,38.29199981689453,38.0260009765625,38.29199981689453,2316000,53.50245832438742,38.13840103149414,37.47260036468506,-0.01372030275626912,-0.18875480946090747,0.17503450670463835,86.12700566381527,86.02507381983126,-0.006730904654290271,1.339164787717888
IJH,2019-06-17,34.63448715209961,37.90999984741211,38.071998596191406,37.85200119018555,37.97200012207031,2890500,51.073816086612574,38.104000854492185,37.477800369262695,-0.0047914599641174505,-0.15196213956154947,0.14717067959743202,83.70126038734361,85.50921052289571,0.00030088717094667317,1.339567725222296
IJH,2019-06-18,35.023677825927734,38.33599853515625,38.59400177001953,38.0880012512207,38.10200119018555,4385000,56.58646319693599,38.14800033569336,37.518500328063965,0.036241476971873965,-0.11432141625486478,0.15056289322673874,82.65402699477993,84.1607643486463,0.011237084935572073,1.35462056152757
IJH,2019-06-19,35.12783432006836,38.45000076293945,38.487998962402344,38.2599983215332,38.354000091552734,4683000,57.951849393711385,38.22040023803711,37.54040031433105,0.07707097591044487,-0.07604293782180285,0.15311391373224773,86.62117600016154,84.32548779409505,0.002973887969684341,1.3586490513189837
IJH,2019-06-20,35.339778900146484,38.68199920654297,38.85200119018555,38.428001403808594,38.847999572753906,5206500,60.663200607176606,38.29039993286133,37.58920021057129,0.12668859621063433,-0.035496631015315416,0.16218522722594975,92.5348482491674,87.27001708136964,0.006033522537910674,1.3668464909912277
IJH,2019-06-21,35.12599563598633,38.448001861572266,38.689998626708984,38.34600067138672,38.65599822998047,5036000,56.69243261413222,38.36520004272461,37.65770034790039,0.14545260059391296,0.00069321530653026,0.1447593852873827,89.3888521917056,89.5149588136782,-0.00604936620470109,1.358577936021611
IJH,2019-06-24,34.85923385620117,38.15599822998047,38.57600021362305,38.145999908447266,38.57600021362305,3255500,52.10867902953269,38.41439971923828,37.70110034942627,0.13520242714221098,0.027595057673666407,0.10760736946854457,77.97879475537921,86.6341650654174,-0.007594426149500011,1.3482603162181548
IJH,2019-06-25,34.66006088256836,37.9379997253418,38.236000061035156,37.9119987487793,38.22200012207031,6995500,48.92811185885704,38.33479995727539,37.7536003112793,0.1082407019636662,0.04372418653166637,0.06451651543199982,59.90288268449276,75.75684321052587,-0.005713636004004763,1.34055684753264
IJH,2019-06-26,34.60160446166992,37.874000549316406,38.172000885009766,37.87200164794922,38.077999114990234,5309000,48.00179924968439,38.219599914550784,37.81410026550293,0.0807779835572191,0.05113494593677692,0.02964303762044218,36.96455209735307,58.282076512408366,-0.001686564287826653,1.33829591222779
IJH,2019-06-27,35.04743957519531,38.36199951171875,38.38800048828125,38.0,38.0,4715500,54.99797032041062,38.155599975585936,37.90230026245117,0.09726975407363625,0.06036190756414879,0.03690784650948746,33.93397564482049,43.60047014222213,0.012884810414478531,1.3555396013353167
IJH,2019-06-28,35.495094299316406,38.85200119018555,38.89799880981445,38.448001861572266,38.459999084472656,7171500,60.71375634510764,38.2363998413086,38.033500289916994,0.14817062265708358,0.07792365058273575,0.07024697207434784,52.72524919624712,41.20792564614025,0.012772822481386559,1.3728536680296621
IJH,2019-07-01,35.59558868408203,38.96200180053711,39.395999908447266,38.78799819946289,39.33599853515625,10423500,61.88414927206523,38.39760055541992,38.15830039978027,0.19513664390968444,0.10136624924812548,0.09377039466155895,72.83121169677662,53.1634788459481,0.0028312189824934997,1.3767405173947735
IJH,2019-07-02,35.4932746887207,38.849998474121094,38.986000061035156,38.70800018310547,38.965999603271484,8965000,59.92651868864015,38.58000030517578,38.230800247192384,0.22077486649994427,0.12524797269848925,0.09552689380145502,77.37699546119383,67.64448545140588,-0.002874344803491913,1.3727832904428432
IJH,2019-07-03,35.82216262817383,39.209999084472656,39.209999084472656,38.89799880981445,38.9640007019043,2515500,63.881447352359956,38.84720001220703,38.31470012664795,0.2670638375431409,0.15361114566741957,0.11345269187572132,74.82725962528308,75.01182226108453,0.009266204438376002,1.385503781061673
IJH,2019-07-05,35.847747802734375,39.237998962402344,39.237998962402344,38.784000396728516,39.00600051879883,2830500,64.17757174811187,39.02239990234375,38.391900062561035,0.30252027135721704,0.18339297080537909,0.11912730055183796,80.785752522133,77.66333586953665,0.0007142275251807995,1.3864933459983493
IJH,2019-07-08,35.50057601928711,38.858001708984375,39.14799880981445,38.80400085449219,39.09199905395508,4065500,57.3102816411541,39.023600006103514,38.44090023040771,0.2965388329462044,0.20602214323354417,0.09051668971266025,80.8061049004479,78.80637234928803,-0.009684619110737702,1.373065686042783
IJH,2019-07-09,35.51154327392578,38.869998931884766,38.88800048828125,38.65999984741211,38.70000076293945,3439000,57.46503253709436,39.00519943237305,38.48030014038086,0.2894302043034642,0.2227037554475282,0.06672644885593601,73.31682367428705,78.302893698956,0.00030893173769097615,1.373489869611136
IJH,2019-07-10,35.4896125793457,38.84600067138672,39.11399841308594,38.762001037597656,39.060001373291016,3349000,57.01976704384644,39.00439987182617,38.51680011749268,0.2786480248507246,0.2338926093281675,0.0447554155225571,64.69815714534829,72.94036190669443,-0.000617565235363382,1.3726416500165404
IJH,2019-07-11,35.41287612915039,38.762001037597656,38.917999267578125,38.59000015258789,38.917999267578125,3938500,55.40161212337121,38.91480026245117,38.550500106811526,0.2603241468022901,0.23917891682299203,0.021145229979298075,62.59840253111958,66.871127783585,-0.0021622228200928184,1.3696736929170648
IJH,2019-07-12,35.77648162841797,39.15999984741211,39.2140007019043,38.784000396728516,38.81399917602539,4338500,61.042810150522016,38.899200439453125,38.59190006256104,0.27475036795407703,0.24629320704920904,0.028457160904867995,68.94138692605303,65.41264886750699,0.010267607125202582,1.3837369642856625
IJH,2019-07-15,35.59194564819336,38.95800018310547,39.24399948120117,38.87799835205078,39.2400016784668,3960000,57.095445830124376,38.91920013427735,38.63610000610352,0.26680797121429833,0.2503961598822269,0.016411811332071424,71.39107283059703,67.64362076258989,-0.005158024820362095,1.3765996146790245
IJH,2019-07-16,35.602901458740234,38.970001220703125,39.108001708984375,38.784000396728516,38.922000885009766,7740000,57.27222691037475,38.93920059204102,38.689100074768064,0.2585020967540075,0.25201734725658304,0.006484749497424447,75.94051334936977,72.09099103533997,0.00030781712961602814,1.3770233556210456
IJH,2019-07-17,35.33247756958008,38.67399978637695,38.970001220703125,38.63800048828125,38.94599914550781,4674500,51.62245697271144,38.90480041503906,38.7060001373291,0.22543610238156475,0.24670109828157938,-0.021264995900014627,63.86263872964946,70.3980749698721,-0.007595557611324133,1.366564095391287
IJH,2019-07-18,35.46768569946289,38.821998596191406,38.88800048828125,38.577999114990234,38.65999984741211,3088500,54.06253017421135,38.91679992675781,38.7246000289917,0.20876679700508305,0.23911423802628012,-0.030347441021197075,53.259767358249555,64.35430647908962,0.003826737867916208,1.3717935779640555
IJH,2019-07-19,35.33795928955078,38.68000030517578,39.05799865722656,38.68000030517578,38.90599822998047,3729000,51.3845861874668,38.82080001831055,38.72450008392334,0.18200019211906948,0.227691428844838,-0.045691236725768525,33.400524945476185,50.17431034445841,-0.0036575944371265434,1.3667761134044083
IJH,2019-07-22,35.32333755493164,38.66400146484375,38.86000061035156,38.63600158691406,38.763999938964844,3808500,51.07759519456449,38.762000274658206,38.735300064086914,0.1576788683543242,0.21368891674673526,-0.056010048392411055,21.611347774507113,36.090546692744304,-0.00041376850596641646,1.3662105844939745
IJH,2019-07-23,35.69791793823242,39.07400131225586,39.08599853515625,38.73400115966797,38.83000183105469,4504000,58.00225738741795,38.78280029296875,38.78120021820068,0.16953333051619524,0.20485779950062727,-0.035324468984432034,33.28586438103726,29.432579033673534,0.010604331561768987,1.380698334515147
IJH,2019-07-24,36.21501541137695,39.63999938964844,39.6619987487793,39.0,39.02799987792969,6175000,65.30343926626857,38.976000213623045,38.86630020141602,0.2220398545601867,0.20829421051253919,0.013745644047647526,61.786186742076815,38.894466299207075,0.014485367859247589,1.4006982577932492
IJH,2019-07-25,35.85688781738281,39.24800109863281,39.59400177001953,39.194000244140625,39.59400177001953,3782000,57.80781703905637,39.06120071411133,38.93500022888183,0.22937655696878778,0.2125106798037889,0.016865877164998877,78.08454117931738,57.718864100810514,-0.009888925627286493,1.386846856895662
IJH,2019-07-26,36.20771026611328,39.63199996948242,39.66400146484375,39.332000732421875,39.332000732421875,3724000,62.364977054085934,39.251600646972655,38.99850025177002,0.2631430963371031,0.22263716311045176,0.04050593322665133,85.61071192488389,75.16047994875939,0.009783962582508243,1.4004157146511984
IJH,2019-07-29,36.032291412353516,39.439998626708984,39.667999267578125,39.37200164794922,39.63199996948242,2917000,58.937213301417266,39.4068000793457,39.02790012359619,0.27128323406725485,0.2323663773018124,0.03891685676544246,79.31470352497517,81.00331887639216,-0.004844792793316732,1.3936309906892088
IJH,2019-07-30,36.27347946166992,39.70399856567383,39.70800018310547,39.11199951171875,39.20199966430664,6440500,62.0276630409929,39.532799530029294,39.064999961853026,0.2956291122169432,0.24501892428483857,0.050610187932104644,91.92722117276702,85.61754554087538,0.006693663929286275,1.4029594881823206
IJH,2019-07-31,35.860530853271484,39.25199890136719,39.79399871826172,39.0620002746582,39.69599914550781,7200500,54.469051171483095,39.45519943237305,39.08509998321533,0.27527757216482485,0.2510706538608358,0.024206918303989022,78.05200664447996,83.09797711407407,-0.01138431202429313,1.3869877596114104
IJH,2019-08-01,35.30141830444336,38.63999938964844,39.51599884033203,38.465999603271484,39.31999969482422,8609500,46.250894612726725,39.33359909057617,39.05659999847412,0.2073750931587881,0.24233154172042629,-0.03495644856163818,56.058636425814164,75.34595474768707,-0.01559130708677503,1.3653628075257107
IJH,2019-08-02,34.94878005981445,38.25400161743164,38.51599884033203,38.00199890136719,38.4640007019043,10637500,41.95165092272329,39.05799942016601,39.00740013122559,0.12102005121758452,0.21806924361985794,-0.09704919240227342,27.530895794049858,53.88051295478135,-0.009989350614406312,1.3517237197254661
IJH,2019-08-05,33.96024703979492,37.172000885009766,37.63399887084961,36.81800079345703,37.59400177001953,9192500,32.75917797552196,38.604399871826175,38.92310009002686,-0.03432962754741453,0.16758946938640346,-0.201919096933818,13.02007598285035,32.20320273423815,-0.02828519388452666,1.3134899522347177
IJH,2019-08-06,34.37868118286133,37.630001068115234,37.650001525878906,37.15599822998047,37.380001068115234,6228500,38.865662932185664,38.18960037231445,38.86110019683838,-0.11911549086146067,0.11024847733683063,-0.2293639681982913,17.74760005202836,19.432857276309548,0.012321292674228213,1.3296738463608597
IJH,2019-08-07,34.462730407714844,37.72200012207031,37.81999969482422,37.00199890136719,37.263999938964844,4734500,40.04353118786048,37.88360061645508,38.80490016937256,-0.17684676418674883,0.05282942903211474,-0.22967619321886357,23.185496620264725,17.984390885047834,0.0024448065475943803,1.3329246416866078
IJH,2019-08-08,35.17898178100586,38.50600051879883,38.512001037597656,37.874000549316406,37.88999938964844,11602000,49.052092986819886,37.85680084228515,38.79210014343262,-0.15752112885714098,0.010759317454263596,-0.16828044631140457,38.12725920988539,26.353451960726186,0.020783361179376403,1.3606272959396715
IJH,2019-08-09,34.716705322265625,38.0,38.33599853515625,37.88199996948242,38.332000732421875,3989500,44.41381418847948,37.806000518798825,38.73410015106201,-0.1809495627468749,-0.0275824585859641,-0.15336710416091082,42.271515369036315,34.52809039972883,-0.013140700365291136,1.342747700334892
IJH,2019-08-12,34.199615478515625,37.433998107910156,37.858001708984375,37.35200119018555,37.80400085449219,2589500,39.87209792981,37.85839996337891,38.65790004730225,-0.24239421815201467,-0.07054481049917422,-0.17184940765284046,39.045684107980605,39.81481956230079,-0.014894554046819719,1.322748072141011
IJH,2019-08-13,34.58515548706055,37.85599899291992,38.231998443603516,37.25600051879883,37.35599899291992,2780500,44.434439423712725,37.90359954833984,38.602199935913085,-0.25410840215068475,-0.10725752882947634,-0.1468508733212084,31.76519599046323,37.69413182249341,0.011273226413528459,1.3376597106463148
IJH,2019-08-14,33.580196380615234,36.75600051879883,37.31999969482422,36.69599914550781,37.27000045776367,5853000,36.63192050074349,37.71039962768555,38.50629997253418,-0.34813952541684046,-0.15543392814694917,-0.19270559726989128,19.171540991320537,29.994140363254814,-0.029057527493878132,1.2987906268267564
IJH,2019-08-15,33.521724700927734,36.69200134277344,36.88999938964844,36.49399948120117,36.88999938964844,6282000,36.233272429109746,37.347599792480466,38.39980010986328,-0.4229485787650944,-0.20893685827057823,-0.21401172049451617,14.271943949288797,21.736226977024216,-0.0017412548463013877,1.2965291013534634
IJH,2019-08-16,34.23615646362305,37.4739990234375,37.5099983215332,36.88199996948242,36.88199996948242,3132000,44.220891001033166,37.24239959716797,38.33950004577637,-0.41435815226114414,-0.25002111706869146,-0.16433703519245269,12.544599487111816,15.329361475907078,0.02131250014935948,1.3241613780197081
IJH,2019-08-19,34.54861068725586,37.816001892089844,37.97800064086914,37.79199981689453,37.902000427246094,3872500,47.32837480656454,37.318800354003905,38.29710006713867,-0.37562345077996184,-0.27514158381094556,-0.10048186696901629,25.252569623057713,17.356371019819466,0.009126439878401893,1.3362462572255067
IJH,2019-08-20,34.28183364868164,37.52399826049805,37.7760009765625,37.507999420166016,37.7760009765625,4924000,45.022124338617196,37.25240020751953,38.219599914550784,-0.3642888780566764,-0.2929710426600917,-0.0713178353965847,34.613668796422125,24.13694596886391,-0.007721787743917186,1.3259280472536077
IJH,2019-08-21,34.473697662353516,37.73400115966797,37.86199951171875,37.66400146484375,37.82600021362305,3382000,47.02155260520964,37.44800033569336,38.12430000305176,-0.3345047065812068,-0.3012777754443148,-0.03322693113689201,45.15652217375783,35.00758686441258,0.0055966671922536015,1.3333488252549608
IJH,2019-08-22,34.51388931274414,37.77799987792969,37.96799850463867,37.54800033569336,37.832000732421875,5201500,47.45274128998419,37.66520004272461,38.0507999420166,-0.3038476407880282,-0.30179174851305746,-0.0020558922749707165,53.012067514595934,44.26075282825866,0.0011658642128928864,1.3349033289336283
IJH,2019-08-23,33.5765380859375,36.75199890136719,37.77399826049805,36.63399887084961,37.59600067138672,6318500,39.39979929432825,37.520800018310545,37.90679988861084,-0.35821215271815277,-0.3130758293540765,-0.04513632336407625,45.91258140382601,48.02705703072661,-0.027158667002519676,1.298649133942565
IJH,2019-08-26,33.85976028442383,37.0620002746582,37.09400177001953,36.7760009765625,37.05400085449219,4027500,42.57100910889386,37.369999694824216,37.7878999710083,-0.3719937872416921,-0.32485942093159964,-0.047134366310092435,34.85297296003012,44.592540626150715,0.008435122101076553,1.3096033979538277
IJH,2019-08-27,33.46873092651367,36.63399887084961,37.290000915527344,36.630001068115234,37.257999420166016,3490500,39.49781334032742,37.19199981689453,37.63439998626709,-0.41269468083612537,-0.3424264729125048,-0.0702682079236206,15.956373608162698,32.240642657339635,-0.011548497527019919,1.294479446351181
IJH,2019-08-28,33.797637939453125,36.99399948120117,37.11399841308594,36.513999938964844,36.571998596191406,5479500,43.2112925162738,37.04399948120117,37.52150001525879,-0.4111617746403482,-0.35617353325807344,-0.05498824138227476,20.74288201047689,23.8507428595566,0.009827292635075535,1.3072006746805647
IJH,2019-08-29,34.32753372192383,37.57400131225586,37.62799835205078,37.33599853515625,37.36399841308594,2746500,48.67684510950464,37.00319976806641,37.46820011138916,-0.35900722315336253,-0.35674027123713126,-0.0022669519162312746,32.07416074882349,22.924472122487717,0.015678485680566956,1.3276956017401713
IJH,2019-08-30,34.38233184814453,37.63399887084961,37.79999923706055,37.43600082397461,37.77199935913086,2718000,49.22127601930007,37.17959976196289,37.43719997406006,-0.30926801462869236,-0.3472458199154435,0.037977805286751154,51.62586505134351,34.814302603547986,0.0015963315822395963,1.3298150441608299
IJH,2019-09-03,33.96024703979492,37.172000885009766,37.444000244140625,36.97800064086914,37.354000091552734,3933000,45.24150858345324,37.2015998840332,37.43719997406006,-0.3036286676221778,-0.33852238945679036,0.03489372183461259,57.80685446373632,47.1689600879678,-0.012276212393441455,1.3134899522347179
IJH,2019-09-04,34.391456604003906,37.64400100708008,37.66600036621094,37.43000030517578,37.55400085449219,2495500,49.71484283141153,37.4036003112793,37.4378999710083,-0.2580977886613667,-0.3224374692977056,0.06433968063633894,62.92444446835526,57.452387994478386,0.012697480195114297,1.3301679648896998
IJH,2019-09-05,34.98713684082031,38.29600143432617,38.444000244140625,38.0099983215332,38.11399841308594,4021000,55.163640376719066,37.6640007019043,37.466600036621095,-0.16747273216062553,-0.29144452187028963,0.1239717897096641,71.837454416256,64.18958444944921,0.01732058760044075,1.353207255648872
IJH,2019-09-06,34.95424270629883,38.2599983215332,38.46200180053711,38.22600173950195,38.34000015258789,4042500,54.81045628686003,37.80120010375977,37.45429992675781,-0.09743371703770976,-0.2526423609037737,0.15520864386606392,86.48506475940415,73.7489878813385,-0.0009401779480024963,1.351935000028034
IJH,2019-09-09,35.24660110473633,38.58000183105469,38.58000183105469,38.262001037597656,38.402000427246094,3003000,57.419935838310806,37.99040069580078,37.483300018310544,-0.01592214355180488,-0.20529831743337992,0.18937617388157504,93.9872968525334,84.10327200939787,0.00836403182566503,1.3632426273944989
IJH,2019-09-10,35.45672607421875,38.810001373291016,38.810001373291016,38.284000396728516,38.5099983215332,3292000,59.24168700178882,38.31800079345703,37.55210018157959,0.06646919110760052,-0.15094481572518384,0.21741400683278436,96.54340715326855,92.33858958840206,0.00596156687159799,1.371369689479924
IJH,2019-09-11,35.92631149291992,39.32400131225586,39.33000183105469,38.599998474121094,38.87799835205078,4097000,63.0467048159903,38.65400085449219,37.62550029754639,0.1712661670560891,-0.08650261916892926,0.25776878622501836,99.92897117936741,96.8198917283898,0.013243902376046446,1.3895319757688653
IJH,2019-09-12,35.913516998291016,39.310001373291016,39.44599914550781,39.07400131225586,39.40399932861328,3697000,62.87453261861654,38.85680084228515,37.75320034027099,0.2503035044537967,-0.019141394444384077,0.26944489889818074,98.38283874393669,98.28507235885758,-0.00035613159540259787,1.389037119529472
IJH,2019-09-13,35.937278747558594,39.33599853515625,39.608001708984375,39.29600143432617,39.45600128173828,4859500,63.07617960625496,39.072000885009764,37.885400199890135,0.31144873037624876,0.0469766305197425,0.26447209985650627,95.4524032966162,97.92140440664014,0.0006616380475548134,1.3899561593372185
IJH,2019-09-16,35.97017288208008,39.37200164794922,39.5099983215332,39.11800003051758,39.231998443603516,3314000,63.372882204953534,39.23040084838867,37.98030033111572,0.3586773040667737,0.10931676522914874,0.24936053883762493,92.98087743050012,95.6053731570177,0.0009153206828083071,1.3912284149580567
IJH,2019-09-17,35.84225845336914,39.231998443603516,39.29800033569336,39.09600067138672,39.290000915527344,5278500,61.30975084868425,39.31480026245117,38.051100158691405,0.38042391041134493,0.16353819426558797,0.21688571614575697,90.47612589397924,92.96980220703188,-0.0035561249352421553,1.386281032901007
IJH,2019-09-18,35.76917266845703,39.152000427246094,39.22200012207031,38.821998596191406,39.198001861572266,3838000,60.10564515675308,39.280400085449216,38.13250026702881,0.3867449264942664,0.20817954071132366,0.17856538578294273,87.62707976279893,90.36136102909279,-0.0020390954160210972,1.3834542736015014
IJH,2019-09-19,35.69425964355469,39.06999969482422,39.39799880981445,39.01599884033203,39.237998962402344,5456000,58.83020922568632,39.23239974975586,38.19930019378662,0.38074857096439274,0.2426933467619375,0.13805522420245525,83.35085376941008,87.15135314206277,-0.0020943460335722808,1.3805568416309555
IJH,2019-09-20,35.56452941894531,38.928001403808594,39.290000915527344,38.83599853515625,39.10200119018555,5128000,56.59077111025924,39.15080032348633,38.25680027008057,0.3603840575654971,0.2662314889226494,0.09415256864284766,78.78323293769763,83.25372215663558,-0.0036344842533468924,1.3755392295291975
IJH,2019-09-23,35.639434814453125,39.0099983215332,39.172000885009766,38.78799819946289,38.84400177001953,6175000,57.5945982836664,39.078399658203125,38.369700241088864,0.3468630783100295,0.28235780680012545,0.06450527150990404,75.41054123774438,79.18154264828406,0.0021061826694073194,1.3784363664155217
IJH,2019-09-24,35.257347106933594,38.422000885009766,39.03799819946289,38.31800079345703,38.92599868774414,4743000,48.86767527594136,38.91640014648438,38.437700271606445,0.28541108448908403,0.28296846233791717,0.002442622151166862,57.49009976753985,70.56129131432732,-0.010720924995268999,1.3636582535204298
IJH,2019-09-25,35.666603088378906,38.86800003051758,38.93000030517578,38.347999572753906,38.375999450683594,7297500,54.49938122968643,38.85960006713867,38.549400329589844,0.2695906669264261,0.28029290325561895,-0.010702236329192871,48.260034990701,60.386891998661774,0.011607679392441561,1.3794871613281516
IJH,2019-09-26,35.45738983154297,38.63999938964844,38.84400177001953,38.492000579833984,38.84400177001953,3390500,51.383676240035136,38.773600006103514,38.631700325012204,0.23593540925755008,0.27142140445600516,-0.03548599519845508,33.43989929205644,46.3966780167658,-0.005865802703933554,1.3713953618071912
IJH,2019-09-27,35.20594787597656,38.36600112915039,38.88199996948242,38.2140007019043,38.762001037597656,3731000,47.84380935553332,38.661199951171874,38.67130031585693,0.18502119618086255,0.25414136280097666,-0.06912016662011411,28.480420281114984,36.72678485462417,-0.007091383679424745,1.361670271120433
IJH,2019-09-30,35.462894439697266,38.645999908447266,38.7400016784668,38.42399978637695,38.42399978637695,5038000,51.51936556283287,38.588400268554686,38.721900367736815,0.16535872449853173,0.2363848351404877,-0.07102611064195596,23.325615745168452,28.415311772779987,0.007298385052033618,1.3716082650729768
IJH,2019-10-01,34.794857025146484,37.917999267578125,38.944000244140625,37.86399841308594,38.762001037597656,5350000,43.02879794260037,38.48759994506836,38.75920028686524,0.08999509898579561,0.2071068879095493,-0.11711178892375368,14.996715862153607,22.267583962812378,-0.01883764495553919,1.345770395557449
IJH,2019-10-02,34.332366943359375,37.41400146484375,37.72200012207031,37.13999938964844,37.68000030517578,6168500,38.32035504392284,38.196800231933594,38.74770030975342,-0.010281014656676746,0.1636293073963041,-0.17391032205298085,15.062810563394523,17.79504739023889,-0.013291909245463085,1.3278825375944683
IJH,2019-10-03,34.52873611450195,37.62799835205078,37.63399887084961,36.91400146484375,37.316001892089844,4777500,41.25948855291947,37.99440002441406,38.71430015563965,-0.07165678203917736,0.1165720895092078,-0.18822887154838516,13.90077317157216,14.653433199040125,0.005719651414263005,1.3354775628285955
IJH,2019-10-04,34.873775482177734,38.00400161743164,38.0099983215332,37.54800033569336,37.70600128173828,2990500,46.11786423827257,37.922000122070315,38.70150032043457,-0.08893204549036682,0.0754712625092929,-0.16440330799965971,27.49561216639289,18.819731967119885,0.009992817765804851,1.3488227467442628
IJH,2019-10-07,34.69941329956055,37.81399917602539,38.08599853515625,37.72999954223633,37.89799880981445,3093500,44.13152004294991,37.75559997558594,38.6632001876831,-0.11661021536640703,0.03705496693415291,-0.15366518230055995,35.87216217376986,25.756182503911663,-0.004999808027848718,1.342078891946946
IJH,2019-10-08,34.09561538696289,37.15599822998047,37.534000396728516,37.11800003051758,37.47200012207031,3600000,38.02363358340277,37.6031997680664,38.58050003051758,-0.18945660381000806,-0.008247347214679283,-0.18120925659532877,29.951650759280145,31.10647503314766,-0.017400810422500856,1.318725631576137
IJH,2019-10-09,34.31768798828125,37.39799880981445,37.54600143432617,37.22200012207031,37.395999908447266,4301000,41.24444694643564,37.599999237060544,38.484199905395506,-0.22506604589376167,-0.051611086950495766,-0.1734549589432659,22.11477506996992,29.31286266767334,0.006513230478405463,1.3273147955523732
IJH,2019-10-10,34.52507781982422,37.624000549316406,37.763999938964844,37.402000427246094,37.43600082397461,3301000,44.162833904995445,37.59919967651367,38.399899864196776,-0.23237169741342,-0.08776320904308063,-0.14460848837033938,20.518739210767325,24.195055013339157,0.006043234369803363,1.335336069944404
IJH,2019-10-11,35.10868453979492,38.2599983215332,38.59199905395508,38.055999755859375,38.066001892089844,4968000,51.46830041076211,37.65039901733398,38.346099853515625,-0.18471252292961537,-0.10715307182038758,-0.0775594511092278,38.394977984003496,27.009497421580278,0.016903849515310876,1.3579083899231108
IJH,2019-10-14,34.98020935058594,38.119998931884766,38.20000076293945,37.992000579833984,38.189998626708984,1952500,49.92000288917065,37.71159896850586,38.2834997177124,-0.15643577032388833,-0.11700961152108774,-0.03942615880280059,51.407816186321135,36.77384446036402,-0.0036593563926714534,1.3529393191757835
IJH,2019-10-15,35.25,38.41400146484375,38.540000915527344,38.11399841308594,38.24599838256836,3524000,53.11009729932953,37.963199615478516,38.24259986877441,-0.1090456820882153,-0.11541682563451326,0.006371143546297961,65.55713184790896,51.7866420060779,0.007712665373443395,1.3633740874151605
IJH,2019-10-16,35.21329879760742,38.374000549316406,38.53799819946289,38.26599884033203,38.31999969482422,4791000,52.61898002610909,38.158399963378905,38.20369987487793,-0.07386496596743086,-0.10710645370109678,0.03324148773366592,68.40720946897376,61.79071916773464,-0.0010411688622008475,1.3619545847678123
IJH,2019-10-17,35.51060485839844,38.698001861572266,38.762001037597656,38.47800064086914,38.560001373291016,4486000,56.15556510316214,38.373200225830075,38.18509998321533,-0.01961370231999382,-0.08960790342487619,0.06999420110488237,77.8982320840662,70.62085780031633,0.008443005084522781,1.373453574251896
IJH,2019-10-18,35.47941207885742,38.66400146484375,38.762001037597656,38.448001861572266,38.60200119018555,4555500,55.68583720282564,38.454000854492186,38.17189998626709,0.02040208458578263,-0.06760590582274444,0.08800799040852707,82.00332486457502,76.10292213920502,-0.0008784074409714515,1.3722471224124444
IJH,2019-10-21,35.684959411621094,38.88800048828125,39.06999969482422,38.86600112915039,38.95399856567383,3339500,58.16842488445102,38.607601165771484,38.16580009460449,0.06938985016126509,-0.04020675462594254,0.10959660478720762,88.54908853651618,82.81688182838583,0.005793425559217802,1.3801971339649917
IJH,2019-10-22,35.673946380615234,38.875999450683594,39.09199905395508,38.784000396728516,38.93600082397461,2441500,57.98100952734214,38.70000076293945,38.188500022888185,0.10602246292445017,-0.010960911115864,0.11698337404031417,89.28269056223512,86.6117013211088,-0.0003086182858953457,1.3797711798913097
IJH,2019-10-23,35.70697784423828,38.9119987487793,38.95399856567383,38.74399948120117,38.891998291015625,3063000,58.41384866258486,38.80760040283203,38.19069995880127,0.136386733593568,0.0185086178260224,0.11787811576754562,90.84085409725104,89.55754439866746,0.0009259268170285218,1.381048747028134
IJH,2019-10-24,35.716163635253906,38.922000885009766,39.082000732421875,38.75,39.07600021362305,3357500,58.541632674000084,38.85240020751953,38.204800033569335,0.1594200307846947,0.046690900417756864,0.11272913036693782,90.78407464634766,90.30253976861128,0.00025725478800509016,1.3814040284307756
IJH,2019-10-25,35.90519332885742,39.12799835205078,39.24599838256836,38.88399887084961,38.88800048828125,2394000,61.18684497090127,38.94519958496094,38.242899894714355,0.1920821552336136,0.07576915138092821,0.11631300385268539,92.24148452106853,91.28880442155577,0.005292553128996458,1.3887151826438553
IJH,2019-10-28,36.112586975097656,39.354000091552734,39.5620002746582,39.30400085449219,39.30400085449219,3910000,63.90765385273065,39.03839950561523,38.27829990386963,0.23351179713838377,0.10731768053241933,0.12619411660596444,92.31803947773172,91.78119954838265,0.005776146206502908,1.3967366045779965
IJH,2019-10-29,36.2098503112793,39.459999084472656,39.5620002746582,39.20399856567383,39.24399948120117,4067500,65.14188809202753,39.155199432373045,38.35539989471435,0.27176557530651735,0.14020725948723894,0.1315583158192784,93.61456923282161,92.72469774387396,0.002693336155859205,1.4004984857753184
IJH,2019-10-30,36.123592376708984,39.36600112915039,39.43199920654297,39.11800003051758,39.41600036621094,3370500,63.081790295204875,39.24599990844727,38.452999877929685,0.2911410281440894,0.17039401321860903,0.12074701492548034,91.30160059173959,92.41140310076433,-0.002382167665118562,1.397162263567457
IJH,2019-10-31,35.844627380371094,39.0620002746582,39.29800033569336,38.87799835205078,39.29800033569336,4377000,56.82296969096271,39.273999786376955,38.524699974060056,0.2787525993462907,0.19206573044414538,0.08668686890214533,83.64885265370128,89.52167415942085,-0.007722515342016623,1.3863726565517707
IJH,2019-11-01,36.37135314941406,39.63600158691406,39.63800048828125,39.2599983215332,39.30400085449219,3935500,64.0715053376224,39.37560043334961,38.60629997253418,0.311659176059635,0.21598441956724332,0.09567475649239168,85.17922476322285,86.70989266955458,0.014694692274340948,1.4067449761173596
IJH,2019-11-04,36.562217712402344,39.84400177001953,39.922000885009766,39.70800018310547,39.869998931884766,4498500,66.28059301966982,39.47360076904297,38.70780010223389,0.35048161770887987,0.24288385919557065,0.10759775851330922,87.77053768461344,85.53287170051254,0.005247661867409992,1.4141270980857013
IJH,2019-11-05,36.652156829833984,39.94200134277344,40.16999816894531,39.902000427246094,39.95199966430664,3826000,67.30072691823396,39.570001220703126,38.847100257873535,0.3847215978223204,0.2712514069209206,0.11347019090139981,93.97283026738442,88.97419757174026,0.0024598922893326325,1.4176056984304186
IJH,2019-11-06,36.49982833862305,39.7760009765625,39.91600036621094,39.65800094604492,39.91600036621094,3105000,63.780776081787515,39.652001190185544,38.966000366210935,0.3939213068992373,0.29578538691658396,0.09813591998265336,86.38979814989038,89.37772203396277,-0.0041560580436823535,1.411714046864687
IJH,2019-11-07,36.55487823486328,39.83599853515625,40.17399978637695,39.74800109863281,40.04999923706055,3393500,64.5034007873072,39.806800842285156,39.07660026550293,0.40142605450374447,0.3169135204340161,0.08451253406972836,80.08101134297836,86.81454658675108,0.0015082234286012408,1.4138432270646537
IJH,2019-11-08,36.65397644042969,39.944000244140625,39.948001861572266,39.66999816894531,39.763999938964844,2245000,65.8251879580174,39.86840057373047,39.1608003616333,0.41134670756581215,0.33580015786037537,0.07554654970543678,79.13313852966634,81.86798267417838,0.002710943391185827,1.4176760760172376
IJH,2019-11-11,36.591583251953125,39.875999450683594,39.965999603271484,39.68000030517578,39.720001220703125,2125500,64.20410362630092,39.87480010986328,39.24860038757324,0.40900702250885956,0.35044153079007223,0.05856549171878733,79.81349780099198,79.67588255787892,-0.0017022215469026936,1.4152628772541125
IJH,2019-11-12,36.523681640625,39.801998138427734,40.0359992980957,39.736000061035156,39.90599822998047,2587000,62.40303872534922,39.84679946899414,39.31800022125244,0.39660964865170456,0.3596751543623987,0.03693449428930584,78.98440811389214,79.31034814818351,-0.0018556620209785324,1.4126366276830913
IJH,2019-11-13,36.463111877441406,39.736000061035156,39.805999755859375,39.5359992980957,39.61000061035156,3190000,60.76583548422548,39.83879928588867,39.38610019683838,0.3771120344855561,0.3631625303870302,0.013949504098525856,73.08028909385833,77.29273166958085,-0.0016583695964599299,1.410293954048896
IJH,2019-11-14,36.534690856933594,39.81399917602539,39.869998931884766,39.63600158691406,39.68199920654297,4406000,62.033602143600476,39.8343994140625,39.44190006256103,0.3637607045314155,0.36328216521590734,0.0004785393155081752,70.76741767277137,74.27737162684065,0.001963051857251763,1.4130624342146625
IJH,2019-11-15,36.71453857421875,40.0099983215332,40.06999969482422,39.875999450683594,40.055999755859375,3405000,65.0865337295187,39.847599029541016,39.509199905395505,0.3647900991715858,0.363583752007043,0.0012063471645427648,75.25718271967597,73.03496316210192,0.00492265605830422,1.4200184545672114
IJH,2019-11-18,36.655818939208984,39.94599914550781,39.97200012207031,39.8380012512207,39.944000244140625,3080000,63.29673628719084,39.86159896850586,39.562099838256835,0.3563341054412419,0.36213382269388283,-0.005799717252640946,80.65838776237051,75.56099605160598,-0.001599356475393665,1.4177473388567208
IJH,2019-11-19,36.72922134399414,40.0260009765625,40.130001068115234,39.875999450683594,40.08000183105469,3258500,64.60694655823049,39.90639953613281,39.61959991455078,0.35203016405070997,0.3601130909652483,-0.008082926914538324,86.11110293489999,80.67555780564885,0.0020024761936676683,1.420586344151417
IJH,2019-11-20,36.61726379394531,39.90399932861328,40.10200119018555,39.624000549316406,39.900001525878906,3197500,61.02908425670775,39.939999389648435,39.66919994354248,0.33491406524393597,0.35507328582098585,-0.020159220577049886,80.48241489170718,82.41730186299259,-0.003048187409154912,1.4162561307435573
IJH,2019-11-21,36.3603401184082,39.624000549316406,39.939998626708984,39.56800079345703,39.939998626708984,5194500,53.68150597856827,39.90199966430664,39.70429992675781,0.2953512468588855,0.34312887802856584,-0.04777763116968037,57.611052085031695,74.73485663721297,-0.007016462971752513,1.4063190220436776
IJH,2019-11-22,36.455772399902344,39.72800064086914,39.79600143432617,39.571998596191406,39.742000579833984,3187000,55.80963158558745,39.84560012817383,39.73430004119873,0.26928521415277373,0.32836014525340745,-0.05907493110063372,38.11567872961945,58.73638190211946,0.0026246256548581037,1.4100100830278484
IJH,2019-11-25,36.90358352661133,40.215999603271484,40.2599983215332,39.86000061035156,39.86800003051758,3575500,64.1362456927671,39.899600219726565,39.77740001678467,0.2847230235444371,0.31963272091161343,-0.03490969736717631,45.93678036710196,47.221170393917724,0.012283682315017419,1.4273301989487337
IJH,2019-11-26,37.03571319580078,40.36000061035156,40.417999267578125,40.14400100708008,40.24399948120117,3515500,66.16239632415797,39.966400146484375,39.82240009307861,0.3050607263557481,0.31671832200044037,-0.011657595644692265,72.48041346296837,52.177624186563285,0.003580402133418037,1.4324406150381417
IJH,2019-11-27,37.29816436767578,40.645999908447266,40.645999908447266,40.40999984741211,40.49800109863281,2782000,69.81041642343199,40.11480026245117,39.886400032043454,0.34033310730836774,0.3214412790620259,0.018891828246341835,95.78233635591778,71.3998433953294,0.007086434936124153,1.4425915122564712
IJH,2019-11-29,36.90724182128906,40.220001220703125,40.582000732421875,40.194000244140625,40.56399917602539,2074500,59.51766498728799,40.23400039672852,39.9443000793457,0.33010692233942507,0.3231744077175058,0.006932514621919295,85.01531641376965,84.42602207755196,-0.010481013020724128,1.427471691832925
IJH,2019-12-02,36.65397644042969,39.944000244140625,40.316001892089844,39.92399978637695,40.316001892089844,4338000,53.96605476365131,40.277200317382814,39.95970001220703,0.296315879890507,0.31780270215210604,-0.021486822261599037,66.12619424015394,82.30794900328048,-0.006862213710949416,1.417676076017237
IJH,2019-12-03,36.44475555419922,39.715999603271484,39.737998962402344,39.39400100708008,39.608001708984375,4085500,49.83098635753553,40.17720031738281,39.95329990386963,0.24827651197783496,0.3038974641172518,-0.05562095213941687,41.36578100123344,64.1690972183857,-0.005707999691943244,1.4095839814120554
IJH,2019-12-04,36.73839569091797,40.0359992980957,40.24800109863281,39.86399841308594,39.900001525878906,4748500,55.03818389878329,40.11240005493164,39.957999801635744,0.23333650978746334,0.28978527325129416,-0.05644876346383082,37.91781527519584,48.46993017219444,0.008057130093301446,1.420941182927726
IJH,2019-12-05,36.79529571533203,40.097999572753906,40.1879997253418,39.95800018310547,40.141998291015625,4212000,55.99127842706856,40.00279998779297,39.974099731445314,0.2239181651975244,0.2766118516405402,-0.05269368644301581,44.40886359296858,41.23081995646598,0.0015487890351217892,1.4231419210513976
IJH,2019-12-06,37.173370361328125,40.5099983215332,40.641998291015625,40.41600036621094,40.42399978637695,6597500,61.787958585824185,40.06079940795898,40.00779972076416,0.24685334338212783,0.27066014998885773,-0.023806806606729902,65.54835813498107,49.29167900104852,0.010275081057129709,1.437764819646
IJH,2019-12-09,36.99900817871094,40.31999969482422,40.47800064086914,40.29600143432617,40.43199920654297,2752000,57.994243420355154,40.135999298095705,40.02659969329834,0.24685277095872493,0.2658986741828312,-0.019045903224106264,73.10961068928673,61.022277472412156,-0.004690513152893372,1.4310209648486831
IJH,2019-12-10,36.96780776977539,40.2859992980957,40.374000549316406,40.178001403808594,40.29999923706055,2841500,57.31604728262409,40.24999923706055,40.04709968566895,0.24132690312776361,0.2609843199718177,-0.019657416844054088,78.11493258258075,72.25763380228288,-0.0008432769004197427,1.42981421792501
IJH,2019-12-11,37.02654266357422,40.349998474121094,40.40399932861328,40.220001220703125,40.34199905395508,3243500,58.30445285159766,40.312799072265626,40.074499702453615,0.23935270273654652,0.2566579965247635,-0.01730529378821699,73.85508200184437,75.02654175790398,0.0015888119242724041,1.4320859238039434
IJH,2019-12-12,37.437644958496094,40.79800033569336,40.89799880981445,40.29600143432617,40.38199996948242,5249000,64.50132840239068,40.452799224853514,40.12759971618652,0.27081633864963095,0.259489664949737,0.01132667369989393,80.31826004861531,77.42942487768016,0.011102907950579555,1.4479862419932592
IJH,2019-12-13,37.22291564941406,40.56399917602539,40.95000076293945,40.448001861572266,40.77399826049805,2836500,59.525038672424664,40.463599395751956,40.165099716186525,0.2737143501903603,0.2623346019978617,0.011379748192498595,81.63384797180343,78.60239667408773,-0.00573565215760985,1.4396810965801812
IJH,2019-12-16,37.46072769165039,40.63999938964844,40.83000183105469,40.582000732421875,40.652000427246094,3505000,60.58854708872978,40.5275993347168,40.19659976959228,0.2789283153025721,0.2656533446588038,0.013274970643768313,82.87362706240668,81.60857836094185,0.0063888612186151494,1.4488790193052956
IJH,2019-12-17,37.58794403076172,40.77799987792969,40.80400085449219,40.63399887084961,40.6879997253418,3941500,62.51459543576608,40.625999450683594,40.23819980621338,0.29084324640377446,0.27069132500779797,0.02015192139597649,81.40522747628478,81.97090083683166,0.0033959922017126054,1.4537994011560813
IJH,2019-12-18,37.60821533203125,40.79999923706055,40.869998931884766,40.65599822998047,40.869998931884766,3692500,62.826479027422096,40.715999603271484,40.27689971923828,0.29861878806440245,0.2762768176191189,0.022341970445283577,86.46092794895429,83.57992749588195,0.0005393032737555092,1.4545834399325086
IJH,2019-12-19,37.77781677246094,40.98400115966797,40.99800109863281,40.757999420166016,40.83399963378906,4025500,65.41812611497575,40.75319976806641,40.33089981079102,0.31598588959552387,0.2842186320143999,0.031767257581123975,92.81098010262555,86.89237850928824,0.004509691271769478,1.4611431621756326
IJH,2019-12-20,37.96586608886719,41.1879997253418,41.29600143432617,41.082000732421875,41.09000015258789,6260000,68.07551718059065,40.87799987792969,40.40909976959229,0.3422650041298354,0.295827906437487,0.046437097692348384,94.60288716014198,91.2915984039073,0.004977770884402544,1.4684163980662543
IJH,2019-12-23,37.92713928222656,41.145999908447266,41.279998779296875,41.060001373291016,41.24800109863281,4548500,66.93509463081482,40.979199981689455,40.479999732971194,0.3556031853474053,0.3077829622194707,0.0478202231279346,94.3246396980208,93.91283565359613,-0.0010200427549835744,1.4669185505581077
IJH,2019-12-24,37.9234619140625,41.141998291015625,41.20000076293945,41.10200119018555,41.183998107910156,1618500,66.82023809376956,41.05199966430664,40.5262996673584,0.3616816520293398,0.3185627001814445,0.04311895184789527,90.77893101251193,93.2354859568916,-9.695875390702824e-05,1.4667763199633626
IJH,2019-12-26,38.00642395019531,41.231998443603516,41.27399826049805,41.12200164794922,41.194000244140625,1869500,68.14422114915855,41.13839950561523,40.569899559020996,0.36950175459877954,0.3287505110649115,0.04075124353386805,90.76344655071476,91.95567242041587,0.0021876176895667676,1.469985065787552
IJH,2019-12-27,37.94373321533203,41.16400146484375,41.35599899291992,41.08000183105469,41.3380012512207,5292000,66.00136444714991,41.17439956665039,40.59579963684082,0.36599350896609906,0.336199110645149,0.029794398320950044,88.82221646069382,90.12153134130688,-0.001649477334290439,1.4675603587397898
IJH,2019-12-30,37.9068717956543,41.124000549316406,41.257999420166016,40.96200180053711,41.17599868774414,6463000,64.71217980008564,41.161599731445314,40.64099960327148,0.355883061046967,0.34013590072551264,0.015747160321454345,86.09409469028861,88.55991923389911,-0.0009714758289213199,1.466134659323791
IJH,2019-12-31,37.94373321533203,41.16400146484375,41.31399917602539,41.0099983215332,41.03200149536133,11303000,65.43917410153705,41.16520004272461,40.70199966430664,0.34709707874729645,0.34152813632986945,0.005568942417427003,82.36861182493797,85.7616409919735,0.0009724205119441276,1.4675603587397896
IJH,2020-01-02,38.00088882446289,41.22600173950195,41.40999984741211,40.84199905395508,41.36800003051758,8788500,66.58816059971545,41.182000732421876,40.777499771118165,0.34120384297244755,0.3414632776583851,-0.00025943468593753183,82.2958537327713,83.58618674933267,0.0015063254004685778,1.4697709821848801
IJH,2020-01-03,37.809165954589844,41.018001556396484,41.104000091552734,40.67399978637695,40.72200012207031,5156000,59.44778176085369,41.13920135498047,40.8265998840332,0.3161056653743657,0.3363917552015812,-0.020286089827215525,75.27783941704406,79.9807683249178,-0.005045220672565631,1.462355663241624
IJH,2020-01-06,37.79810333251953,41.00600051879883,41.02199935913086,40.63399887084961,40.742000579833984,6657000,59.05430817386296,41.107601165771484,40.87199993133545,0.29188215952335383,0.3274898360659358,-0.035607676542581956,64.64750021658462,74.07373112213337,-0.00029259101043377367,1.4619277911205024
IJH,2020-01-07,37.70039367675781,40.900001525878906,41.0,40.76599884033203,40.895999908447266,4360000,55.556602695295474,41.062801361083984,40.891500091552736,0.26112157676301706,0.3142161842053521,-0.05309460744233502,48.24601983580953,62.72378648981276,-0.0025850412361207997,1.4581486474962249
IJH,2020-01-08,37.759376525878906,40.9640007019043,41.119998931884766,40.827999114990234,40.917999267578125,4894500,57.20470805400612,41.02280120849609,40.923700141906735,0.23915100799540312,0.2992031489633623,-0.06005214096795919,42.670787853971575,51.85476930212193,0.0015645154697006003,1.4604299436123558
IJH,2020-01-09,37.866310119628906,41.08000183105469,41.1619987487793,40.95600128173828,41.14799880981445,3377500,60.09336115264216,40.99360122680664,40.963400268554686,0.228465883132543,0.28505569579719847,-0.05658981266465546,44.75971370143147,45.22550713040422,0.002831974560721706,1.4645658440603821
IJH,2020-01-10,37.75569534301758,40.959999084472656,41.11800003051758,40.854000091552734,41.11199951171875,7937500,55.89044598106956,40.982000732421874,40.993900299072266,0.20791787807808504,0.2696281322533758,-0.061710254175290746,47.336925174348465,44.92247557658387,-0.002921192380822668,1.4602875654754999
IJH,2020-01-13,38.0506706237793,41.279998779296875,41.29800033569336,40.895999908447266,41.00400161743164,3262000,63.26799105670806,41.036800384521484,41.01800022125244,0.21497662039372045,0.25869782988144474,-0.04372120948772429,60.910708667610486,51.00244918113017,0.007812736014574995,1.4716964067299263
IJH,2020-01-14,38.155738830566406,41.39400100708008,41.52799987792969,41.125999450683594,41.15800094604492,3725500,65.48292916901582,41.13560028076172,41.05950031280518,0.2271512928528523,0.2523885224757263,-0.025237229622874002,70.08963964275357,59.44575782823754,0.002761270828205875,1.4757601590858052
IJH,2020-01-15,38.203670501708984,41.44599914550781,41.62200164794922,41.279998779296875,41.30799865722656,12645500,66.47589265439714,41.23199996948242,41.09980030059815,0.23824923482102633,0.24956066494478632,-0.011311430123759986,83.48155553186514,71.49396794740976,0.001256211322637979,1.4776140257071468
IJH,2020-01-16,38.635074615478516,41.91400146484375,41.92599868774414,41.672000885009766,41.70000076293945,9115000,73.78539165498704,41.398799896240234,41.156600379943846,0.28156263095597467,0.255961058147024,0.025601572808950646,88.7562609069624,80.7758186938604,0.011292216378796294,1.4942995630097762
IJH,2020-01-17,38.557640075683594,41.83000183105469,42.051998138427734,41.78200149536133,42.04199981689453,5011500,70.80147449881993,41.57280044555664,41.20810050964356,0.30558811148929266,0.2658864688154778,0.039701642673814874,88.53395095361252,86.92392246414671,-0.00200425495655443,1.4913046057040367
IJH,2020-01-21,38.341949462890625,41.59600067138672,41.7400016784668,41.5260009765625,41.66600036621094,6674000,63.141039961845756,41.63600082397461,41.238700485229494,0.30226224889671016,0.2731616248317243,0.02910062406498587,83.75267143435634,87.01429443164379,-0.005593978582962955,1.4829622796790543
IJH,2020-01-22,38.32166290283203,41.57400131225586,41.84400177001953,41.513999938964844,41.698001861572266,4056000,62.45686373626828,41.672000885009766,41.2580005645752,0.29445699743171616,0.2774206993517227,0.01703629807999346,72.82578284730441,81.70413507842446,-0.0005290956861290219,1.482177650734184
IJH,2020-01-23,38.406471252441406,41.66600036621094,41.74399948120117,41.21200180053711,41.52000045776367,4786500,64.20370078048688,41.71600112915039,41.28400058746338,0.2923250924976486,0.28040157798090787,0.01192351451674073,68.97055131102262,75.18300186422783,0.002213065487904675,1.4854578069399673
IJH,2020-01-24,37.99535369873047,41.220001220703125,41.76599884033203,41.00600051879883,41.76599884033203,5015500,51.655678934955255,41.57720108032227,41.28790073394775,0.25174517710996014,0.2746702978067183,-0.022925120696758172,60.1318196491983,67.30938460250847,-0.01070438236850002,1.4695568985822085
IJH,2020-01-27,37.48468780517578,40.66600036621094,40.891998291015625,40.50199890136719,40.58599853515625,4977000,40.94968758532837,41.344400787353514,41.25960083007813,0.17288910484262487,0.25431405921389966,-0.08142495437127478,41.56181577986757,56.8880622466962,-0.013440219496410388,1.4498057313027994
IJH,2020-01-28,37.85340881347656,41.066001892089844,41.178001403808594,40.84000015258789,40.895999908447266,3619500,49.145208923360144,41.23840103149414,41.25470085144043,0.14104598926348189,0.23166044522381612,-0.09061445596033424,29.43135019100238,43.708328540022784,0.009836576743474046,1.464066856641888
IJH,2020-01-29,37.66720199584961,40.86399841308594,41.23400115966797,40.854000091552734,41.16400146484375,4037500,45.69603725573689,41.09640045166016,41.24170074462891,0.09837607999445908,0.20500357217794474,-0.10662749218348566,23.44095707109859,31.47804101398955,-0.004919155855803936,1.4568648835907496
IJH,2020-01-30,37.7096061706543,40.90999984741211,40.91999816894531,40.45199966430664,40.599998474121094,3957500,46.61490051829725,40.94520034790039,41.229000663757326,0.06749377455906114,0.17750161265416803,-0.11000783809510689,29.455721693656475,27.44267631858585,0.0011257585527419955,1.4585049616936414
IJH,2020-01-31,36.95559310913086,40.09199905395508,40.78200149536133,39.987998962402344,40.7400016784668,7393000,35.20680764602409,40.719599914550784,41.17230052947998,-0.022724548260789845,0.13745638047117645,-0.1601809287319663,19.006207861186088,23.96762887531375,-0.019995251557684335,1.4293417880864463
IJH,2020-02-03,37.364864349365234,40.5359992980957,40.737998962402344,40.29999923706055,40.29999923706055,6909000,43.31576054299148,40.693599700927734,41.14820041656494,-0.05773062731059042,0.09841897891482308,-0.15614960622541352,20.071406446860415,22.844445333901024,0.01107467654559846,1.4451712860626111
IJH,2020-02-04,37.866310119628906,41.08000183105469,41.24399948120117,40.96799850463867,41.02799987792969,8024500,51.34961686784645,40.6963996887207,41.15190048217774,-0.041102930178396946,0.07051459709617908,-0.11161752727457602,28.165439149332006,22.414351152459535,0.013420248647903588,1.464565844060382
IJH,2020-02-05,38.294010162353516,41.54399871826172,41.59600067138672,41.32400131225586,41.465999603271484,4591500,56.953606653899584,40.83239974975586,41.18410034179688,0.009406874020648104,0.05829305248107289,-0.048886178460424784,51.615055492408466,33.28396702953366,0.01129500184658605,1.4811081179734908
IJH,2020-02-06,38.10781478881836,41.34199905395508,41.70800018310547,41.3380012512207,41.67399978637695,2959000,54.035440407440575,40.918799591064456,41.20300025939942,0.032758948260152465,0.053186231636888806,-0.02042728337673634,64.63185261167017,48.137449084470255,-0.004862258424901178,1.4739065875486848
IJH,2020-02-07,37.75569534301758,40.959999084472656,41.27399826049805,40.891998291015625,41.22999954223633,4651000,48.929700158555896,41.09239959716797,41.197000122070314,0.020208479534552737,0.04659068121642159,-0.026382201681868854,64.45301266481546,60.233306922964736,-0.009240084947198302,1.4602875654754996
IJH,2020-02-10,37.9603271484375,41.18199920654297,41.1879997253418,40.87200164794922,40.88800048828125,2884500,51.781185344084015,41.22159957885742,41.208100128173825,0.027854606600911325,0.042843466293319546,-0.014988859692408221,60.7677450725292,63.28420344967165,0.005419892378111468,1.4682021669214713
IJH,2020-02-11,38.25898742675781,41.50600051879883,41.66400146484375,41.32600021362305,41.36000061035156,3515000,55.67132918932584,41.30679931640625,41.21940021514892,0.05937398910806024,0.04614957085626769,0.013224418251792554,67.35978356464702,64.1935137673306,0.007867695058381585,1.4797535338548644
IJH,2020-02-12,38.50786209106445,41.7760009765625,41.79800033569336,41.59000015258789,41.709999084472656,8049500,58.66413523660896,41.3531997680664,41.23850021362305,0.10493053341124181,0.05790576336726251,0.0470247700439793,82.83110013336278,70.31954292351304,0.006504998721753363,1.4893793287011003
IJH,2020-02-13,38.64612579345703,41.92599868774414,41.986000061035156,41.5,41.597999572753906,5639000,60.26896353312981,41.46999969482422,41.26250019073486,0.1513928224790888,0.07660317518962778,0.07478964728946103,93.71947264185405,81.30345211328799,0.003590531774150696,1.494726992504565
IJH,2020-02-14,38.63138198852539,41.90999984741211,42.00400161743164,41.74800109863281,41.95399856567383,4000500,60.001384934010474,41.65999984741211,41.26230010986328,0.1847933657111298,0.0982412132939282,0.08655215241720161,97.03957218685002,91.19671498735566,-0.00038150796823566147,1.4941567422465876
IJH,2020-02-18,38.49863815307617,41.76599884033203,41.88800048828125,41.529998779296875,41.79600143432617,3840500,57.52577706032534,41.77679977416992,41.25909996032715,0.19736871536277079,0.11806671370769672,0.07930200165507406,93.50949069460376,94.75617850776932,-0.0034361658479794555,1.4890225718773515
IJH,2020-02-19,38.66455841064453,41.94599914550781,42.11399841308594,41.85599899291992,41.902000427246094,3046000,59.76070409478429,41.86479949951172,41.2765998840332,0.21933097985755978,0.13831956693766934,0.08101141291989045,91.87647029669336,94.14184439271575,0.004309769527655494,1.4954399159836198
IJH,2020-02-20,38.821266174316406,42.11600112915039,42.172000885009766,41.624000549316406,41.88600158691406,4097500,61.80484850872385,41.9327995300293,41.30369987487793,0.24759979569410717,0.16017561268895691,0.08742418300515026,92.57603394409557,92.6539983117976,0.004053007977164347,1.5015009458924713
IJH,2020-02-21,38.406471252441406,41.66600036621094,41.94599914550781,41.55400085449219,41.93199920654297,8569000,53.986888510067445,41.88079986572266,41.30369987487793,0.23102858147749572,0.1743462064466647,0.05668237503083101,87.50128704809349,90.65126376296085,-0.010684734496100079,1.485457806939967
IJH,2020-02-24,37.25056838989258,40.4119987487793,40.68600082397461,40.22999954223633,40.4119987487793,5957500,39.131923739700056,41.581199645996094,41.263299751281735,0.11537831502859319,0.1625526281630504,-0.04717431313445722,59.925908917897324,80.0010766366955,-0.030096565106208506,1.4407506293408727
IJH,2020-02-25,35.963775634765625,39.01599884033203,40.597999572753906,38.970001220703125,40.54199981689453,10255000,29.425165401728044,41.0311996459961,41.180799674987796,-0.08790753673803664,0.112460595182833,-0.20036813192086964,27.926114605377084,58.451103523789335,-0.03454424484637142,1.3909809868383578
IJH,2020-02-26,35.432838439941406,38.439998626708984,39.48400115966797,38.391998291015625,39.183998107910156,9993000,26.50387742441046,40.32999954223633,41.04949951171875,-0.29212401841984104,0.031543672462298195,-0.3236676908821392,4.026037181338892,30.626020234871138,-0.01476311053144741,1.3704457807825214
IJH,2020-02-27,34.11470413208008,37.0099983215332,38.400001525878906,36.9379997253418,37.63999938964844,15653000,20.9445256379473,39.30879898071289,40.85679950714111,-0.5628677361797827,-0.08733860926611799,-0.4755291269136647,1.360657009203391,11.104269598639826,-0.037200923377774586,1.3194639322982364
IJH,2020-02-28,33.45103454589844,36.290000915527344,36.608001708984375,35.400001525878906,35.880001068115234,34538500,18.805663079588385,38.23359909057617,40.625799560546874,-0.8260101259445349,-0.2350729126018014,-0.5909372133427335,5.262595393597686,3.5497631947133605,-0.0194540624949332,1.2937949984994963
IJH,2020-03-02,34.58665466308594,37.52199935913086,37.529998779296875,35.89799880981445,36.5,13805000,31.665022022347063,37.655599212646486,40.49729957580566,-0.9244835170004606,-0.37295503348153325,-0.5515284835189274,15.284272105945044,7.302508169582079,0.03394872931745363,1.3377176946958311
IJH,2020-03-03,33.825286865234375,36.69599914550781,38.150001525878906,36.369998931884766,37.551998138427734,15240500,28.415606885589625,37.19159927368164,40.30529956817627,-1.0569913644472493,-0.5097622996746765,-0.5472290647725728,21.204938227096914,13.917268575546586,-0.022013340268614234,1.3082700598991457
IJH,2020-03-04,35.02909469604492,38.00199890136719,38.03200149536133,37.00600051879883,37.35599899291992,9403500,39.06322549874655,37.103999328613284,40.15139942169189,-1.0445802517008573,-0.6167258900799126,-0.4278543616209447,29.631784790667606,22.040331707903224,0.03558899102930657,1.3548300713248067
IJH,2020-03-05,33.76628494262695,36.63199996948242,37.22600173950195,36.231998443603516,37.09199905395508,9337000,33.44358225769767,37.02839965820313,39.90579948425293,-1.1322400610476109,-0.7198287242734523,-0.41241133677415853,25.25100376155922,25.362575593107948,-0.036050310873736335,1.305988026072461
IJH,2020-03-06,33.185569763183594,36.00199890136719,36.237998962402344,35.14400100708008,35.45600128173828,12668500,31.219397295957997,36.97079925537109,39.63879947662353,-1.238272873678369,-0.8235175541544357,-0.4147553195239333,22.941232991966064,25.941340514731,-0.017198077325653816,1.2835275430136888
IJH,2020-03-09,30.077350616455078,32.630001068115234,34.198001861572266,31.84000015258789,33.41999816894531,15096500,22.568063200046794,35.99239959716797,39.222299575805664,-1.5762269229940316,-0.974059427922355,-0.6021674950716766,12.682324135656925,20.291520296394108,-0.09366176832006079,1.1633100836475239
IJH,2020-03-10,31.310680389404297,33.96799850463867,33.9739990234375,32.20000076293945,33.79800033569336,17459500,30.76644060880422,35.44679946899414,38.86159954071045,-1.7163081983421122,-1.1225091820063064,-0.5937990163358058,13.48354154337626,16.36903289033312,0.041005266343986824,1.2110119234681362
IJH,2020-03-11,29.203516006469727,31.68199920654297,33.22999954223633,31.31999969482422,33.02000045776367,20318000,25.75004990456621,34.1827995300293,38.370399475097656,-1.9888583358749656,-1.2957790127800384,-0.6930793230949273,10.54969284382763,12.23851950762031,-0.0672985817212598,1.129512538571196
IJH,2020-03-12,26.23172950744629,28.45800018310547,30.24799919128418,28.0,29.083999633789062,28130500,20.63903659017718,32.54799957275391,37.70449943542481,-2.4369148234370357,-1.5240061749114377,-0.9129086485255979,9.20440085967189,11.079211748958633,-0.10176125704744143,1.0145719227953442
IJH,2020-03-13,28.408952713012695,30.81999969482422,31.00200080871582,28.336000442504883,30.020000457763672,25607000,31.38440598726251,31.511599731445312,37.14919948577881,-2.5717635085016965,-1.7335576416294896,-0.838205866872207,9.800505946911816,9.851533216803817,0.08299960568548737,1.0987809923269245
IJH,2020-03-16,24.308917999267578,26.371999740600586,28.68600082397461,25.90999984741211,27.33799934387207,20354500,24.623146282859008,30.259999465942382,36.37229948043823,-3.0029325486072125,-1.9874326230250343,-1.0154999255821782,9.79944953156862,9.60145211271748,-0.14432192397810917,0.9402028054837267
IJH,2020-03-17,25.905424118041992,28.104000091552734,28.16200065612793,26.18600082397461,27.29199981689453,26190500,30.86850698094658,29.087199783325197,35.68919954299927,-3.168356326407576,-2.2236173637015426,-0.9447389627060332,14.451373591471503,11.350443023317352,0.06567573755534961,1.0019513181854793
IJH,2020-03-18,23.213855743408203,25.18400001525879,27.04400062561035,24.239999771118164,26.341999053955078,19596000,26.832109647034443,27.787599945068358,34.85109958648682,-3.4947897045434786,-2.47785183186993,-1.0169378726735485,9.252034134380668,11.167619085806969,-0.1038997996083465,0.8978487770086894
IJH,2020-03-19,24.174339294433594,26.22599983215332,26.77400016784668,24.101999282836914,24.974000930786133,20847000,30.332971983353122,27.34119987487793,34.05659952163696,-3.627593195415706,-2.7078001045790856,-0.9197930908366203,13.157376450742566,12.28692805886495,0.041375442392767026,0.9349976673592287
IJH,2020-03-20,23.27838134765625,25.253999710083008,27.190000534057617,25.04400062561035,26.559999465942383,18530000,28.94185325469059,26.227999877929687,33.235999488830565,-3.7678398923563563,-2.91980806213454,-0.8480318302218164,10.035511409568906,10.814973998230753,-0.037062355080936915,0.9003444518117133
IJH,2020-03-23,22.44509506225586,24.350000381469727,25.091999053955078,23.573999404907227,25.091999053955078,37451500,27.670817701842374,25.823600006103515,32.43289957046509,-3.90689534332623,-3.1172255183728783,-0.7896698249533518,9.562441826599873,10.918443228970487,-0.03579657335084807,0.8681152056014062
IJH,2020-03-24,24.86197853088379,26.972000122070312,27.06599998474121,25.468000411987305,25.554000854492188,18120500,36.39583217618869,25.597200012207033,31.830699634552,-3.7621565253962927,-3.2462117197775617,-0.515944805618731,12.819286997359661,10.805746744509518,0.1076798054062249,0.9615936820107506
IJH,2020-03-25,25.66703987121582,27.68000030517578,28.74799919128418,26.365999221801758,27.034000396728516,28323500,38.55134394627794,26.09640007019043,31.29269971847534,-3.5494049408969524,-3.30685036400144,-0.2425545768955124,20.893342402822455,14.4250237422607,0.03238122578748004,0.992731264143755
IJH,2020-03-26,27.104318618774414,29.229999542236328,29.329999923706055,27.902000427246094,27.969999313354492,16921500,43.097835691958196,26.69720001220703,30.903699779510497,-3.2186235046046363,-3.2892049921220794,0.07058148751744309,36.85023043470675,23.52095327829633,0.05599705905979535,1.048321295372518
IJH,2020-03-27,26.299442291259766,28.36199951171875,29.073999404907227,27.81399917602539,28.134000778198242,23820000,41.25692056480264,27.31879997253418,30.50729970932007,-2.992026957184944,-3.2297693851346523,0.23774242794970846,43.89967619088568,33.881083009471666,-0.02969550125333653,1.017190869031884
IJH,2020-03-30,26.96337890625,29.077999114990234,29.134000778198242,27.854000091552734,28.461999893188477,16548500,43.40444613862856,28.26439971923828,30.085099697113037,-2.723280098892186,-3.1284715278861595,0.40519142899397353,52.09240991024131,44.28077217861128,0.025245273555130954,1.0428701307783754
IJH,2020-03-31,26.679628372192383,28.77199935913086,29.194000244140625,28.333999633789062,28.979999542236328,18375500,42.68621819717044,28.62439956665039,29.68889970779419,-2.506099149427758,-3.0039970521944794,0.4978979027667214,57.67257832719424,51.22155480944044,-0.010523552520780188,1.0318954321847762
IJH,2020-04-01,25.11623764038086,27.086000442504883,27.804000854492188,26.860000610351562,27.426000595092773,14698000,38.869757425229764,28.505599594116212,29.143099784851074,-2.4418792404964123,-2.891573489854866,0.4496942493584539,58.08661193457538,55.95053339067035,-0.05859866974162997,0.971427732546284
IJH,2020-04-02,25.385147094726562,27.375999450683594,28.038000106811523,26.691999435424805,26.972000122070312,19554500,39.8656661382006,28.134799575805665,28.680299758911133,-2.340602989365049,-2.7813793897569026,0.4407764003918535,61.10394013758101,58.954376799783574,0.01070659778729599,0.981828418558082
IJH,2020-04-03,24.698963165283203,26.63599967956543,27.527999877929688,26.356000900268555,27.211999893188477,17625000,38.157375861459506,27.789599609375,28.211999797821044,-2.2936132815950323,-2.683826168124529,0.3902128865294965,55.51001289994587,58.233521657367454,-0.027030921935682017,0.9552886912218044
IJH,2020-04-06,26.687049865722656,28.780000686645508,28.889999389648438,27.766000747680664,27.790000915527344,17752500,45.45076507486191,27.729999923706053,28.01949977874756,-2.059628521021306,-2.5589866387038844,0.4993581176825783,69.89808034677775,62.170677794768245,0.08049271895080601,1.0321824753612043
IJH,2020-04-07,27.00417709350586,29.121999740600586,30.513999938964844,29.091999053955078,29.860000610351562,16235500,46.533953854917485,27.8,27.777199840545656,-1.8255536014982248,-2.4123000312627525,0.5867464297645277,74.52793118055153,66.64534147575843,0.011883187889963231,1.0444480936526488
IJH,2020-04-08,28.409929275512695,30.63800048828125,30.781999588012695,29.266000747680664,29.54800033569336,17250500,51.163313029480605,28.510400009155273,27.72499990463257,-1.500423008307628,-2.229924626671728,0.7295016183640999,89.46312050362253,77.96304401031732,0.05205684206333028,1.0988187631072712
IJH,2020-04-09,29.311243057250977,31.610000610351562,32.13999938964844,31.1560001373291,31.336000442504883,19657500,53.91831998568092,29.35720024108887,27.882599925994874,-1.151053753097905,-2.0141504519569633,0.8630966988590583,90.58578546912425,84.85894571776615,0.031725308887521564,1.1336791277782539
IJH,2020-04-13,28.45444107055664,30.68600082397461,31.59000015258789,30.323999404907227,31.48200035095215,22408500,50.97444575048369,30.1672004699707,27.875899982452392,-0.9379233651306365,-1.798905034591698,0.8609816694610615,90.00748227365578,90.01879608213424,-0.029231171977961545,1.1005403582263422
IJH,2020-04-14,29.036773681640625,31.31399917602539,31.722000122070312,30.961999893188477,31.402000427246094,11257500,52.85835071287433,30.67400016784668,28.122999954223634,-0.7101555474413388,-1.5811551371616261,0.8709995897202873,85.9131441836555,88.83547064214521,0.020465438405204095,1.1230633991400647
IJH,2020-04-15,27.888803482055664,30.076000213623047,30.43600082397461,29.90399932861328,30.285999298095703,10577000,48.871426726180076,30.864800262451173,28.221599960327147,-0.6223697893015796,-1.389398067589617,0.7670282782880373,76.08067595355391,84.0004341369551,-0.03953504656444662,1.0786630353602364
IJH,2020-04-16,27.8591251373291,30.04400062561035,30.275999069213867,29.520000457763672,30.195999145507812,10972000,48.76903207443437,30.746000289916992,28.464599990844725,-0.5490519141412236,-1.2213288368999382,0.6722769227587146,71.26556330168815,77.7531278129659,-0.0010641670140369985,1.077515157738745
IJH,2020-04-17,28.86800193786621,31.131999969482422,31.408000946044922,30.812000274658203,31.16200065612793,15951000,52.4192786897295,30.650400161743164,28.709899997711183,-0.39856016213529344,-1.0567751019470093,0.6582149398117159,70.21669715325503,72.5209788028324,0.03621351336640832,1.1165357673060246
IJH,2020-04-20,28.315345764160156,30.535999298095703,31.13599967956543,30.41200065612793,30.583999633789062,9222500,50.30480673431521,30.62039985656738,28.973999977111816,-0.32365573577818907,-0.9101512287132453,0.5864954929350562,72.86768380961549,71.4499814215196,-0.01914424749227739,1.095160530242738
IJH,2020-04-21,27.57908821105957,29.742000579833984,30.148000717163086,29.534000396728516,29.8799991607666,8000000,47.55282859414293,30.3060001373291,29.24359998703003,-0.3246204762910416,-0.7930450782288045,0.4684246019377629,71.12724971181461,71.40387689156175,-0.026002068250654986,1.066684091389943
IJH,2020-04-22,27.955562591552734,30.148000717163086,30.54400062561035,29.968000411987305,30.368000030517578,6974000,49.08659321454008,30.32040023803711,29.402400016784668,-0.28928947313051623,-0.6922939572091469,0.40300448407863065,65.45643649539764,69.81712333894262,0.013650718892954217,1.0812450960690934
IJH,2020-04-23,28.263423919677734,30.479999542236328,30.974000930786133,30.299999237060547,30.365999221801758,8307000,50.36485839720384,30.407600021362306,29.542399978637697,-0.23182750485782222,-0.600200666738882,0.36837316188105973,65.13370844972592,67.23913155231277,0.01101252486394344,1.0931523345735712
IJH,2020-04-24,28.65473175048828,30.902000427246094,31.073999404907227,30.36199951171875,30.722000122070312,6928000,52.014025338214424,30.36160011291504,29.626000022888185,-0.15050164709515457,-0.5102608628101365,0.35975921571498193,69.51890535567203,66.70301676693191,0.013845025709645409,1.1082870567503011
IJH,2020-04-27,29.865758895874023,32.20800018310547,32.36800003051758,31.18400001525879,31.211999893188477,9661500,56.79804715099399,30.69600028991699,29.81830005645752,0.0191126282244376,-0.40438616460322174,0.42349879282765934,79.37084578826139,71.34115319788648,0.04226272840139589,1.1551262916205216
IJH,2020-04-28,30.15692138671875,32.52199935913086,33.183998107910156,32.2140007019043,32.93000030517578,8673000,57.88518306743772,31.252000045776366,29.990500068664552,0.1768318650583467,-0.2881425586709081,0.4649744237292548,83.30534958633521,77.39836691008959,0.009749040426525024,1.166387664535272
IJH,2020-04-29,31.42914581298828,33.89400100708008,34.13800048828125,33.2599983215332,33.4379997253418,11668000,62.344053399522295,32.001200103759764,30.24660015106201,0.40783331466424144,-0.1489473840038782,0.5567806986681196,90.97866158753523,84.55161898737731,0.042186813765075604,1.215593843716903
IJH,2020-04-30,30.44808006286621,32.83599853515625,33.32600021362305,32.801998138427734,33.20600128173828,10181000,57.305530937265154,32.47239990234375,30.53410005569458,0.499770625687308,-0.019203782065640954,0.518974407752949,83.20863934626276,85.83088350671112,-0.03121515792887497,1.1776488899079116
IJH,2020-05-01,29.42436408996582,31.73200035095215,32.20000076293945,31.375999450683594,32.13600158691406,12107500,52.53443056577959,32.63839988708496,30.751900100708006,0.47803765950747845,0.08024450624898292,0.3977931532584955,71.47393138776611,81.88707744052141,-0.03362169209968979,1.1380543415298863
IJH,2020-05-04,29.455900192260742,31.766000747680664,31.788000106811523,31.054000854492188,31.347999572753906,9759500,52.66513894454584,32.55,31.00840015411377,0.4582749665471191,0.15585059830861017,0.30242436823850893,56.11374483271529,70.26543852224809,0.001071768354908187,1.139274072159304
IJH,2020-05-05,29.73222541809082,32.06399917602539,32.72200012207031,31.98200035095215,32.2599983215332,8613000,53.864297318580505,32.45839996337891,31.172600078582764,0.4613408228530069,0.21694864321748952,0.2443921796355174,50.54135163198495,59.37634261748883,0.009380980517535775,1.149961580034364
IJH,2020-05-06,29.48185920715332,31.79400062561035,32.37799835205078,31.77400016784668,32.25400161743164,5810500,52.564954142037585,32.038399887084964,31.306200122833253,0.43694705584755056,0.26094832574350174,0.17599873010404882,50.937429233391605,52.53084189936399,-0.008420702030099703,1.140278096222832
IJH,2020-05-07,29.990007400512695,32.34199905395508,32.678001403808594,32.22200012207031,32.22200012207031,6206500,54.94075141920294,31.939599990844727,31.391400051116943,0.45657065084402504,0.30007279076360643,0.1564978600804186,55.055640465481325,52.178140443619334,0.017235961605707617,1.159931885709158
IJH,2020-05-08,31.041545867919922,33.47600173950195,33.512001037597656,32.78200149536133,32.87799835205078,8068500,59.465123962877925,32.28840026855469,31.48470010757446,0.557203930661597,0.35149901874320455,0.20570491191839246,65.23313097099397,57.075400223289,0.03506296125119501,1.200602532471804
IJH,2020-05-11,30.828271865844727,33.24599838256836,33.49800109863281,32.801998138427734,33.02199935913086,10409500,58.188921737044616,32.58439979553223,31.61269998550415,0.6113499199295234,0.4034691989804683,0.20788072094905508,75.07356724647845,65.12077956098462,-0.006870598615889345,1.19235367437397
IJH,2020-05-12,29.722951889038086,32.05400085449219,33.45600128173828,32.02399826049805,33.402000427246094,11505500,51.96461807298285,32.58240013122558,31.64970006942749,0.5517169187410111,0.4331187429325769,0.11859817580843424,69.97706738213373,70.09458853320209,-0.035854101119149884,1.1496029051631758
IJH,2020-05-13,28.70665740966797,30.95800018310547,31.82200050354004,30.63599967956543,31.788000106811523,9742500,46.98775899109322,32.41520004272461,31.693800067901613,0.41127828113236475,0.42875065057253453,-0.017472369440169777,46.69796257652937,63.91619906838056,-0.03419224588338854,1.1102953999615786
IJH,2020-05-14,29.005239486694336,31.280000686645508,31.302000045776367,29.79599952697754,30.336000442504883,11503500,48.546914528420444,32.2028003692627,31.75560007095337,0.322247727377988,0.40745006593362526,-0.08520233855563725,31.88754750535269,49.52085915467197,0.010401143984315242,1.1218437422817018
IJH,2020-05-15,29.246334075927734,31.540000915527344,31.642000198364258,30.79800033569336,31.04400062561035,11430000,49.83001052651828,31.815600204467774,31.776000118255617,0.2695628647475843,0.37987262569641705,-0.11030976094883277,30.042524894329528,36.20934499207058,0.008312104761072359,1.1311686249931008
IJH,2020-05-18,31.028566360473633,33.46200180053711,33.62200164794922,32.7400016784668,32.810001373291016,14587500,58.14017584260019,31.858800888061523,31.922300243377684,0.3785356171633083,0.37960522398979535,-0.0010696068264870462,52.92494469114823,38.28500569694352,0.060938655761743066,1.2001005204400397
IJH,2020-05-19,30.607572555541992,33.007999420166016,33.75,32.99399948120117,33.37799835205078,11830500,55.78942412568294,32.04960060119629,32.085600185394284,0.42338261942906286,0.3883607030776489,0.03502191635141394,68.61039916167702,50.52595624905164,-0.013567942522408338,1.183817625557597
IJH,2020-05-20,31.26594352722168,33.71799850463867,33.944000244140625,33.53799819946289,33.55799865722656,7960500,58.60800877611247,32.60160026550293,32.264100074768066,0.5103323901145416,0.4127550404850275,0.09757734962951409,86.73896744356625,69.42477043213054,0.021510068153394846,1.209281623364531
IJH,2020-05-21,31.41986846923828,33.88399887084961,34.013999938964844,33.48400115966797,33.742000579833984,13602000,59.2619535159143,33.12239990234375,32.43430004119873,0.5858818705474604,0.4473804064975141,0.13850146404994634,90.90122550576939,82.08353070367093,0.00492308642093553,1.2152350213036038
IJH,2020-05-22,31.39761734008789,33.86000061035156,33.95199966430664,33.52799987792969,33.89799880981445,10349000,59.11654522234259,33.58639984130859,32.582200050354004,0.6364819512965099,0.48520071545731325,0.15128123583919661,95.93949751602004,91.1932301551186,-0.0007081865785713015,1.2143744081717067
IJH,2020-05-26,32.48994827270508,35.03799819946289,35.29199981689453,34.944000244140625,35.082000732421875,14169500,63.810559487484,33.90159912109375,32.723699951171874,0.7628438512848845,0.5407293426228275,0.22211450866205706,96.21512342931392,94.35194881703448,0.03479024923405638,1.2566227964954602
IJH,2020-05-27,33.35787582397461,35.9739990234375,35.97600173950195,34.88999938964844,35.70199966430664,14326500,67.0479546038381,34.494799041748045,32.89629993438721,0.9278186950539791,0.6181472131090577,0.30967148194492133,97.23167277010204,96.46209790514537,0.026713725241559683,1.2901918726133204
IJH,2020-05-28,32.86457824707031,35.44200134277344,36.327999114990234,35.310001373291016,36.327999114990234,6857000,63.56726302751189,34.839599609375,32.973699951171874,1.0040604961870088,0.6953298697246479,0.3087306264623608,93.92735402520806,95.79138340820805,-0.014788039247683682,1.2711124645640721
IJH,2020-05-29,32.662418365478516,35.2239990234375,35.43600082397461,34.77000045776367,35.183998107910156,16043500,62.14358311416381,35.10759963989258,33.093099975585936,1.034961317797908,0.7632561593392999,0.2717051584586081,89.83407442769636,93.66436707433553,-0.006151300043225616,1.2632934704058545
IJH,2020-06-01,33.07969284057617,35.67399978637695,35.88600158691406,35.178001403808594,35.40800094604492,7007500,63.93895323552687,35.47039947509766,33.29019994735718,1.0832744290062095,0.8272598132726819,0.2560146157335276,86.5074639766002,90.08963080983493,0.01277536985867167,1.2794325117303342
IJH,2020-06-02,33.37271499633789,35.9900016784668,36.0880012512207,35.68199920654297,35.917999267578125,7212000,65.18751666070602,35.66080017089844,33.501399993896484,1.1339897020682344,0.8886057910317925,0.24538391103644186,89.3039549454557,88.54849778325081,0.008858067611870135,1.2907658114240663
IJH,2020-06-03,34.29071807861328,36.97999954223633,37.12200164794922,36.45600128173828,36.45600128173828,9850000,68.82880439310868,35.8620002746582,33.74720001220703,1.2397751193597841,0.9588396566973909,0.2809354626623932,94.2916485448477,90.03435582230124,0.027507593624795712,1.3262716728294992
IJH,2020-06-04,34.309268951416016,37.0,37.178001403808594,36.57600021362305,36.77399826049805,9663000,68.899578862963,36.17360000610351,34.00749998092651,1.310122418776075,1.0290962091131277,0.2810262096629472,96.69906439894065,93.4315559630814,0.0005409881694575791,1.3269891701139866
IJH,2020-06-05,35.41087341308594,38.1879997253418,38.79800033569336,38.08599853515625,38.61199951171875,11164500,72.84373651715438,36.76640014648437,34.29980001449585,1.4450768631462907,1.1122923399197604,0.3327845232265303,95.06744585759698,95.35271960046181,0.03210807153104489,1.3695962333089284
IJH,2020-06-08,36.05625915527344,38.88399887084961,38.90399932861328,38.5260009765625,38.61199951171875,13201500,74.85563351965244,37.408399963378905,34.57019987106323,1.5898635891390072,1.2078065897636097,0.3820569993753975,95.60075015438333,95.78908680364036,0.018225637494414304,1.3945579977709321
IJH,2020-06-09,35.31814956665039,38.0880012512207,38.395999908447266,37.86199951171875,38.301998138427734,6990500,68.5963518537337,37.827999877929685,34.81230001449585,1.621683993531697,1.2905820705172273,0.3311019230144696,91.51230682804673,94.06016761334239,-0.020471052902200304,1.3660099272233768
IJH,2020-06-10,34.41683578491211,37.11600112915039,38.082000732421875,37.0260009765625,38.055999755859375,6051500,61.800678692878506,37.8552001953125,35.06540002822876,1.5505953092464893,1.34258471826308,0.20801059098340935,83.87245159639797,90.32850285960939,-0.025519847239940274,1.3311495625523944
IJH,2020-06-11,31.95953941345215,34.465999603271484,35.81800079345703,34.375999450683594,35.66400146484375,8163500,47.875288926443915,37.3484001159668,35.24079999923706,1.265832311696549,1.3272342369497738,-0.06140192525322474,56.46789511982971,77.28421784809152,-0.07139809094644334,1.2361080250219603
IJH,2020-06-12,32.632755279541016,35.19200134277344,35.875999450683594,34.198001861572266,35.698001861572266,18323000,51.124525426683924,36.749200439453126,35.43640003204346,1.0862166283148866,1.2790307152227964,-0.1928140869079098,35.19365927397185,58.51133533006655,0.02106462979267798,1.2621461829528062
IJH,2020-06-15,33.13328552246094,35.599998474121094,35.78799819946289,33.83599853515625,33.9739990234375,15474500,52.901372478072304,36.09240036010742,35.63939990997314,0.9656603326867383,1.2163566387155849,-0.2506963060288465,24.458836272080973,38.70679688862756,0.015338277097114439,1.2815053308440016
IJH,2020-06-16,33.83690643310547,36.35599899291992,36.98400115966797,35.75600051879883,36.933998107910156,6996000,56.08704677220611,35.74599990844727,35.78409976959229,0.920510452053918,1.1571874013832515,-0.23667694932933347,35.217451209793104,31.62331558528202,0.021236074224137758,1.308719473168433
IJH,2020-06-17,33.349205017089844,35.832000732421875,36.45600128173828,35.77199935913086,36.400001525878906,5700500,53.39143616000473,35.489199829101565,35.92529983520508,0.8328460353126417,1.0923191281691296,-0.2594730928564879,41.30493035243037,33.66040594476819,-0.014413298005826691,1.289856509395628
IJH,2020-06-18,33.27288818359375,35.75,36.09600067138672,35.380001068115234,35.53200149536133,5592000,52.962457897674206,35.74599990844727,36.026899909973146,0.7481305958456517,1.0234814217044341,-0.27535082585878246,42.29152271229848,39.60463475817403,-0.0022884153747289027,1.2869047819283328
IJH,2020-06-19,33.10722351074219,35.571998596191406,36.33599853515625,35.27799987792969,36.30400085449219,8357500,51.98602881743969,35.82199935913086,36.11129989624023,0.6590328535566243,0.9505917080748721,-0.2915588545182478,37.13498315702527,40.243812073918086,-0.004978968821024887,1.2804973231434837
IJH,2020-06-22,33.20215606689453,35.67399978637695,35.7599983215332,35.0,35.45600128173828,8876500,52.52615284316466,35.83679962158203,36.20199985504151,0.5898534312816608,0.8784440527162298,-0.28859062143456904,36.09577688691243,38.5074275854121,0.0028674272888373764,1.2841690561111485
IJH,2020-06-23,33.25613784790039,35.731998443603516,36.19599914550781,35.672000885009766,36.18600082397461,5946500,52.850938100685134,35.71199951171875,36.23669986724853,0.5335577263004723,0.8094667874330783,-0.27590906113260605,35.97737677129731,36.40271227174505,0.0016258516735208062,1.2862569245201105
IJH,2020-06-24,32.11695861816406,34.507999420166016,35.40599822998047,34.14799880981445,35.40399932861328,7343500,45.739164488581075,35.44719924926758,36.163399887084964,0.3857300270660602,0.7247194353596748,-0.33898940829361457,28.979224907028662,33.68412618841284,-0.03425470615218329,1.2421965715344632
IJH,2020-06-25,32.535762786865234,34.95800018310547,34.986000061035156,34.08599853515625,34.38199996948242,6685000,48.48380736526928,35.28879928588867,36.139199829101564,0.30141231756343245,0.6400580118004263,-0.33864569423699387,24.26994122396462,29.74218096743024,0.013039969745588298,1.258394777245346
IJH,2020-06-26,31.895448684692383,34.27000045776367,34.849998474121094,34.189998626708984,34.75600051879883,5672000,44.756341746647756,35.02839965820313,36.09149990081787,0.1770333668709938,0.5474530828145399,-0.37041971594354606,14.972068971459825,22.740411700817745,-0.01968031628357425,1.2336291700195596
IJH,2020-06-29,32.67164993286133,35.104000091552734,35.18000030517578,34.27199935913086,34.599998474121094,9579000,49.795118890164154,34.91439971923828,36.06299991607666,0.1440978820795067,0.46678204266753326,-0.32268416058802657,20.50664835625345,19.916219517226008,0.024335799625903043,1.2636505223138248
IJH,2020-06-30,33.09978103637695,35.56399917602539,35.667999267578125,34.97999954223633,34.99800109863281,7528500,52.37530322972552,34.88079986572266,36.04169979095459,0.15334666988365342,0.4040949681107573,-0.25074829822710387,31.424324905570092,22.301014077761167,0.013104055179196994,1.2802094684854464
IJH,2020-07-01,32.852203369140625,35.29800033569336,35.79800033569336,35.183998107910156,35.61000061035156,10138500,50.75103715580997,35.03880004882812,35.957599830627444,0.13762605004693285,0.3508011844979924,-0.21317513445105957,43.73253185085016,31.887835037557938,-0.007479737311985146,1.2706338379568591
IJH,2020-07-02,33.03462600708008,35.49399948120117,36.152000427246094,35.39400100708008,35.933998107910156,5031500,51.93388467976818,35.145999908447266,35.8822998046875,0.1393761965396081,0.30851618690631555,-0.16913999036670746,51.33417350314455,42.163676753188305,0.0055528280976979705,1.2776894492341517
IJH,2020-07-06,33.380859375,35.86600112915039,36.301998138427734,35.7140007019043,36.20199966430664,7812500,54.183108459415436,35.46520004272461,35.76619987487793,0.16883440634561708,0.28057983079417587,-0.11174542444855878,53.510751666592654,49.52581900686249,0.010480922891202615,1.291080813830478
IJH,2020-07-07,32.72190856933594,35.15800094604492,35.75199890136719,35.13600158691406,35.540000915527344,4300500,49.44117340714908,35.476000213623045,35.5798999786377,0.13351151444908282,0.2511661675251573,-0.11765465307607448,53.10738927489387,52.65077148154373,-0.019740378708091977,1.2655943896227126
IJH,2020-07-08,32.950862884521484,35.40399932861328,35.566001892089844,34.97800064086914,35.22200012207031,8956500,51.04433823166288,35.444000244140625,35.44569988250733,0.12393918790370151,0.22572077160086615,-0.10178158369716464,55.07721128697572,53.898450742820785,0.0069969731349992514,1.2744497195667086
IJH,2020-07-09,32.468753814697266,34.88600158691406,35.481998443603516,34.45000076293945,35.433998107910156,5080500,47.62018960086184,35.36160049438477,35.33419990539551,0.07370533229352105,0.19531768373939715,-0.1216123514458761,46.45520701609629,51.54660252598867,-0.014631151588163305,1.255803052528236
IJH,2020-07-10,32.909912109375,35.36000061035156,35.38600158691406,34.801998138427734,34.869998931884766,6845500,50.868091675785735,35.334800720214844,35.37889995574951,0.07132026401509961,0.17051819979453767,-0.09919793577943806,50.54152763319578,50.6913153120893,0.013587164361018367,1.2728658550080056
IJH,2020-07-13,32.565555572509766,34.9900016784668,36.029998779296875,34.97999954223633,35.6619987487793,5061000,48.347950996356225,35.159600830078126,35.36879997253418,0.0391232699256463,0.1442392138207594,-0.10511594389511311,44.61371427776388,47.203482975685354,-0.010463611562400277,1.2595470811301595
IJH,2020-07-14,33.08489227294922,35.54800033569336,35.571998596191406,34.75199890136719,34.939998626708984,5912000,52.19452706408903,35.23760070800781,35.366200065612794,0.05796456892291957,0.12698428484119145,-0.06901971591827188,54.753424649673796,49.969555520211195,0.015947423322261844,1.2796336116272613
IJH,2020-07-15,34.09006118774414,36.62799835205078,36.742000579833984,36.15399932861328,36.29399871826172,6919500,58.61803630886732,35.482400512695314,35.37980003356934,0.1582193934430478,0.13323130656156273,0.024988086881485072,67.49231534448118,55.61981809063966,0.030381507864747137,1.3185108102629097
IJH,2020-07-16,33.96162796020508,36.4900016784668,36.66400146484375,36.25,36.42599868774414,3980000,57.55389380753759,35.80320053100586,35.41270008087158,0.22395526896701057,0.1513760990426523,0.07257916992435826,83.93600517130517,68.72724838848676,-0.003767468378297778,1.3135433624788004
IJH,2020-07-17,34.117977142333984,36.65800094604492,36.76599884033203,36.400001525878906,36.61600112915039,3425500,58.54066022148698,36.062800598144534,35.458100128173825,0.2863071897231606,0.17836231717875398,0.10794487254440663,93.83429459875033,81.75420503817894,0.004603701044959108,1.319590523429243
IJH,2020-07-20,33.90950012207031,36.433998107910156,36.672000885009766,36.29199981689453,36.58399963378906,4622000,56.649605025859785,36.351599884033206,35.501200103759764,0.31402647741909817,0.20549514922682283,0.10853132819227534,90.48667635678866,89.41899204228143,-0.006110474234563901,1.311527199535654
IJH,2020-07-21,34.31901550292969,36.874000549316406,37.13199996948242,36.65800094604492,36.74800109863281,4534000,59.422408583113445,36.616799926757814,35.56120014190674,0.3672651286045223,0.2378491451023627,0.1294159835021596,90.5716395287631,91.63087016143407,0.012076715356615919,1.327366140206906
IJH,2020-07-22,34.56472396850586,37.13800048828125,37.189998626708984,36.72600173950195,36.736000061035156,5745500,61.0328969332105,36.7188003540039,35.631500244140625,0.42585078915320906,0.275449473912532,0.15040131524067707,91.3824947470116,90.81360354418784,0.007159542952366982,1.3368694751012349
IJH,2020-07-23,34.63544845581055,37.2140007019043,37.6619987487793,36.90599822998047,37.13800048828125,4759500,61.50654297108713,36.863600158691405,35.76680030822754,0.47296093010967866,0.3149517651519613,0.15800916495771733,91.51164804537846,91.15526077371777,0.0020461464517733674,1.3396049058341974
IJH,2020-07-24,34.36741256713867,36.92599868774414,37.194000244140625,36.83399963378906,37.06399917602539,4166500,58.599731853016365,36.91719970703125,35.865200233459475,0.48150619690770213,0.34826265150310953,0.1332435454045926,87.08017455510644,89.9914391158322,-0.007738773442297009,1.329238006965757
IJH,2020-07-27,34.68942642211914,37.27199935913086,37.27199935913086,36.7599983215332,36.944000244140625,4868500,60.98528984990384,37.08479995727539,36.01530017852783,0.5103151495591334,0.3806731511143143,0.12964199844481905,83.66543706339381,87.41908655462628,0.009369743920971452,1.3416926267010487
IJH,2020-07-28,34.33390808105469,36.88999938964844,37.30799865722656,36.869998931884766,37.13199996948242,3919000,57.07504326943755,37.087999725341795,36.10460014343262,0.49659777701041463,0.40385807629353443,0.0927397007168802,80.30303030303027,83.68288064051022,-0.010248608228291767,1.327942144607202
IJH,2020-07-29,35.09523010253906,37.70800018310547,37.77399826049805,37.09600067138672,37.097999572753906,6166500,62.604400319233164,37.20199966430664,36.21180019378662,0.5454449384288154,0.43217544872059066,0.1132694897082247,87.21308614933953,83.72718450525457,0.022174056611530046,1.3573880088985586
IJH,2020-07-30,34.86441421508789,37.459999084472656,37.513999938964844,36.88800048828125,37.18600082397461,5160000,60.077650340194204,37.251199340820314,36.31990013122559,0.5577160463337236,0.45728356824321725,0.10043247809050637,87.79692328533628,85.10434657923541,-0.006576844966589168,1.3484606784045257
IJH,2020-07-31,34.6093864440918,37.18600082397461,37.41999816894531,36.641998291015625,37.40399932861328,14774000,57.32482272918076,37.303199768066406,36.40450019836426,0.5391170127000322,0.47365025713458025,0.06546675556545195,89.32280062627359,88.11093668698318,-0.007314844569673795,1.3385968981336798
IJH,2020-08-03,35.01704406738281,37.624000549316406,37.69200134277344,37.20800018310547,37.44200134277344,4059500,60.4449927586085,37.373600006103516,36.49240016937256,0.5533414856615835,0.4895885028399809,0.06375298282160258,86.96439958635915,88.0280411659897,0.011778816823278415,1.3543639857970051
IJH,2020-08-04,35.2069091796875,37.827999114990234,37.83399963378906,37.43600082397461,37.5359992980957,3627500,61.84426031111698,37.56119995117187,36.62590007781982,0.5744535197375029,0.5065615062194854,0.06789201351801755,90.301607621786,88.86293594480628,0.00542207708735587,1.361707451732335
IJH,2020-08-05,35.69646453857422,38.354000091552734,38.36800003051758,37.97600173950195,38.11000061035156,3656000,65.25705415279954,37.690399932861325,36.773400115966794,0.6264080001810299,0.5305308050117943,0.09587719516923565,96.5625614719505,91.27618956003192,0.013905093355061293,1.3806421209709558
IJH,2020-08-06,35.599666595458984,38.25,38.433998107910156,38.09199905395508,38.29600143432617,4433000,64.03745780692833,37.8484001159668,36.9416000366211,0.6516782211433281,0.5547602882381011,0.09691793290522699,96.78559575548371,94.54992161640678,-0.0027116955240941154,1.3768982399111431
IJH,2020-08-07,36.02220916748047,38.70399856567383,38.720001220703125,38.05799865722656,38.13199996948242,5146500,66.94195682915313,38.15199966430664,37.10879993438721,0.7002667046730338,0.5838615715250877,0.1164051331479461,96.65517005880814,96.66777576208084,0.011869284530754198,1.3932410368905432
IJH,2020-08-10,36.18787384033203,38.88199996948242,39.066001892089844,38.77000045776367,38.779998779296875,4717000,68.03211225744178,38.40359954833984,37.303399848937985,0.744553899711832,0.6160000371624366,0.12855386254939538,94.34968461607657,95.93015014345617,0.004598959272079206,1.3996484956753923
IJH,2020-08-11,36.15624237060547,38.847999572753906,39.4640007019043,38.768001556396484,39.22999954223633,13230000,67.57372306738017,38.60759963989258,37.46839981079101,0.7680546174566203,0.6464109532212734,0.1216436642353469,89.93685442680311,93.64723636722931,-0.0008740903062204319,1.3984250764932065
IJH,2020-08-12,36.379600524902344,39.0880012512207,39.28200149536133,38.90800094604492,39.22600173950195,4801500,69.15365750821148,38.75439987182617,37.59139995574951,0.7968595345707641,0.6765006694911716,0.12035886507959248,85.75226938906775,90.01293614398251,0.006177582061969611,1.4070639621607595
IJH,2020-08-13,36.31631851196289,39.02000045776367,39.2239990234375,38.86600112915039,38.933998107910156,3539500,68.14060409762095,38.908399963378905,37.71789989471436,0.8049219045175136,0.7021849164964401,0.10273698802107345,83.0380392490829,86.24238768831795,-0.0017394916938721083,1.404616386085834
IJH,2020-08-14,36.230690002441406,38.928001403808594,39.145999908447266,38.7760009765625,38.816001892089844,6079500,66.71661952014405,38.95320053100586,37.83139991760254,0.7947267210603712,0.7206932774092264,0.07403344365114484,83.98301636587536,84.25777500134204,-0.0023578521455382973,1.4013045083262434
IJH,2020-08-17,36.33306884765625,39.03799819946289,39.16600036621094,38.90399932861328,39.0359992980957,5225000,67.58874017912562,38.98440017700195,37.96159992218018,0.7864570001013007,0.7338460219476413,0.05261097815365945,83.39238313838558,83.47114625111466,0.0028257492531316153,1.4052642434940563
IJH,2020-08-18,36.018497467041016,38.70000076293945,39.040000915527344,38.604000091552734,39.018001556396484,4058500,62.19576964937699,38.95480041503906,38.05289993286133,0.7440526425890255,0.7358873460759181,0.008165296513107378,79.61256478919374,82.3293214311516,-0.008657990932013582,1.3930974784168018
IJH,2020-08-19,35.84910583496094,38.518001556396484,38.854000091552734,38.4640007019043,38.763999938964844,3721500,59.44526892783303,38.84080047607422,38.12189998626709,0.6878321677473309,0.7262763104102007,-0.038444142662869774,74.76966971310488,79.2582058802281,-0.004702906672747309,1.386545870989768
IJH,2020-08-20,35.607112884521484,38.257999420166016,38.481998443603516,38.06800079345703,38.13600158691406,4439500,55.65845334445949,38.68840026855469,38.174099922180176,0.6152053327988796,0.7040621148879365,-0.0888567820890569,61.98242347132856,72.12155265787577,-0.006750320399998788,1.3771862421112917
IJH,2020-08-21,35.5289306640625,38.17399978637695,38.301998138427734,37.99599838256836,38.130001068115234,5294000,54.451604984373276,38.53759994506836,38.23649997711182,0.5445922539153543,0.6721681426934201,-0.1275758887780658,49.80357552242015,62.18522290228457,-0.0021956910888153436,1.3741623665518488
IJH,2020-08-24,36.05570983886719,38.7400016784668,38.7400016784668,38.24399948120117,38.45199966430664,3777500,60.643988221696446,38.47800064086914,38.30990009307861,0.5282135851686007,0.6433772311884562,-0.11516364601985551,44.759036654609254,52.1816785494527,0.01482676694622631,1.3945367517069878
IJH,2020-08-25,35.99615478515625,38.67599868774414,38.89799880981445,38.380001068115234,38.880001068115234,3532500,59.65632627390209,38.47320022583008,38.3992000579834,0.50425611512226,0.6155530079752171,-0.11129689285295707,44.68535826104466,46.41599014602473,-0.001651750970292576,1.392233324274247
IJH,2020-08-26,35.8733024597168,38.54399871826172,38.698001861572266,38.45399856567383,38.66600036621094,2666000,57.57373882607625,38.478399658203124,38.44099998474121,0.4692095969776986,0.5862843257757134,-0.11707472879801484,44.998418457855486,44.81427112450317,-0.003412929135700682,1.3874817305981382
IJH,2020-08-27,36.01103973388672,38.69200134277344,38.874000549316406,38.49399948120117,38.65399932861328,3788000,59.28979044901919,38.56520004272461,38.50260009765625,0.4482108579710413,0.558669632214779,-0.11045877424373773,43.68756951157397,44.45711541015808,0.003839548207879462,1.3928090335903218
IJH,2020-08-28,36.22696304321289,38.92399978637695,38.92399978637695,38.62200164794922,38.86600112915039,6389000,61.89183070425323,38.71520004272461,38.58950004577637,0.44515803678067556,0.5359673131279584,-0.09080927634728286,49.31882988417333,46.001605951200965,0.0059960309649984556,1.401160359684059
IJH,2020-08-31,35.84537887573242,38.513999938964844,38.902000427246094,38.47600173950195,38.902000427246094,4756000,55.17952210299135,38.66999969482422,38.63400001525879,0.4049866587122608,0.509771182244819,-0.10478452353255818,50.302262270016854,47.7695538885881,-0.01053315363546481,1.3864017223475835
IJH,2020-09-01,36.10969161987305,38.79800033569336,38.805999755859375,38.145999908447266,38.45199966430664,7725500,58.53418386824169,38.694400024414065,38.68250007629395,0.3915534265320275,0.4861276311022607,-0.09457420457023319,56.268262381996045,51.96311817872879,0.007373690903280439,1.3966246201159502
IJH,2020-09-02,36.57505798339844,39.29800033569336,39.391998291015625,38.7140007019043,38.93600082397461,7054500,63.68726476173541,38.84520034790039,38.72970008850098,0.4164527070001398,0.47219264628183655,-0.05573993928169674,66.28538473624364,57.61863646275222,0.012887575125933193,1.4146237248304225
IJH,2020-09-03,35.4544792175293,38.09400177001953,39.2140007019043,37.900001525878906,39.15599822998047,6341000,48.165165726470555,38.72560043334961,38.721900177001956,0.33516932085159823,0.4447879811957889,-0.10961866034419065,57.19297280324147,59.915539973827094,-0.030637785082330615,1.3712827871767022
IJH,2020-09-04,35.31486892700195,37.944000244140625,38.54999923706055,37.17399978637695,38.45199966430664,7389500,46.64002126039679,38.52960052490234,38.68390026092529,0.2557002291169468,0.4069704307800205,-0.1512702016630737,46.995117186224455,56.82449157523657,-0.003937733499645324,1.3658830410081495
IJH,2020-09-08,34.50701141357422,37.07600021362305,37.62200164794922,36.96200180053711,37.52199935913086,6153000,38.95345086585157,38.242000579833984,38.593600273132324,0.1212819898064268,0.3498327425853018,-0.228550752778875,17.47000979455369,40.552699928006575,-0.0228758462928923,1.3346373105079787
IJH,2020-09-09,34.98540115356445,37.59000015258789,37.763999938964844,37.25199890136719,37.42399978637695,6389000,44.759243220247576,38.00040054321289,38.530700302124025,0.0555892676451748,0.29098404759727636,-0.23539477995210156,21.750298256788145,28.7384750791888,0.01386355179405796,1.3531401239884884
IJH,2020-09-10,34.55168533325195,37.124000549316406,38.0099983215332,37.11000061035156,37.77799987792969,4956500,40.95623255505044,37.5656005859375,38.43250026702881,-0.03368664277228817,0.22604990952336346,-0.2597365522956516,12.400505068740499,17.20693770669415,-0.012397051513251323,1.3363651761667559
IJH,2020-09-11,34.53680419921875,37.108001708984375,37.36000061035156,36.768001556396484,37.33599853515625,3895500,40.82797284133836,37.36840057373047,38.336900329589845,-0.10452452403441725,0.15993502281180733,-0.2644595468462246,15.155851574660076,16.435551633396276,-0.0004306919876606585,1.335789614392792
IJH,2020-09-14,35.214351654052734,37.83599853515625,37.900001525878906,37.37200164794922,37.45600128173828,2671000,48.70041978353113,37.34680023193359,38.28230018615723,-0.10075930499777286,0.1077961572498913,-0.20855546224766416,20.1083729467509,15.888243196717198,0.019618128270516344,1.3619953063903734
IJH,2020-09-15,35.244136810302734,37.86800003051758,38.18199920654297,37.78200149536133,38.108001708984375,3318000,49.021494320731804,37.5052001953125,38.22380027770996,-0.09410826703427233,0.06741527239305858,-0.16152353942733091,31.85973991989704,22.37465481376938,0.0008458243543032484,1.363147315190965
IJH,2020-09-16,35.35210418701172,37.98400115966797,38.45000076293945,37.92599868774414,38.040000915527344,3350000,50.23732309133509,37.58400039672851,38.18800029754639,-0.0785712296430745,0.03821797198583197,-0.11678920162890646,42.987795570351715,31.651969478999927,0.0030634138463967453,1.3673231995509996
IJH,2020-09-17,35.151065826416016,37.768001556396484,37.88600158691406,37.2760009765625,37.4379997253418,3391500,47.94435396955643,37.71280059814453,38.15050029754639,-0.08273367605462312,0.01402764237774095,-0.09676131843236407,42.124011736799105,38.990515742349324,-0.0056867438365822975,1.359547582773337
IJH,2020-09-18,34.76388931274414,37.35200119018555,37.94200134277344,37.02199935913086,37.85200119018555,4456500,43.798130264628604,37.761600494384766,38.105200386047365,-0.11823723250152085,-0.012425332598111412,-0.10581189990340945,35.56914026250303,40.22698252321799,-0.011014645063220585,1.3445726487025291
IJH,2020-09-21,33.92252731323242,36.448001861572266,36.630001068115234,35.9900016784668,36.59400177001953,4911000,36.426101360748596,37.48400115966797,38.01890048980713,-0.2168198829119632,-0.05330424266088177,-0.16351564025108142,24.609534209676724,34.100895402993,-0.024202182671295147,1.3120310558438033
IJH,2020-09-22,34.1365852355957,36.678001403808594,36.7760009765625,36.28200149536133,36.571998596191406,4523500,39.228777883750354,37.246001434326175,37.91580047607422,-0.2732385784920339,-0.0972911098271122,-0.17594746866492172,18.64740305706756,26.275359176415815,0.006310199720283904,1.3203102338453927
IJH,2020-09-23,33.35740661621094,35.678001403808594,36.816001892089844,35.667999267578125,36.52399826049805,4905000,32.51668310006628,36.7848014831543,37.76590061187744,-0.39409951003207055,-0.15665278986810388,-0.23744672016396667,11.322721965268805,18.193219744004406,-0.022825324033063588,1.2901737249337017
IJH,2020-09-24,33.37982940673828,35.70199966430664,36.15999984741211,35.19599914550781,35.60599899291992,5626500,32.813779888505245,36.37160110473633,37.623800659179686,-0.48238556940368227,-0.22179934577521956,-0.26058622362846273,11.863985690035259,13.944703570790582,0.0006721982552577721,1.2910409774605816
IJH,2020-09-25,33.834228515625,36.1879997253418,36.284000396728516,35.459999084472656,35.486000061035156,5772500,38.699588924335906,36.13880081176758,37.49860057830811,-0.5072890518555226,-0.2788972869912802,-0.22839176486424245,15.284701969964336,12.82380320842284,0.013612984756446567,1.3086158986067002
IJH,2020-09-28,34.6439094543457,37.05400085449219,37.145999908447266,36.66400146484375,36.66400146484375,7587000,47.52170022965811,36.26000061035156,37.405100631713864,-0.45193654430743635,-0.31350513845451145,-0.1384314058529249,34.22367238480989,20.45745334826987,0.023930823141032675,1.3399321542358007
IJH,2020-09-29,34.432594299316406,36.827999114990234,37.15999984741211,36.59199905395508,37.0359992980957,4468500,45.674307932628324,36.29000015258789,37.320800590515134,-0.42144754987182864,-0.3350936207379749,-0.08635392913385376,45.912723114935936,31.807032489903424,-0.006099633625580636,1.3317590590118273
IJH,2020-09-30,34.65138244628906,37.0620002746582,37.44200134277344,36.77799987792969,36.96200180053711,7254000,47.93132376615077,36.56679992675781,37.23400058746338,-0.3740905808120445,-0.34289301275278883,-0.031197568059255665,54.86580767636124,45.000734392035724,0.0063540999865061565,1.3402211892307239
IJH,2020-10-01,35.11137771606445,37.55400085449219,37.55799865722656,37.10599899291992,37.25199890136719,6791500,52.408375904470795,36.93720016479492,37.14680061340332,-0.2934764923503934,-0.3330097086723098,0.039533216321916365,59.9877063802167,53.588745723838,0.013274947124790826,1.358012554653286
IJH,2020-10-02,35.44609451293945,37.9119987487793,38.066001892089844,36.82400131225586,36.93199920654297,5946500,55.41256746458755,37.28199996948242,37.13770046234131,-0.19841460820111934,-0.3060906885780717,0.10767608037695237,71.09197901878467,61.981831025120904,0.009533000942935299,1.3709584896173137
IJH,2020-10-05,36.250152587890625,38.77199935913086,38.79600143432617,38.237998962402344,38.24800109863281,5014000,61.67176784434603,37.62559967041015,37.17910041809082,-0.05307075160938979,-0.25548670118433536,0.20241594957494558,85.08813352684518,72.0559396419489,0.02268396803652517,1.4020572681751957
IJH,2020-10-06,36.100555419921875,38.61199951171875,39.52199935913086,38.5099983215332,39.0,8655500,59.98462509015713,37.98239974975586,37.255900382995605,0.04864391460606754,-0.19466057802625478,0.24330449263232232,87.25471035313626,81.14494096625542,-0.004126801055693297,1.3962712567607478
IJH,2020-10-07,36.715755462646484,39.27000045776367,39.402000427246094,39.01599884033203,39.02799987792969,3978500,64.30893289073299,38.42399978637695,37.33990039825439,0.18027064976300267,-0.11967433246840328,0.299944982231406,90.82415497955078,87.72233295317744,0.017041290239681928,1.4200655205005333
IJH,2020-10-08,37.10282897949219,39.683998107910156,39.70000076293945,39.391998291015625,39.62799835205078,3314000,66.74402521903562,38.849999237060544,37.46790027618408,0.3143680964103055,-0.03286584669266153,0.347233943102967,90.92796340607474,89.66894291292063,0.01054243640007635,1.4350364709343515
IJH,2020-10-09,37.21316146850586,39.801998138427734,40.09400177001953,39.672000885009766,39.99399948120117,3603000,67.42619629501722,39.22799911499023,37.60260009765625,0.4252607639227364,0.058759475430418054,0.36650128849231833,95.95259880709989,92.56823906424184,0.0029736947841538797,1.4393038314030395
IJH,2020-10-12,37.43568801879883,40.040000915527344,40.11800003051758,39.801998138427734,39.95600128173828,2715500,68.81565251937518,39.48159942626953,37.71280021667481,0.5262821834925759,0.15226401704284964,0.3740181664497263,97.36610335460647,94.74888852259375,0.005979780849345362,1.4479105528904528
IJH,2020-10-13,37.15145492553711,39.736000061035156,39.944000244140625,39.63999938964844,39.77000045776367,3852000,65.00167271139841,39.706399536132814,37.806200218200686,0.575181721161961,0.23684755786667192,0.3383341632952891,94.89751265073149,96.07207160414599,-0.007592570306681368,1.436917190219846
IJH,2020-10-14,36.983158111572266,39.555999755859375,40.066001892089844,39.53200149536133,39.7400016784668,3487500,62.78288601516788,39.76359939575195,37.88480014801026,0.5925795485964613,0.3079939560126298,0.28458559258383154,92.86298612692872,95.0422007107556,-0.004530019464975554,1.4304079273785921
IJH,2020-10-15,37.3291015625,39.92599868774414,40.0,38.981998443603516,39.125999450683594,5231000,65.3975158430346,39.81199951171875,37.992700004577635,0.6289728660975342,0.3721897380296107,0.2567831280679235,91.57612048137453,93.11220641967827,0.009354080846315949,1.4437880787745028
IJH,2020-10-16,37.23185729980469,39.821998596191406,40.11000061035156,39.81800079345703,40.02399826049805,3841000,64.03573306048789,39.815999603271486,38.11619987487793,0.6420220634904936,0.42615620312178726,0.21586586036870636,91.36487072916667,91.93465911249001,-0.002605052321778989,1.4400269352877344
IJH,2020-10-19,36.81486892700195,39.375999450683594,40.15399932861328,39.27399826049805,39.9379997253418,4177500,58.417797486456585,39.68319931030273,38.26259975433349,0.6093510234759165,0.46279516719261315,0.14655585628330337,87.70495195492707,90.21531438848946,-0.011199773609062547,1.4238989596215597
IJH,2020-10-20,36.973812103271484,39.54600143432617,39.96799850463867,39.492000579833984,39.58599853515625,3568500,59.86324161273029,39.645199584960935,38.405999755859376,0.5903712953963804,0.48831039283336664,0.10206090256301381,83.43398343127737,87.50126870512376,0.004317363633283389,1.4300464492072997
IJH,2020-10-21,36.73258972167969,39.28799819946289,39.79600143432617,39.2760009765625,39.59199905395508,3142500,56.645051886289096,39.59159927368164,38.58649959564209,0.5481918054259225,0.5002866753518779,0.04790513007404462,77.56357162122158,82.90083566914205,-0.006524141490145463,1.4207166238351912
IJH,2020-10-22,37.351531982421875,39.95000076293945,39.96200180053711,39.279998779296875,39.40999984741211,4829000,62.25242745995902,39.5963996887207,38.79889965057373,0.5617073177158431,0.5125708038246709,0.04913651389117224,81.69621132043189,80.89792212431031,0.016849948926331404,1.444655626385604
IJH,2020-10-23,37.58901596069336,40.20399856567383,40.30400085449219,39.78200149536133,40.150001525878906,4211000,64.16736533171282,39.67279968261719,38.99969959259033,0.5861571042840126,0.5272880639165393,0.05886904036747331,85.92419471356406,81.72799255173923,0.006358078656137689,1.4538408604891957
IJH,2020-10-26,36.78682327270508,39.34600067138672,39.75199890136719,38.891998291015625,39.69200134277344,3652500,54.170391021245,39.66679992675781,39.114299583435056,0.5301887904637042,0.5278682092259722,0.0023205812377319335,71.97724141956219,79.86588248451942,-0.02134114627600603,1.4228142300234612
IJH,2020-10-27,36.28755187988281,38.8120002746582,39.40399932861328,38.8120002746582,39.332000732421875,3305500,49.048608856148164,39.51999969482422,39.21349964141846,0.43769861219920614,0.5098342898206191,-0.07213567762141293,42.192942997205996,66.69812637677745,-0.013572017054071406,1.4035037710288072
IJH,2020-10-28,35.326412200927734,37.784000396728516,38.37799835205078,37.7599983215332,38.066001892089844,4828500,41.00993543565715,39.219200134277344,39.249599647521975,0.27824109067908154,0.4635156499923116,-0.18527455931323006,11.032187190412257,41.73412386906019,-0.026486760036515955,1.3663295034352219
IJH,2020-10-29,35.6779670715332,38.15999984741211,38.375999450683594,37.4739990234375,37.737998962402344,6954000,44.58716562197932,38.861199951171876,39.27989959716797,0.1801334036089699,0.4068392007156433,-0.22670579710667338,8.394590992181412,20.539907059933267,0.009951615482656884,1.3799266892760187
IJH,2020-10-30,35.42926025390625,37.89400100708008,38.172000885009766,37.38600158691406,37.95800018310547,7584000,42.61819046093412,38.399200439453125,39.278999710083006,0.07999632358613695,0.34147062528974204,-0.2614743017036051,14.197647282729468,11.20814182177442,-0.006970879734495616,1.370307386282655
IJH,2020-11-02,36.12674331665039,38.63999938964844,38.67599868774414,38.1879997253418,38.32400131225586,6479500,49.37083601464895,38.258000183105466,39.272399711608884,0.06013954982912395,0.28520441019761844,-0.2250648603684945,28.208013546595353,16.933417273835452,0.019686639171847764,1.3972841333509194
IJH,2020-11-03,36.92892074584961,39.49800109863281,39.66400146484375,39.0359992980957,39.11000061035156,5855000,55.811671921290674,38.39520034790039,39.31669979095459,0.11234147823102347,0.25063182380429944,-0.13829034557327596,44.25402909524454,28.886563308189825,0.02220453203235473,1.428310173648211
IJH,2020-11-04,36.94951248168945,39.52000045776367,40.04600143432617,38.986000061035156,39.09199905395508,5560500,55.96635140393845,38.742400360107425,39.32919979095459,0.15371511485000866,0.23124848201344128,-0.07753336716343262,62.82839348651387,45.09681204278463,0.0005576045934718721,1.4291066059619397
IJH,2020-11-05,38.006004333496094,40.650001525878906,40.74800109863281,39.99599838256836,40.012001037597656,6674500,63.10954830853617,39.24040069580078,39.377499961853026,0.27452115336296856,0.23990301628334676,0.0346181370796218,80.86522850172395,62.64921702782749,0.028592849562770084,1.4699688361553704
IJH,2020-11-06,37.811527252197266,40.44200134277344,40.810001373291016,40.35599899291992,40.71200180053711,5179000,61.143352597950354,39.75000076293945,39.40950012207031,0.3494487056440434,0.2618121541554861,0.08763655148855731,86.48989254287453,76.7278381770375,-0.0051170093965239305,1.462446991808166
IJH,2020-11-09,38.87738800048828,41.582000732421875,43.36199951171875,41.54399871826172,42.97200012207031,9998500,67.1788263354648,40.33840103149414,39.48660011291504,0.4951104291907029,0.3084718091625295,0.18663862002817344,85.51720525345786,84.29077543268549,0.028188778019514693,1.5036715854255533
IJH,2020-11-10,39.33924865722656,42.07600021362305,42.21200180053711,41.470001220703125,41.7400016784668,6641500,69.39710026352638,40.854000854492185,39.603600120544435,0.6429979440972673,0.37537703614947704,0.26762090794779025,79.31570945313155,83.77426908315469,0.011879930224028445,1.5215350989402632
IJH,2020-11-11,39.29624938964844,42.029998779296875,42.2599983215332,41.737998962402344,42.24399948120117,3801000,68.9299051279426,41.35600051879883,39.72730007171631,0.7478669887177247,0.4498750266631266,0.2979919620545981,75.46853895001313,80.10048455220088,-0.0010930373366504487,1.5198720042680973
IJH,2020-11-12,38.59877395629883,41.284000396728516,41.805999755859375,40.99800109863281,41.805999755859375,7009000,61.67820390094039,41.48280029296875,39.795200157165525,0.7619968024038712,0.5122993818112755,0.2496974205925957,73.80633212730298,76.19686017681592,-0.0177491603952753,1.4928955522840544
IJH,2020-11-13,39.44022750854492,42.183998107910156,42.257999420166016,41.61600112915039,41.61800003051758,4128000,66.28634961293211,41.831199645996094,39.913300132751466,0.8361781342191534,0.5770751322928511,0.2591030019263023,74.4087302296564,74.56120043565754,0.021800007254084708,1.5254406861534375
IJH,2020-11-16,40.2312126159668,43.029998779296875,43.03799819946289,42.52399826049805,42.84600067138672,5478500,69.94492606099708,42.1207992553711,40.09600009918213,0.9522555487808475,0.6521112155904505,0.300144333190397,79.98659919024891,76.06722051573614,0.0200552876438278,1.5560338378978427
IJH,2020-11-17,40.332176208496094,43.13800048828125,43.2599983215332,42.354000091552734,42.66600036621094,4683000,70.38673775971168,42.33319931030273,40.275600051879884,1.040962997957216,0.7298815720638037,0.31108142589341226,90.32796875385658,81.57443272458734,0.002509583628339973,1.559938834942574
IJH,2020-11-18,39.75251007080078,42.518001556396484,43.29999923706055,42.512001037597656,43.24800109863281,6429500,64.52294529386519,42.430799865722655,40.43710021972656,1.0491417057603485,0.7937335988031127,0.2554081069572358,92.19099622189934,87.50185472200165,-0.014372300039024566,1.537518925964253
IJH,2020-11-19,40.10405349731445,42.89400100708008,42.928001403808594,42.279998779296875,42.50600051879883,4193500,66.35360349262558,42.75279998779297,40.5843002319336,1.0735877526035438,0.8497044295631989,0.22388332304034486,91.02778693461808,91.18225063679138,0.008843301363550715,1.5511156691787178
IJH,2020-11-20,40.090965270996094,42.880001068115234,42.987998962402344,42.64400100708008,42.810001373291016,3563000,66.21659415660618,42.89200057983398,40.71810035705566,1.0793892157957004,0.8956413868096992,0.18374782898600117,88.60569378647772,90.60815898099843,-0.00032635669407421464,1.550609452196798
IJH,2020-11-23,40.71363830566406,43.54600143432617,43.7400016784668,43.13999938964844,43.20199966430664,3769500,69.44844949632537,42.995201110839844,40.928100395202634,1.124762024253151,0.9414655142983896,0.18329650995476143,91.95314450691508,90.52887507600367,0.015531505177263538,1.5746927509315063
IJH,2020-11-24,41.381202697753906,44.2599983215332,44.40399932861328,43.874000549316406,44.02799987792969,5750500,72.48716700692786,43.219600677490234,41.200500297546384,1.2044497367049587,0.9940623587797035,0.2103873779252552,93.87927377302503,91.47937068880599,0.01639657912854653,1.6005123252253033
IJH,2020-11-25,41.11005783081055,43.970001220703125,44.16600036621094,43.72600173950195,44.16600036621094,5558500,69.46508886637795,43.51000061035156,41.509800338745116,1.2300235348650261,1.0412545939967681,0.18876894086825802,93.9770387068438,93.26981899559468,-0.006552367965807715,1.5900251795366165
IJH,2020-11-27,41.154937744140625,44.018001556396484,44.130001068115234,43.880001068115234,44.007999420166016,2274500,69.69033688219457,43.73480072021484,41.802700424194335,1.2398717108022623,1.0809780173578671,0.1588936934443952,91.55967053449535,93.1386610047881,0.0010917015372438055,1.591761012469373
IJH,2020-11-30,40.48738098144531,43.30400085449219,44.04399871826172,43.236000061035156,43.93199920654297,4158000,62.325409005142774,43.819600677490236,42.073200416564944,1.1765006050649802,1.1000825348992898,0.07641807016569047,81.8833003658721,89.1400032024038,-0.01622057520401321,1.5659417332597974
IJH,2020-12-01,40.981040954589844,43.832000732421875,44.09000015258789,43.64799880981445,43.832000732421875,5545500,65.25003398661745,43.876800537109375,42.332800483703615,1.1555631124268544,1.1111786504048027,0.04438446202205171,79.85911223309608,84.43402771115456,0.012192934222412743,1.5850351578095652
IJH,2020-12-02,40.93055725097656,43.77799987792969,43.854000091552734,43.41999816894531,43.625999450683594,5090500,64.69686683675471,43.78040084838867,42.546800422668454,1.121682523107843,1.1132794249454108,0.008403098162432343,77.51029834397697,79.75090364764843,-0.0012318794846919445,1.5830825855161441
IJH,2020-12-03,41.16429138183594,44.02799987792969,44.2760009765625,43.75600051879883,43.80400085449219,4018000,66.12850752395207,43.79200057983398,42.772200393676755,1.1022982149734872,1.1110831829510261,-0.008784967977538916,83.78015205915752,80.38318754541022,0.005710504487543844,1.5921227857248865
IJH,2020-12-04,41.92721176147461,44.84400177001953,44.849998474121094,44.198001861572266,44.198001861572266,5551500,70.35438657808378,43.957200622558595,42.98190040588379,1.1396434439811074,1.1167952351570425,0.02284820882406491,89.3003273337397,83.53025924562478,0.018533548229019647,1.6216304701606399
IJH,2020-12-07,41.77013397216797,44.67599868774414,44.79999923706055,44.52000045776367,44.75400161743164,6157000,68.46058657463242,44.23160018920898,43.193600273132326,1.1425131815807035,1.1219388244417747,0.020574357138928745,93.1699618367855,88.75014707656095,-0.003746440144893559,1.6155551286670475
IJH,2020-12-08,41.987060546875,44.90800094604492,44.9900016784668,44.35599899291992,44.35599899291992,4483000,69.6745613689541,44.446800231933594,43.359900283813474,1.1502487609140104,1.127600811736222,0.02264794917778845,96.65679687571345,93.04236201541293,0.005193341607464541,1.6239452583359069
IJH,2020-12-09,41.8112907409668,44.720001220703125,45.237998962402344,44.487998962402344,45.124000549316406,5817000,67.41027252736936,44.63520050048828,43.49210033416748,1.1282040229180907,1.1277214539725957,0.00048256894549503215,90.89732351839876,93.57469407696595,-0.004186285098762066,1.61714696049973
IJH,2020-12-10,41.947784423828125,44.86600112915039,44.91999816894531,44.32400131225586,44.41600036621094,3775500,68.27259980022147,44.80280075073242,43.63390045166015,1.1097221949863894,1.1241216021753546,-0.014399407188965263,88.37389228590139,91.97600422667125,0.003264517321575733,1.622426164763815
IJH,2020-12-11,41.85055160522461,44.762001037597656,45.055999755859375,44.36800003051758,44.5359992980957,5624500,66.91435972193834,44.786400604248044,43.807800483703616,1.0742994199874119,1.1141571657377662,-0.03985774575035439,81.81978355036311,87.03033311822112,-0.0023179488485280952,1.6186654639033788
IJH,2020-12-14,41.74927520751953,44.52199935913086,45.21799850463867,44.507999420166016,45.08399963378906,4415500,63.76185127430033,44.75560073852539,43.924700546264646,1.0151583721192097,1.094357407014055,-0.07919903489484525,75.73562332226776,81.97643305284413,-0.0024199537119705683,1.6147483684055672
IJH,2020-12-15,42.72826385498047,45.566001892089844,45.57600021362305,44.75400161743164,44.891998291015625,4906000,70.31371358789491,44.887200927734376,44.051500701904295,1.0405362902691166,1.0835931836650672,-0.043056893395950535,80.3734351671658,79.3096140132656,0.0234492369650674,1.6526129855352654
IJH,2020-12-16,42.59135055541992,45.41999816894531,45.645999908447266,45.18199920654297,45.63800048828125,5897500,68.44983246340256,45.027200317382814,44.1656005859375,1.0369142905030273,1.0742574050326592,-0.037343114529631904,84.81027320757939,80.30644389900435,-0.0032042794910934758,1.647317551639
IJH,2020-12-17,42.957061767578125,45.810001373291016,45.810001373291016,45.433998107910156,45.61000061035156,4833000,70.68522438457069,45.216000366210935,44.330200576782225,1.0533712210557198,1.0700801682372714,-0.01670894718155158,96.73168506553993,87.30513114676175,0.008586513632206527,1.6614622662527212
IJH,2020-12-18,42.72263717651367,45.560001373291016,46.02799987792969,45.369998931884766,45.880001068115234,11113000,67.38913915811254,45.37560043334961,44.463500595092775,1.0343175772316968,1.0629276500361564,-0.028610072804459596,90.89253922902309,90.81149916738086,-0.005457184020937533,1.6523953609219362
IJH,2020-12-21,42.62886047363281,45.459999084472656,45.518001556396484,44.641998291015625,44.992000579833984,6387500,66.06212083804358,45.56320037841797,44.59250049591064,0.999625023250367,1.0502671246789985,-0.05064210142863157,86.7587088545384,91.4609777163672,-0.0021950120376091897,1.648768333213823
IJH,2020-12-22,42.829532623291016,45.67399978637695,45.7760009765625,45.402000427246094,45.52000045776367,5827500,67.53540636353388,45.58479995727539,44.698900413513186,0.9781237902459523,1.0358384577923894,-0.05771466754643706,81.56504407451318,86.40543071935826,0.00470742467494123,1.6565297859488555
IJH,2020-12-23,43.19712448120117,46.066001892089844,46.20399856567383,45.88800048828125,45.88800048828125,3641500,70.09626466669957,45.7140007019043,44.78920059204101,0.9814022082595244,1.0249512078858165,-0.043548999626292106,85.2535470032084,84.52576664408669,0.008582672641873623,1.6707472388231674
IJH,2020-12-24,43.26463317871094,46.13800048828125,46.18000030517578,45.88999938964844,46.18000030517578,2362000,70.55567159750476,45.77960052490234,44.89760055541992,0.9785301763907341,1.0156670015868001,-0.03713682519606598,91.34308570202786,86.05389225991651,0.0015628053561562716,1.6733582915567835
IJH,2020-12-28,43.142730712890625,46.007999420166016,46.560001373291016,45.99399948120117,46.54800033569336,5610000,68.50909543633877,45.86920013427734,44.9971004486084,0.9547582123545268,1.0034852437403456,-0.0487270313858188,88.30774126831973,88.30145799118537,-0.0028176008176650225,1.6686434358662465
IJH,2020-12-29,42.696372985839844,45.53200149536133,46.231998443603516,45.29600143432617,46.15999984741211,5216000,61.47748364057803,45.88360061645508,45.108500480651855,0.8872816743092145,0.9802445298541195,-0.09296285554490502,75.27582754518546,84.97555150517773,-0.010346070350095271,1.6513795334895496
IJH,2020-12-30,43.067710876464844,45.928001403808594,46.1879997253418,45.689998626708984,45.689998626708984,3756000,64.7215577195891,45.934400939941405,45.21330051422119,0.8558937050124129,0.9553743648857782,-0.0994806598733653,67.02442247827928,76.86933043059487,0.00869717647323709,1.6657418727166002
IJH,2020-12-31,43.10334014892578,45.965999603271484,46.178001403808594,45.57400131225586,45.93199920654297,7772500,65.02590902299929,45.91440048217773,45.32270050048828,0.8245794121585419,0.929215374340331,-0.10463596218178906,66.2205635936752,69.50693787238002,0.0008272850294537282,1.667119916030833
IJH,2021-01-04,42.44131088256836,45.2599983215332,46.27199935913086,44.869998931884766,46.262001037597656,10959000,55.45348806586162,45.738800048828125,45.38430042266846,0.7343293150869812,0.890238162489661,-0.15590884740267985,60.42790813748096,64.5576314031452,-0.015359117508528364,1.6415144253397074
IJH,2021-01-05,43.056461334228516,45.91600036621094,46.11800003051758,45.20000076293945,45.20000076293945,8949000,61.17293811736079,45.72040023803711,45.437900352478025,0.7075827717705963,0.8537070843458481,-0.14612431257525182,58.657279963125795,61.76858389809403,0.014494143532989057,1.665306771032053
IJH,2021-01-06,44.77437210083008,47.74800109863281,48.05799865722656,46.215999603271484,46.263999938964844,15151500,71.98909255547359,46.16360015869141,45.591500473022464,0.8247063900290641,0.8479069454824913,-0.023200555453427252,64.66519172500162,61.25012660853616,0.03989902359290909,1.731750885178892
IJH,2021-01-07,45.24697494506836,48.25199890136719,48.347999572753906,47.939998626708984,48.00600051879883,8679500,74.12465458863797,46.62839965820312,45.758700370788574,0.9472764981131832,0.8677808560086298,0.0794956421045534,84.91935964351427,69.41394377721394,0.010555208751425793,1.7500298772774217
IJH,2021-01-08,45.18508529663086,48.18600082397461,48.540000915527344,47.645999908447266,48.45600128173828,6665000,73.33617475457555,47.07239990234375,45.93200035095215,1.0272472319128596,0.8996741311894757,0.1275731007233839,93.08438109428799,80.889644154268,-0.0013678184787521142,1.7476361540729133
IJH,2021-01-11,45.261985778808594,48.268001556396484,48.417999267578125,47.566001892089844,47.63399887084961,4315000,73.71035746747408,47.6740005493164,46.10210037231445,1.08473721303843,0.9366867475592666,0.14805046547916345,93.78336534254515,90.59570202678252,0.0017018996793498609,1.7506104554831503
IJH,2021-01-12,45.78710174560547,48.827999114990234,48.88800048828125,48.400001525878906,48.40999984741211,6116500,76.1698275074559,48.25640029907227,46.30540027618408,1.1620897133176413,0.9817673407109415,0.1803223726066998,94.14906445491094,93.67227029724808,0.011601699699236967,1.7709205122780103
IJH,2021-01-13,45.34263229370117,48.354000091552734,48.854000091552734,48.33399963378906,48.77799987792969,5002500,70.18467596038957,48.37760009765625,46.49700031280518,1.1716384485520024,1.0197415622791537,0.1518968862728487,92.74619034808671,93.55954004851431,-0.009707306969848895,1.7537296432461256
IJH,2021-01-14,45.783348083496094,48.82400131225586,49.11800003051758,48.65599822998047,48.66400146484375,4663000,72.4927296031786,48.492000579833984,46.65990028381348,1.2032606211301484,1.0564453740493527,0.14681524708079574,92.76520510557282,93.22015330285687,0.009719678093240036,1.7707753308410505
IJH,2021-01-15,45.31074905395508,48.31999969482422,48.53200149536133,47.80799865722656,48.215999603271484,6550500,66.54389103102051,48.51880035400391,46.804900360107425,1.1741181985842317,1.0799799389563285,0.09413825962790323,87.0012051257155,90.83753352645839,-0.010322509150687886,1.7524964862846315
IJH,2021-01-19,45.70833969116211,48.74399948120117,48.858001708984375,48.50400161743164,48.79800033569336,7231000,68.85908554053775,48.613999938964845,46.95160026550293,1.171728896658557,1.0983297304967743,0.07339916616178277,88.49655348297573,89.42098790475472,0.008774753132718915,1.7678742103177365
IJH,2021-01-20,46.18658447265625,49.25400161743164,49.28200149536133,48.91400146484375,48.97200012207031,7282000,71.4209214925323,48.69920043945312,47.136300277709964,1.1971878316963327,1.118101350736686,0.07908648095964677,90.59196758567123,88.69657539812086,0.010462965505321442,1.7863714171980383
IJH,2021-01-21,45.865875244140625,48.9119987487793,49.400001525878906,48.88800048828125,49.3380012512207,4622500,67.41572696970161,48.81080017089844,47.30890026092529,1.1762088444779195,1.1297228494849327,0.04648599499298678,93.26284482268603,90.78378863044436,-0.006943774521917634,1.7739672568646165
IJH,2021-01-22,46.042171478271484,49.099998474121094,49.14799880981445,48.470001220703125,48.55799865722656,4384500,68.46269843309032,48.86599960327148,47.4802001953125,1.1613653557217845,1.1360513507323031,0.02531400498948133,93.99003603889884,92.61494948241874,0.0038437342183583745,1.7807859155120744
IJH,2021-01-25,45.875247955322266,48.922000885009766,49.51599884033203,48.459999084472656,49.04600143432617,6914000,66.29088645718198,48.9863998413086,47.623000144958496,1.1223016710324956,1.1333014147923417,-0.010999743759846137,89.61401192119264,92.28896426092588,-0.003625448530984121,1.774329767830684
IJH,2021-01-26,45.39513397216797,48.40999984741211,49.262001037597656,48.391998291015625,49.1879997253418,8510000,60.35951209184457,48.91959991455078,47.73660011291504,1.0380630698176248,1.1142537457973984,-0.07619067597977369,82.03319636166532,88.54574810725232,-0.010465643338252395,1.755760265316124
IJH,2021-01-27,44.27174758911133,47.21200180053711,47.91600036621094,47.0099983215332,47.63199996948242,6997500,49.254534624607615,48.511199951171875,47.796800231933595,0.8646675913963762,1.064336514917194,-0.19966892352081778,53.59432026810824,75.08050951698878,-0.02474684585676945,1.7123107366689052
IJH,2021-01-28,44.60932159423828,47.571998596191406,47.9379997253418,47.422000885009766,47.57400131225586,7808000,52.10607545954506,48.2431999206543,47.8988000869751,0.7476803644644363,1.0010052848266424,-0.2533249203622061,32.323948777862626,55.98382180254544,0.007625043588972202,1.7253671806738706
IJH,2021-01-29,43.744747161865234,46.650001525878906,47.650001525878906,46.5099983215332,47.577999114990234,7823000,45.11395576416614,47.75320053100586,47.93490009307861,0.5739535073906765,0.9155949293394493,-0.3416414219487728,11.7148109456327,32.544359997201234,-0.019381026240146038,1.6919277940713435
IJH,2021-02-01,44.65621566772461,47.62200164794922,47.71200180053711,46.763999938964844,47.119998931884766,17847500,52.37032785066678,47.49320068359375,48.0177001953125,0.508840412499282,0.8342440259714159,-0.32540361347213387,21.358808942698477,21.799189555397977,0.020836067527987723,1.7271809158410933
IJH,2021-02-02,45.22072219848633,48.2239990234375,48.3120002746582,47.79399871826172,48.104000091552734,6414000,56.22997308966074,47.45600051879883,48.165900230407715,0.5000497109851594,0.7674051629741646,-0.26735545198900523,32.88985052971319,21.987823472681498,0.012641163661561983,1.749014492471367
IJH,2021-02-03,45.23196792602539,48.236000061035156,48.40599822998047,47.83399963378906,48.28799819946289,4326000,56.30598831693188,47.66080017089844,48.28190021514892,0.4884211847527098,0.7116083673298736,-0.22318718257716386,50.476879376822886,34.908512949744896,0.0002486852706531373,1.7494494466138035
IJH,2021-02-04,45.85837936401367,48.90399932861328,48.970001220703125,48.3380012512207,48.395999908447266,5859000,60.42580375836692,47.92720031738281,48.33970012664795,0.5270321535255107,0.6746931245690011,-0.1476609710434904,64.69286362396174,49.353197843499316,0.013848865453140347,1.7736773366170289
IJH,2021-02-05,46.34598922729492,49.42399978637695,49.459999084472656,49.0620002746582,49.354000091552734,5613500,63.324757328706866,48.48199996948242,48.39830017089844,0.5927583661061391,0.6583061728764288,-0.06554780677028971,77.99958968111451,64.38977756063309,0.010632950183666834,1.7925367593791766
IJH,2021-02-08,47.09241485595703,50.220001220703125,50.22999954223633,49.62799835205078,49.7599983215332,5529500,67.27645986180934,49.001599884033205,48.500000190734866,0.700996870825179,0.6668443124661788,0.03415255835900022,92.10381758291244,78.2654236293296,0.016105506454968666,1.8214064717281264
IJH,2021-02-09,47.23495864868164,50.37200164794922,50.518001556396484,50.051998138427734,50.15800094604492,5165000,67.98582398423154,49.431200408935545,48.6052001953125,0.7899359399913379,0.6914626379712107,0.09847330202012727,97.6760016939924,89.25980298600649,0.0030268949502931797,1.8269196777798316
IJH,2021-02-10,47.171180725097656,50.30400085449219,50.715999603271484,49.981998443603516,50.599998474121094,4735500,67.28312560546325,49.844800567626955,48.679000282287596,0.8451908631934231,0.7222082830156531,0.12298258017776997,95.43100706533153,95.07027544741216,-0.0013502271497334295,1.824452921230511
IJH,2021-02-11,47.465633392333984,50.61800003051758,50.75600051879883,49.981998443603516,50.529998779296875,7126500,68.88251526110278,50.187600708007814,48.79220027923584,0.9038983200495849,0.7585462904224395,0.14535202962714544,94.43722187208374,95.84807687713594,0.0062422153253345325,1.8358415492157674
IJH,2021-02-12,47.60816955566406,50.77000045776367,50.83399963378906,50.444000244140625,50.5,4039000,69.65583422790014,50.456800842285155,48.88950023651123,0.9517187454573843,0.7971807814294285,0.15453796402795583,95.1580944865068,95.00877447464073,0.0030029339786099563,1.8413544601832514
IJH,2021-02-16,47.52189254760742,50.678001403808594,51.172000885009766,50.540000915527344,51.11000061035156,4355500,68.54549337373234,50.54840087890625,49.007400321960446,0.9710001371798072,0.8319446525795042,0.13905548460030293,94.89116242646814,94.82882626168627,-0.0018122311540620384,1.8380175002648362
IJH,2021-02-17,47.285587310791016,50.42599868774414,50.571998596191406,49.944000244140625,50.369998931884766,5492500,65.46707052937855,50.559200286865234,49.0915002822876,0.9549383312685364,0.8565433883173108,0.09839494295122564,90.6406201736305,93.56329236220186,-0.004972555261339329,1.8288778566734605
IJH,2021-02-18,46.76046371459961,49.86600112915039,50.17599868774414,49.624000549316406,50.060001373291016,4963500,59.11371425418091,50.47160034179687,49.122100257873534,0.8867996372762335,0.8625946381090954,0.02420499916713803,81.79608155036017,89.10928805015298,-0.0111053626708697,1.8085675047943788
IJH,2021-02-19,47.465633392333984,50.61800003051758,50.73400115966797,50.11600112915039,50.14799880981445,5792500,64.1456786991176,50.47160034179687,49.20740032196045,0.8832971581915956,0.8667351421255954,0.016562016066000163,81.13882117623474,84.52517430007516,0.015080468021838822,1.8358415492157671
IJH,2021-02-22,47.30809020996094,50.45000076293945,50.869998931884766,50.27000045776367,50.27000045776367,4480000,62.30096264591114,50.40760040283203,49.27490043640137,0.8570853351909449,0.8648051807386654,-0.0077198455477205385,79.34821137214523,80.76103803291342,-0.003319099970095274,1.8297482075846654
IJH,2021-02-23,47.38499069213867,50.53200149536133,50.68199920654297,49.20199966430664,49.992000579833984,8413500,62.86236138751303,50.37840042114258,49.355400466918944,0.8333230213501182,0.858508748860956,-0.025185727510837808,82.29506979399753,80.92736744745922,0.0016255249754626444,1.8327225089949022
IJH,2021-02-24,48.24207305908203,51.44599914550781,51.54199981689453,50.54800033569336,50.62200164794922,5875500,68.49412866796851,50.582400512695315,49.50720043182373,0.8781207587075883,0.8624311508302825,0.015689607877305778,85.48566905608804,82.37631674074363,0.018087633962236005,1.8658721228919528
IJH,2021-02-25,46.77734375,49.88399887084961,51.481998443603516,49.7599983215332,51.36000061035156,7657000,53.54892382830166,50.58600006103516,49.64080028533935,0.7786076163943321,0.8456664439430925,-0.06705882754876047,70.32523390598358,79.36865758535643,-0.030362072278448227,1.8092203786343657
IJH,2021-02-26,46.73983383178711,49.84400177001953,50.48400115966797,49.20399856567383,50.124000549316406,10119000,53.228646615133904,50.431200408935545,49.754400444030765,0.688577806066796,0.8142487163678334,-0.1256709103010374,52.528273153358555,69.44639203847676,-0.0008018821764091966,1.8077695970595424
IJH,2021-03-01,48.024513244628906,51.2140007019043,51.43000030517578,50.731998443603516,50.78200149536133,6641000,61.68240666452131,50.58400039672851,49.982600402832034,0.7194822534412495,0.7952954237825167,-0.07581317034126722,48.854680385189305,57.23606248151052,0.027485750537009856,1.857457501232712
IJH,2021-03-02,47.36248779296875,50.507999420166016,51.2599983215332,50.417999267578125,51.172000885009766,8133500,56.05916734632442,50.579199981689456,50.12690029144287,0.6791767210353754,0.7720716832330885,-0.0928949621977131,56.41029403054256,52.59774918969685,-0.013785156932000664,1.831852158083697
IJH,2021-03-03,46.95551300048828,50.07400131225586,50.86800003051758,50.06399917602539,50.599998474121094,6236000,52.86844631924586,50.30480041503906,50.21940040588379,0.6052374751173062,0.7387048416099321,-0.13346736649262592,59.68664057240016,54.98387166271072,-0.008592766373663463,1.8161114804581926
IJH,2021-03-04,45.93901824951172,48.9900016784668,50.301998138427734,48.24599838256836,49.97999954223633,9329000,45.84906749200201,50.1260009765625,50.25710048675537,0.4539376680687752,0.6817514069017008,-0.22781373883292555,38.5499609023803,51.54896516844104,-0.021648038452183327,1.776796229295782
IJH,2021-03-05,47.041786193847656,50.16600036621094,50.27399826049805,48.09199905395508,49.63600158691406,7671000,53.120898794628275,50.19040069580078,50.320200538635255,0.424036715493898,0.6302084686201402,-0.20617175312624225,39.98463257972623,46.073744684835596,0.024005039427407837,1.8194482928344968
IJH,2021-03-08,47.405616760253906,50.55400085449219,51.231998443603516,50.18000030517578,50.43199920654297,6640500,55.25583255723346,50.05840072631836,50.37670059204102,0.426729321909292,0.5895126392779706,-0.16278331736867857,51.350409242631336,43.295000908246,0.0077341996519220135,1.8335202691876276
IJH,2021-03-09,47.73006057739258,50.900001525878906,51.37200164794922,50.72999954223633,51.25,5625000,57.13074262804279,50.136801147460936,50.4107006072998,0.45157709477376073,0.5619255303771287,-0.11034843560336793,70.95656000628041,54.097200609546036,0.006843995275485959,1.8460688732474555
IJH,2021-03-10,48.4014778137207,51.61600112915039,51.805999755859375,51.198001861572266,51.25400161743164,6425000,60.79206911759436,50.44520111083985,50.472900581359866,0.5230153228371037,0.5541434888691237,-0.031128166032019955,82.54599101790433,68.28432008893873,0.014066968032429905,1.8720374650730913
IJH,2021-03-11,49.11603546142578,52.37799835205078,52.50600051879883,51.875999450683594,52.04399871826172,5274000,64.28777361823208,51.12280044555664,50.57660045623779,0.6338112592111287,0.5700770429375247,0.06373421627360398,91.12523520342474,81.5425954092032,0.014763136994600634,1.8996746106289903
IJH,2021-03-12,49.56800079345703,52.86000061035156,52.88399887084961,52.263999938964844,52.27799987792969,5982000,66.33257468475281,51.661600494384764,50.68870048522949,0.7518445945343046,0.6064305532568808,0.14541404127742386,97.1611830559889,90.27746975910604,0.00920199132086319,1.9171553999084625
IJH,2021-03-15,50.2487907409668,53.58599853515625,53.619998931884766,52.790000915527344,52.95399856567383,4741500,69.19374694183945,52.26800003051758,50.829500389099124,0.8936671892074273,0.6638778804469901,0.22978930876043713,98.66141050678112,95.6492762553983,0.013734464505569255,1.9434865027001658
IJH,2021-03-16,49.603633880615234,52.89799880981445,53.59400177001953,52.698001861572266,53.58599853515625,5045000,63.6714891562718,52.667599487304685,50.940500259399414,0.9397143472379383,0.7190451738051797,0.2206691734327586,95.2744532473917,97.03234893672062,-0.012839251469301094,1.9185335907648058
IJH,2021-03-17,49.92996597290039,53.24599838256836,53.27399826049805,52.38999938964844,52.7599983215332,3977500,65.1850194349406,52.99359893798828,51.08150024414063,0.9928428347209817,0.7738047059883402,0.2190381287326415,93.1861969786051,95.70735357759268,0.00657879406719597,1.9311552281694455
IJH,2021-03-18,48.954734802246094,52.20600128173828,53.54199981689453,52.108001708984375,53.077999114990234,4160000,57.47804987237046,52.95919952392578,51.19850025177002,0.9401905381275668,0.8070818724161855,0.13310866571138136,84.86493983984893,91.10853002194862,-0.019531981479490867,1.8934359400188179
IJH,2021-03-19,48.932228088378906,52.18199920654297,52.66400146484375,51.70000076293945,52.09400177001953,12331000,57.309641034320215,52.82359924316406,51.27670021057129,0.8863096212581425,0.8229274221845768,0.06338219907356568,80.54752776144613,86.19955485996677,-0.00045974539455895247,1.8925654415655018
IJH,2021-03-22,48.69404602050781,51.928001403808594,52.34199905395508,51.720001220703125,52.25199890136719,4828000,55.45785100151899,52.491999816894534,51.350600242614746,0.8137329001735623,0.8210885177823739,-0.007355617608811649,72.60012660452368,79.33753140193961,-0.004867590894101603,1.8833532072556463
IJH,2021-03-23,47.40187072753906,50.54999923706055,51.7760009765625,50.349998474121094,51.61399841308594,16807000,46.650846697515306,52.02239990234375,51.35150012969971,0.6376713885841099,0.7844050919427212,-0.14673370335861136,62.614585834830756,71.92074673360023,-0.02653661789419881,1.8333753828348893
IJH,2021-03-24,47.128047943115234,50.257999420166016,51.507999420166016,50.25,51.02399826049805,8943500,45.01936611336666,51.424800109863284,51.29210014343262,0.4691711147536637,0.7213582965049098,-0.2521871817512461,51.013043210234336,62.07591854986297,-0.005776624007050923,1.822784662584469
IJH,2021-03-25,48.12411880493164,51.183998107910156,51.36199951171875,49.4739990234375,49.74800109863281,6326000,50.88541084368036,51.22039947509766,51.357100105285646,0.40567739251564205,0.6582221157070562,-0.2525447231914142,41.63048408748591,51.75270437751704,0.021135415220649323,1.861309973286023
IJH,2021-03-26,49.231689453125,52.36199951171875,52.391998291015625,51.349998474121094,51.55799865722656,5889500,57.14891752505582,51.25639953613281,51.48299999237061,0.4452801165074334,0.6156337158671317,-0.1703535993596983,50.02813945022106,47.55722224931381,0.023014876442368326,1.9041477923421486
IJH,2021-03-29,48.336612701416016,51.40999984741211,52.58399963378906,51.27000045776367,52.13399887084961,7389500,51.439646315233226,51.15279922485352,51.492799949646,0.3952904812684821,0.5715650689474018,-0.17627458767891968,52.532565854747666,48.06372979748492,-0.018180906681279252,1.869528659022212
IJH,2021-03-30,48.92142105102539,52.03200149536133,52.13600158691406,51.305999755859375,51.41999816894531,4594500,54.62891599624506,51.44919967651367,51.56900005340576,0.40123844288327604,0.5374997437345767,-0.13626130085130062,59.350409609185185,53.97037163805135,0.012098662213296585,1.892147454765799
IJH,2021-03-31,48.94398498535156,52.055999755859375,52.52000045776367,51.992000579833984,52.220001220703125,7978000,54.7523906884405,51.808799743652344,51.66809997558594,0.40324040005273076,0.5106478749982075,-0.10740747494547676,56.89020891279896,56.25772812557731,0.0004612281050184741,1.8930201663507762
IJH,2021-04-01,49.63787078857422,52.79399871826172,52.81800079345703,52.29399871826172,52.35200119018555,6778000,58.49330390409683,52.13079986572266,51.858299827575685,0.4590852649206951,0.500335352982705,-0.041250088062009915,68.01739094697912,61.41933648965446,0.014177141551312777,1.9198577812086208
IJH,2021-04-05,49.985748291015625,53.16400146484375,53.374000549316406,52.83399963378906,53.27399826049805,6106500,60.266953174062934,52.29120025634766,52.00819988250733,0.5271225118816787,0.5056927847624998,0.0214297271191789,77.3057320044006,67.40444395472628,0.007008308312077771,1.9333127364546725
IJH,2021-04-06,50.02336502075195,53.20399856567383,53.582000732421875,53.11000061035156,53.220001220703125,8397500,60.46363064401546,52.65,52.140699768066405,0.5776116050155409,0.520076548813108,0.05753505620243282,86.8128922428955,77.37867173142511,0.000752549096941113,1.9347676492085961
IJH,2021-04-07,49.6077880859375,52.762001037597656,53.279998779296875,52.641998291015625,53.20399856567383,4660000,57.09995199894229,52.795999908447264,52.23379974365234,0.575327056313597,0.5311266503132059,0.0442004060003911,86.80015454019154,83.63959292916259,-0.008307656524946916,1.9186942641233922
IJH,2021-04-08,49.852237701416016,53.02199935913086,53.04999923706055,52.47600173950195,53.04199981689453,4789500,58.56035166460048,52.989199829101565,52.30409965515137,0.5877213408852242,0.5424455884276096,0.045275752457614615,85.73513061092085,86.44939246466934,0.004927645938477276,1.9281489101211795
IJH,2021-04-09,50.04592514038086,53.22800064086914,53.305999755859375,52.88199996948242,53.01599884033203,5711500,59.73006368037639,53.07600021362305,52.34659976959229,0.6071674342821609,0.55538995759852,0.051777476683640966,85.9298893354431,86.1550581621852,0.003885230591351041,1.9356402132514625
IJH,2021-04-12,50.237728118896484,53.43199920654297,53.512001037597656,53.060001373291016,53.27199935913086,4565500,60.90687056923543,53.12959976196289,52.375199699401854,0.631757080395829,0.5706633821579817,0.06109369823784727,91.36641879192634,87.6771462460968,0.003832539372138788,1.9430586305790438
IJH,2021-04-13,50.01960754394531,53.20000076293945,53.52399826049805,52.880001068115234,53.40999984741211,4343500,58.80231066390676,53.12880020141601,52.355899810791016,0.6253159634122838,0.5815938984088422,0.04372206500344156,92.81076583637292,90.03569132124748,-0.004341768290854087,1.9346223202295254
IJH,2021-04-14,50.30166244506836,53.5,53.9379997253418,53.29600143432617,53.31800079345703,4478000,60.693683367696245,53.27639999389648,52.385999870300296,0.6370749594623533,0.5926901106195445,0.0443848488428088,92.41260264213842,92.1965957568126,0.005638886728074555,1.9455314363549046
IJH,2021-04-15,50.65706253051758,53.87799835205078,53.93600082397461,53.42599868774414,53.87799835205078,5587500,62.99870808185348,53.44759979248047,52.41759986877442,0.6691814493009289,0.6079883783558214,0.06119307094510751,92.88010925947735,92.70115924599628,0.007065374545768277,1.9592773446433185
IJH,2021-04-16,51.02751159667969,54.27199935913086,54.41999816894531,53.981998443603516,54.13999938964844,5246000,65.28396713231388,53.65639953613281,52.52089977264404,0.7181403869266987,0.6300187800699969,0.08812160685670178,94.41362458587459,93.23544549583016,0.007312880922357934,1.9736053065585688
IJH,2021-04-19,50.758609771728516,53.986000061035156,54.32600021362305,53.672000885009766,54.15999984741211,7715500,62.27719899275384,53.76719970703125,52.611099815368654,0.7254998340854044,0.6491149908730784,0.07638484321232597,93.03856307724543,93.44409897419916,-0.005269742077108619,1.9632049156309923
IJH,2021-04-20,50.017723083496094,53.198001861572266,53.9640007019043,52.86399841308594,53.77000045776367,6131500,54.789692583184625,53.76679992675781,52.67459983825684,0.6601377231091519,0.6513195373202932,0.008818185788858623,77.01174323428354,88.15464363246788,-0.014596276209382752,1.9345494344268244
IJH,2021-04-21,50.882720947265625,54.11800003051758,54.13199996948242,52.9900016784668,53.145999908447266,5670500,60.72651428119943,53.89039993286133,52.85299987792969,0.6747953223101959,0.6560146943182739,0.01878062799192204,73.84287065367103,81.29772565506671,0.017293827276494866,1.9680051982036426
IJH,2021-04-22,50.65330123901367,53.874000549316406,54.5620002746582,53.70199966430664,54.236000061035156,9545500,58.53122974682817,53.889600372314455,53.033799934387204,0.6591248750663539,0.65663673046789,0.002488144598463915,67.49460781236121,72.78307390010531,-0.004508794026359619,1.9591318681221372
IJH,2021-04-23,51.507022857666016,54.78200149536133,54.98400115966797,54.013999938964844,54.09600067138672,10296500,63.77879070034365,53.991600799560544,53.21370010375976,0.7117691884479385,0.6676632220638996,0.04410596638403885,81.58633188859396,74.30793678487544,0.01685421478501392,1.9921514974196333
IJH,2021-04-26,51.708229064941406,54.99599838256836,55.198001861572266,54.91999816894531,55.06800079345703,7648500,64.9059257736955,54.193600463867185,53.34540004730225,0.761974380094486,0.6865254536700169,0.0754489264244691,83.84761676605159,77.64285215566896,0.003906383947513303,1.999933606050168
IJH,2021-04-27,51.82293701171875,55.11800003051758,55.242000579833984,54.82400131225586,55.125999450683594,6103500,65.56384205443864,54.57760009765625,53.53080005645752,0.8023577884278339,0.7096919206215804,0.09266586780625352,93.34720463886009,86.26038443116859,0.0022183692779977893,2.004370197319865
IJH,2021-04-28,51.80600357055664,55.099998474121094,55.268001556396484,54.96200180053711,55.0880012512207,7475000,65.36910954785523,54.773999786376955,53.68419990539551,0.8234175108177482,0.732437038660814,0.09098047215693417,93.70245234894243,90.29909125128474,-0.0003267557212799366,2.003715257890328
IJH,2021-04-29,51.8248176574707,55.119998931884766,55.5260009765625,54.715999603271484,55.4900016784668,5697500,65.49174375756274,55.023199462890624,53.837399864196776,0.8321290960922099,0.7523754501470933,0.07975364594511658,91.09224863468508,92.71396854082923,0.0003631642206958219,2.004442935580456
IJH,2021-04-30,51.102725982666016,54.35200119018555,54.869998931884766,54.27000045776367,54.7239990234375,7299500,57.12630367492111,54.937199401855466,53.91529998779297,0.76820668241281,0.7555416966002366,0.01266498581257336,77.88588242625603,87.56019446996122,-0.013933318194716215,1.9765143943558623
IJH,2021-05-03,51.40924835205078,54.678001403808594,55.03799819946289,54.529998779296875,54.827999114990234,5204000,59.4916226250958,54.873600006103516,53.99099998474121,0.7353762422132561,0.7515086057228406,-0.01613236350958447,69.59680608975275,79.52497905023132,0.005998160831747645,1.988369845579473
IJH,2021-05-04,51.2437629699707,54.50199890136719,54.52799987792969,53.900001525878906,54.38199996948242,7549000,57.64265873574093,54.75039978027344,54.05590000152588,0.6872339456545973,0.738653673709192,-0.051419728054594716,61.85827071045202,69.78031974215365,-0.003218980774564839,1.981969321273828
IJH,2021-05-05,51.144100189208984,54.395999908447266,54.779998779296875,54.03200149536133,54.779998779296875,4511000,56.50367662623791,54.60960006713867,54.13759994506836,0.6332281361446022,0.7175685661962741,-0.08434043005167191,62.40921831740769,64.62143170587086,-0.001944876312462096,1.978114636088856
IJH,2021-05-06,51.41864013671875,54.6879997253418,54.70000076293945,53.874000549316406,54.45800018310547,5176500,58.91220232806973,54.52320022583008,54.220899963378905,0.6069930498574934,0.695453462928518,-0.08846041307102459,62.53441631271122,62.26730178019036,0.0053679690618095854,1.9887330942560937
IJH,2021-05-07,51.971492767333984,55.2760009765625,55.32400131225586,54.433998107910156,54.619998931884766,5710000,63.31716274216919,54.70800018310547,54.323299980163576,0.6264272780791273,0.6816482259586398,-0.05522094787951248,72.22639389649022,65.72334284220308,0.010751988561837456,2.010115929738083
IJH,2021-05-10,51.36786651611328,54.63399887084961,55.49599838256836,54.608001708984375,55.34000015258789,5380000,56.22901867196611,54.69919967651367,54.383399963378906,0.5833009096707755,0.6619787627010669,-0.0786778530302914,74.65162428047168,69.80414482989109,-0.011614564429061502,1.986769308762257
IJH,2021-05-11,50.880836486816406,54.11600112915039,54.4119987487793,53.52000045776367,53.71200180053711,21074500,51.24438263417684,54.62200012207031,54.42919998168945,0.5015433834070819,0.6298916868422699,-0.128348303435188,61.71529095667577,69.53110304454593,-0.00948121972603444,1.9679323124009407
IJH,2021-05-12,49.29751968383789,52.43199920654297,54.099998474121094,52.42599868774414,53.77799987792969,8335000,39.106961463583204,54.229199981689455,54.3757999420166,0.29743641164311896,0.5634006318024397,-0.26596422015932075,31.576954605695324,55.9812899476143,-0.03111813626312465,1.9066939265470422
IJH,2021-05-13,50.265933990478516,53.46200180053711,53.689998626708984,52.540000915527344,52.625999450683594,11008500,47.32495001940293,53.98400039672852,54.35500011444092,0.21629940238435097,0.493980385918822,-0.277680983534471,21.107962913098476,38.13340282515656,0.019644280540915604,1.9441495569457923
IJH,2021-05-14,51.08015823364258,54.327999114990234,54.42399978637695,53.66600036621094,53.87799835205078,6207000,53.060784654492394,53.79440002441406,54.35780010223389,0.21934797688290075,0.43905390411163775,-0.219705927228737,31.655934249434235,28.11361725607605,0.016198331126569654,1.975641535228774
IJH,2021-05-17,51.040672302246094,54.2859992980957,54.34400177001953,53.71799850463867,54.130001068115234,4654500,52.760717888929136,53.72480010986328,54.37280006408692,0.21588635638865838,0.3944203945670419,-0.17853403817838354,51.59140438591415,34.785100516148994,-0.0007730189717869429,1.9741143268405918
IJH,2021-05-18,50.50662612915039,53.71799850463867,54.40800094604492,53.6879997253418,54.305999755859375,6822500,48.74587693557465,53.645199584960935,54.398799896240234,0.16540341257592672,0.3486169981688189,-0.1832135855928922,54.34405508582855,45.863797907059016,-0.010463149269140826,1.9534588739645093
IJH,2021-05-19,50.17003631591797,53.36000061035156,53.38600158691406,52.53200149536133,52.9119987487793,5561000,46.35178760941295,53.83079986572265,54.360899925231934,0.09540807286412445,0.29797521310788,-0.20256714024375555,44.033625494777205,49.98969498884001,-0.006664270394378113,1.9404404958241124
IJH,2021-05-20,50.405086517333984,53.61000061035156,53.74399948120117,53.15599822998047,53.45399856567383,4534500,48.26274101901529,53.860399627685545,54.34769992828369,0.05942416770115955,0.2502650040265359,-0.19084083632537635,36.88924759965986,45.08897606008858,0.004685071382765527,1.9495315980610572
IJH,2021-05-21,50.4821891784668,53.69200134277344,54.18600082397461,53.5359992980957,54.01599884033203,6580500,48.905621690602736,53.73320007324219,54.293199920654295,0.03709581988688626,0.20763116719860597,-0.1705353473117197,36.742745240325924,39.22187277825437,0.0015296603271635068,1.952513719203163
IJH,2021-05-24,50.74168395996094,53.96799850463867,54.17399978637695,53.73400115966797,54.02000045776367,4421500,51.107730224649146,53.66959991455078,54.241799926757814,0.04119622331637629,0.17434417842216005,-0.13314795510578376,43.344243120083014,38.99207865335631,0.005140323462929919,1.9625502712856755
IJH,2021-05-25,50.369354248046875,53.571998596191406,54.38399887084961,53.53200149536133,54.194000244140625,4117000,47.91672248171733,53.64039993286133,54.164499855041505,0.012349581189091907,0.14194525897554644,-0.12959567778645453,42.9316262043634,41.00620485492415,-0.007337748431996416,1.9481495711098349
IJH,2021-05-26,50.875205993652344,54.11000061035156,54.124000549316406,53.69200134277344,53.762001037597656,3198500,52.276341082503535,53.79039993286133,54.11499996185303,0.03252573927093039,0.12006135503462323,-0.08753561576369284,47.47016376277466,44.582011029073726,0.010042847544051714,1.9677145402455007
IJH,2021-05-27,51.170433044433594,54.42399978637695,54.59000015258789,54.34000015258789,54.41600036621094,4635500,54.66165292312324,53.953199768066405,54.080200004577634,0.07301097415449931,0.11065127885859845,-0.03764030470409914,52.42131823690554,47.60770273468123,0.005802965216850087,1.9791331192792356
IJH,2021-05-28,51.24563980102539,54.50400161743164,54.70800018310547,54.22800064086914,54.70800018310547,4239500,55.27501613644548,54.11559982299805,54.08780002593994,0.1102800538294133,0.11057703385276142,-0.00029698002334811735,70.3318352450086,56.74110574822964,0.0014697307041839913,1.9820419119923078
IJH,2021-06-01,51.52583312988281,54.801998138427734,54.94200134277344,54.53200149536133,54.90599822998047,5877000,57.577236790089245,54.28239974975586,54.0939998626709,0.1619945247216492,0.12086053202653899,0.04113399269511023,83.52583601903827,68.75966316698418,0.00546765207626132,1.9928790275676496
IJH,2021-06-02,51.2437629699707,54.50199890136719,54.94200134277344,54.40599822998047,54.94200134277344,5363500,54.533853975952105,54.46839981079101,54.0939998626709,0.17673390580080195,0.13203520678139158,0.04469869901941037,89.0795562356302,80.97907583322574,-0.005474344474956538,1.9819693212738279
IJH,2021-06-03,50.96733856201172,54.20800018310547,54.35200119018555,53.79999923706055,54.18600082397461,6924000,51.652434225484406,54.487999725341794,54.08459987640381,0.16281490312911018,0.1381911460509353,0.02462375707817488,81.90721504780518,84.83753576749126,-0.0053943034613006535,1.9712779773038887
IJH,2021-06-04,51.26820373535156,54.52799987792969,54.58599853515625,54.1879997253418,54.50600051879883,4332500,54.47215584537316,54.50879974365235,54.0765998840332,0.17558130229676294,0.14566917730010084,0.0299121249966621,78.03588981380791,83.00755369908114,0.005903097588150219,1.982914623577285
IJH,2021-06-07,51.18546676635742,54.439998626708984,54.68199920654297,54.33599853515625,54.61800003051758,19823000,53.54725997481062,54.49599914550781,54.03479976654053,0.17656249753248687,0.15184784134657806,0.024714656185908818,77.17834792468318,79.0404842620988,-0.0016138066670178253,1.9797145827376288
IJH,2021-06-08,51.646175384521484,54.93000030517578,55.013999938964844,54.25,54.56399917602539,4863500,57.83979990804398,54.52159957885742,54.04959983825684,0.21440758498765433,0.16435979007479332,0.050047794912861016,86.2023901811606,80.4722093065506,0.009000770087083998,1.9975335385348976
IJH,2021-06-09,51.31146240234375,54.57400131225586,55.0260009765625,54.571998596191406,54.99399948120117,5502500,53.93993710494165,54.53600006103515,54.07249984741211,0.21321612318840266,0.1741310566975152,0.03908506649088747,83.87152870263881,82.41742226949424,-0.006480886138919173,1.9845877511129806
IJH,2021-06-10,51.311073303222656,54.42599868774414,54.84600067138672,54.25,54.7400016784668,5362000,52.359336965013526,54.57959976196289,54.17219982147217,0.19804635118305214,0.17891411559462259,0.019132235588429553,77.4279219760619,82.50061361995381,-7.583083834972193e-06,1.984572701817686
IJH,2021-06-11,51.69572830200195,54.83399963378906,54.847999572753906,54.5260009765625,54.65399932861328,4168000,56.17209082996916,54.64079971313477,54.24079971313476,0.2164513477159815,0.1864215620188944,0.030029785697087114,74.27220692612858,78.52388586827647,0.007496529969392318,1.9994501105533002
IJH,2021-06-14,51.24885559082031,54.36000061035156,54.93600082397461,54.16999816894531,54.91400146484375,4965000,51.05952724406139,54.62480010986328,54.24239978790283,0.19059264685968458,0.18725577898705242,0.0033368678726321543,67.46977902494531,73.05663597571196,-0.00864428698191555,1.9821662899916548
IJH,2021-06-15,51.199825286865234,54.30799865722656,54.4739990234375,53.9119987487793,54.422000885009766,4531000,50.51630616774614,54.50039978027344,54.243499755859375,0.16401268101803623,0.18260715939324917,-0.01859447837521294,62.915623232398694,68.21920306115757,-0.0009567102209373513,1.9802699312424223
IJH,2021-06-16,50.84912872314453,53.93600082397461,54.31399917602539,53.652000427246094,54.237998962402344,5149000,46.689597578150476,54.372799682617185,54.25439987182617,0.11164379024429394,0.16841448556345812,-0.05677069531916418,40.75598938179987,57.04713054638133,-0.006849565633394228,1.9667059423765403
IJH,2021-06-17,50.04399871826172,53.082000732421875,53.965999603271484,52.63399887084961,53.8380012512207,6000500,39.324775681358055,54.104000091552734,54.240499877929686,0.001216375180959517,0.1349748634869584,-0.13375848830599887,28.52515990597136,44.06559084005668,-0.015833703056476356,1.9355657044855425
IJH,2021-06-18,49.06351852416992,52.04199981689453,52.73400115966797,52.01599884033203,52.41400146484375,7718500,32.58403693723224,53.54560012817383,54.162099838256836,-0.16827772817489972,0.07432434515458677,-0.2426020733294865,13.420858672952235,27.56733598690786,-0.019592363104549593,1.8976433983905485
IJH,2021-06-21,50.21935272216797,53.268001556396484,53.31999969482422,52.38600158691406,52.41999816894531,5486000,44.63264930991659,53.32720031738281,54.14089984893799,-0.20135385012392248,0.01918870609888492,-0.2205425562228074,20.39590754448601,20.780642041136574,0.02355791497971449,1.9423479202316496
IJH,2021-06-22,50.277809143066406,53.33000183105469,53.470001220703125,52.86399841308594,53.237998962402344,3926500,45.16636325528807,53.13160095214844,54.109000015258786,-0.22002766905570326,-0.028654568932032717,-0.19137310012367054,28.704372577795663,20.840379598411342,0.001164021790998282,1.9446088555364995
IJH,2021-06-23,50.313629150390625,53.36800003051758,53.624000549316406,53.32400131225586,53.34400177001953,3897000,45.51302156921868,53.018000793457034,54.098800086975096,-0.22911952075101993,-0.06874755929583017,-0.16037196145518978,43.38874990389332,30.8296766753917,0.0007124416901758135,1.9459942759562687
IJH,2021-06-24,50.79255676269531,53.875999450683594,53.91400146484375,53.42599868774414,53.72600173950195,4309000,50.058705611136645,53.17680053710937,54.0871000289917,-0.19310754744207514,-0.09361955692507917,-0.09948799051699597,50.121833655660204,40.73831871244977,0.009518844503805246,1.9645178928743916
IJH,2021-06-25,51.256404876708984,54.36800003051758,54.43199920654297,53.928001403808594,54.05799865722656,4544500,54.05647650189982,53.64200057983398,54.08430004119873,-0.12344447312561613,-0.09958454016518656,-0.02385993296042957,61.61682216933185,51.70913524296183,0.009132206440813473,1.9824582758287925
IJH,2021-06-28,50.72844314575195,53.80799865722656,54.41600036621094,53.54600143432617,54.41600036621094,4672000,49.22629532898905,53.75,54.049499893188475,-0.11213084099632198,-0.10209380033141364,-0.010037040664908334,66.48945023618997,59.40936868706071,-0.010300405036736016,1.9620381526193267
IJH,2021-06-29,50.67942428588867,53.75600051879883,54.172000885009766,53.63999938964844,53.9739990234375,5303000,48.79034902632942,53.83519973754883,53.99720001220703,-0.10613703950468789,-0.1029024481660685,-0.0032345913386193914,65.75447081681897,64.6202477407803,-0.0009662993150103549,1.9601422364964265
IJH,2021-06-30,50.67000198364258,53.74599838256836,53.875999450683594,53.58599853515625,53.63800048828125,9649500,48.70100543082694,53.91079940795898,53.95939998626709,-0.10102939348256967,-0.10252783722936874,0.0014984437467990691,59.45680429996125,63.90024178432344,-0.00018591967803227583,1.9597778074829195
IJH,2021-07-01,51.124412536621094,54.22800064086914,54.36199951171875,53.90999984741211,54.04199981689453,8233000,53.15297800912831,53.98119964599609,53.96040000915527,-0.05742602179471845,-0.09350747414243869,0.03608145234772024,64.86300412431198,63.35809308036411,0.008968038981431503,1.9773531712553707
IJH,2021-07-02,50.96037292480469,54.05400085449219,54.38399887084961,53.86600112915039,54.35200119018555,3375000,51.41819646883887,53.918399810791016,53.9367000579834,-0.036489733239783106,-0.08210392596190758,0.04561419272212447,72.63765579663692,65.65248807363675,-0.0032086356336887834,1.9710085654096932
IJH,2021-07-06,50.39470672607422,53.45399856567383,54.06999969482422,52.99399948120117,54.06399917602539,5994000,45.85992897509578,53.847599792480466,53.88740005493164,-0.0675342511923347,-0.07918999100799301,0.011655739815658317,72.72876504390132,70.07647498828345,-0.011100118901506972,1.9491301359777569
IJH,2021-07-07,50.45881652832031,53.52199935913086,53.7239990234375,52.9900016784668,53.41600036621094,5159000,46.564938002935946,53.80079956054688,53.817000007629396,-0.0856626934014102,-0.08048453148667645,-0.005178161914733748,68.2557697948521,71.20739687846348,0.0012721534941073642,1.951609728690711
IJH,2021-07-08,49.830936431884766,52.85599899291992,53.34400177001953,52.220001220703125,52.59600067138672,7128000,40.94169505307318,53.622799682617185,53.731099891662595,-0.15201791017575772,-0.0947912072244927,-0.057226702951265015,52.20750307891493,64.39734597255615,-0.012443417020752912,1.927325034974854
IJH,2021-07-09,50.88117980957031,53.970001220703125,54.02199935913086,53.31800079345703,53.375999450683594,7540000,51.493445674569756,53.57119979858398,53.708300018310545,-0.11340694320799116,-0.0985143544211924,-0.014892588786798763,58.73888605532193,59.734052976363024,0.021076131674168996,1.9679455911909065
IJH,2021-07-12,51.01881790161133,54.11600112915039,54.194000244140625,53.59600067138672,53.78200149536133,5017000,52.686552532287585,53.58359985351562,53.672400093078615,-0.07021708245160596,-0.09285490002727512,0.022637817575669156,66.5321895594668,59.15952623123459,0.0027050884542407783,1.973269058088211
IJH,2021-07-13,50.243865966796875,53.29399871826172,53.981998443603516,53.28200149536133,53.869998931884766,4785000,45.84881778405651,53.5515998840332,53.61909999847412,-0.1011515196797248,-0.09451422395776506,-0.006637295721959743,71.12721072715,65.46609544731295,-0.01518953136681711,1.9432960258352105
IJH,2021-07-14,49.95538330078125,52.987998962402344,53.86000061035156,52.90999984741211,53.577999114990234,4389500,43.58132670854849,53.4447998046875,53.55310001373291,-0.14864541518706176,-0.1053404622036244,-0.04330495298343735,56.32909209432586,64.66283079364759,-0.005741649462369547,1.932138301253249
IJH,2021-07-15,49.82527160644531,52.849998474121094,53.05400085449219,52.43600082397461,52.74800109863281,5080500,42.55908418023622,53.443599700927734,53.498799896240236,-0.19517035329430854,-0.12330644042176125,-0.07186391287254729,37.25127702798249,54.90252661648615,-0.0026045580223563736,1.9271059349404178
IJH,2021-07-16,49.20493698120117,52.19200134277344,53.21200180053711,52.1619987487793,53.21200180053711,5687500,37.98415826788893,53.087999725341795,53.45429992675781,-0.2818871517104071,-0.15502258267949043,-0.1268645690309167,21.510545304356217,38.36363814222155,-0.012450200575803705,1.9031130795195879
IJH,2021-07-19,48.35267639160156,51.28799819946289,51.7400016784668,50.847999572753906,51.28200149536133,10734500,32.77191957825012,52.5223991394043,53.41659984588623,-0.4187294849590657,-0.2077639631354055,-0.2109655218236602,14.085132756490884,24.28231836294323,-0.017320631665989517,1.8701499588505022
IJH,2021-07-20,49.72345733642578,52.742000579833984,53.0,51.29800033569336,51.45000076293945,7140000,45.68239563425085,52.41199951171875,53.390299797058105,-0.40518149935552117,-0.24724747037942862,-0.15793402897609254,22.445957124841755,19.347211728562986,0.028349639505421687,1.9231680360049932
IJH,2021-07-21,50.332489013671875,53.38800048828125,53.604000091552734,53.013999938964844,53.013999938964844,7735500,50.25335503727894,52.491999816894534,53.39319972991943,-0.33841677150674343,-0.2654813306048916,-0.07293544090185183,45.946469804083144,27.492519895138628,0.012248377523819798,1.9467237241517255
IJH,2021-07-22,49.84036636352539,52.86600112915039,53.301998138427734,52.604000091552734,53.29600143432617,5407000,46.82440453114963,52.49520034790039,53.368099784851076,-0.32389259717974994,-0.2771635839198633,-0.046729013259886654,60.82206598550139,43.07149763814213,-0.009777435207164231,1.9276897590725826
IJH,2021-07-23,50.26837921142578,53.31999969482422,53.36600112915039,52.821998596191406,53.150001525878906,3477500,50.01868487104956,52.72080001831055,53.34029979705811,-0.27260576479368126,-0.2762520200946269,0.0036462553009456444,67.59401935586546,58.120851715150025,0.008587674592489103,1.9442441314387715
IJH,2021-07-26,50.34568405151367,53.402000427246094,53.709999084472656,53.23400115966797,53.36800003051758,4119500,50.59594452063806,53.14360046386719,53.29199981689453,-0.22277578623767624,-0.2655567733232368,0.04278098708556055,69.09313171926408,65.83640568687701,0.0015378423036627176,1.947234072312746
IJH,2021-07-27,50.034568786621094,53.071998596191406,53.18600082397461,52.71799850463867,53.12799835205078,4437000,48.18409329639403,53.20960006713867,53.25519981384277,-0.20752138174104573,-0.2539496950067986,0.04642831326575286,72.22552844453259,69.6375598398874,-0.006179581641481802,1.9352009803878143
IJH,2021-07-28,50.4097900390625,53.470001220703125,53.76599884033203,52.7760009765625,53.2760009765625,4718000,51.20517742864486,53.226000213623045,53.240899848937985,-0.16145551208330744,-0.2354508584221004,0.07399534633879296,73.71986492371745,71.67950836250473,0.007499240256103379,1.9497135174835893
IJH,2021-07-29,50.93021011352539,54.02199935913086,54.34000015258789,53.768001556396484,53.82400131225586,5179500,55.11400849457218,53.45719985961914,53.254699897766116,-0.0794900303733641,-0.20425869281235315,0.12476866243898904,78.57436264174429,74.83991866999814,0.010323789765036118,1.969841949940139
IJH,2021-07-30,50.85478973388672,53.94200134277344,54.43000030517578,53.736000061035156,53.79800033569336,3687500,54.43345023465734,53.581600189208984,53.24039993286133,-0.02074779922316594,-0.16755651409451572,0.14680871487134978,85.2106881619975,79.16830524248644,-0.0014808574217651804,1.9669248948688658
IJH,2021-08-02,50.66056442260742,53.736000061035156,54.76599884033203,53.68199920654297,54.220001220703125,6751500,52.63117239604111,53.648400115966794,53.22449989318848,0.009078607826765506,-0.1322294897102595,0.141308097537025,83.6603035766219,82.4817847934546,-0.0038192137317967223,1.9594127883009698
IJH,2021-08-03,50.95659637451172,54.04999923706055,54.066001892089844,53.29999923706055,53.89400100708008,8363000,55.072955043964704,53.844000244140624,53.25429992675781,0.05739178285848823,-0.09430523519650996,0.1516970180549982,80.60427931528996,83.15842368463649,0.0058434396710391745,1.9708624987200691
IJH,2021-08-04,50.43995666503906,53.50199890136719,54.108001708984375,53.50199890136719,53.75199890136719,4995000,50.20855698529038,53.850399780273435,53.25329990386963,0.05087482161311385,-0.06526922383458521,0.11614404544769906,74.39170593657097,79.55209627616098,-0.010138819038766789,1.9508802804952545
IJH,2021-08-05,50.91699981689453,54.007999420166016,54.104000091552734,53.652000427246094,53.694000244140625,4350500,54.22867695448997,53.847599792480466,53.310899925231936,0.08555388399897623,-0.03510460226787292,0.12065848626684915,76.70580675312533,77.2339306683288,0.009457643967131224,1.9693310116106757
IJH,2021-08-06,51.154571533203125,54.2599983215332,54.54999923706055,54.06800079345703,54.33000183105469,4947500,56.12844130575132,53.91119918823242,53.325399780273436,0.13185159299725768,-0.001713363214846799,0.13356495621210449,77.93382670431669,76.34377979800436,0.004665862426359357,1.9785196391828141
IJH,2021-08-09,51.00562286376953,54.10200119018555,54.29800033569336,53.80400085449219,54.189998626708984,3908500,54.598337400425535,53.9843994140625,53.324699783325194,0.1540183848058163,0.029432986389285824,0.12458539841653049,78.4502099711936,77.6966144762119,-0.002911737210757659,1.9727587099271908
IJH,2021-08-10,51.190399169921875,54.29800033569336,54.46200180053711,53.95399856567383,54.15999984741211,4212500,56.193716898333804,54.033999633789065,53.37489986419678,0.1852655935874381,0.06059950782891628,0.12466608575852182,77.68355242772765,78.02252970107935,0.0036226654195727903,1.979905354686805
IJH,2021-08-11,51.60521697998047,54.737998962402344,54.742000579833984,54.0620002746582,54.369998931884766,11755000,59.62376270776104,54.2811996459961,53.462399864196776,0.24273534170267652,0.09702667460366833,0.1457086670990082,82.09134643927236,79.40836961273124,0.008103429877185375,1.9959493788919733
IJH,2021-08-12,51.5203742980957,54.64799880981445,54.79199981689453,54.37200164794922,54.72999954223633,3541500,58.61280582207687,54.40919952392578,53.552299880981444,0.27781578356141523,0.1331844963952177,0.14463128716619753,90.01436751688033,83.26308879462681,-0.0016440717983547959,1.9926678948071932
IJH,2021-08-13,51.4449577331543,54.56800079345703,54.757999420166016,54.45800018310547,54.672000885009766,3397500,57.67668012895964,54.47080001831055,53.67109985351563,0.29575286025344383,0.16569816916686295,0.13005469108658088,93.62977920025918,88.57849771880399,-0.0014638202064497507,1.9897509872780308
IJH,2021-08-16,51.31484603881836,54.43000030517578,54.50600051879883,53.95000076293945,54.36399841308594,3607500,56.01468539780328,54.536399841308594,53.82819995880127,0.2954271365423793,0.1916439626419662,0.10378317390041308,88.10006120036819,90.58140263916926,-0.0025291437697515518,1.9847186209651995
IJH,2021-08-17,50.681312561035156,53.757999420166016,54.007999420166016,53.215999603271484,53.96200180053711,5811000,48.6613048208526,54.428399658203126,53.878999900817874,0.2381983406820254,0.20095483824997806,0.037243502432047326,68.54472651350954,83.42485563804567,-0.012346007572622386,1.9602152698412385
IJH,2021-08-18,50.208045959472656,53.25600051879883,53.992000579833984,53.2400016784668,53.698001861572266,3535500,44.01310533090235,54.13199996948242,53.87239990234375,0.15060095759768188,0.19088406211951883,-0.04028310452183695,39.65754672095889,65.43411147827891,-0.00933808888616583,1.9419106054154416
IJH,2021-08-19,49.785682678222656,52.80799865722656,53.21799850463867,52.5,52.784000396728516,5178000,40.312268153962556,53.763999938964844,53.86949977874756,0.04451623878683364,0.1616104974529818,-0.11709425866614817,16.7889877805077,41.663753671658746,-0.008412262878960242,1.925574742915246
IJH,2021-08-20,50.39848709106445,53.45800018310547,53.481998443603516,52.7400016784668,52.83000183105469,4714000,47.243538899231176,53.54199981689453,53.87639980316162,0.012746096611557789,0.131837617284697,-0.11909152067313922,19.257894908135516,25.234809803200733,0.012308848244634962,1.9492763502094919
IJH,2021-08-23,50.8359260559082,53.922000885009766,54.00400161743164,53.69599914550781,53.74599838256836,3072000,51.56724262678773,53.440399932861325,53.9023998260498,0.024724005924014136,0.11041489501256044,-0.0856908890885463,39.0924947656091,25.04645915141747,0.00867960508523491,1.9661952991312983
IJH,2021-08-24,51.32992935180664,54.44599914550781,54.54999923706055,54.06800079345703,54.09600067138672,4016500,55.95711525869343,53.577999877929685,53.971099853515625,0.07562708379061434,0.10345733276817123,-0.0278302489775569,62.91449329875913,40.42162765750128,0.00971760198398175,1.9853020024710322
IJH,2021-08-25,51.614662170410156,54.74800109863281,55.01599884033203,54.375999450683594,54.4739990234375,5428000,58.30287447637222,53.876399993896484,54.03499984741211,0.13873788939076093,0.11051344409268918,0.02822444529807175,78.7647227994396,60.25723695460264,0.005547111055852039,1.9963146931581444
IJH,2021-08-26,51.14891815185547,54.25400161743164,54.76599884033203,54.198001861572266,54.736000061035156,5907500,53.30192998855677,54.1656005859375,54.04659996032715,0.1471952526638205,0.11784980580691545,0.029345446856905044,81.32205596961306,74.3337573559373,-0.009023482843247055,1.97830098177471
IJH,2021-08-27,52.14448165893555,55.310001373291016,55.39400100708008,54.35200119018555,54.375999450683594,7086000,61.002469912400265,54.53600082397461,54.11499996185303,0.2363832499672327,0.1415564946389789,0.0948267553282538,85.38654703184578,81.82444193363285,0.01946401885029836,2.0168066693755367
IJH,2021-08-30,52.01061248779297,55.167999267578125,55.444000244140625,55.04199981689453,55.39400100708008,4484000,59.57969509004819,54.78520050048828,54.18659992218018,0.29223825651597224,0.1716928470143776,0.12054540950159465,85.81211738419626,84.17357346188506,-0.0025672739834329272,2.0116289740836346
IJH,2021-08-31,51.86542892456055,55.013999938964844,55.242000579833984,54.84000015258789,55.19599914550781,3331500,57.999815140079285,54.898800659179685,54.23479995727539,0.3203841043042033,0.20143109847234272,0.11895300583186055,91.03881228007067,87.41249223203761,-0.0027914219096438764,2.006013668891303
IJH,2021-09-01,52.012489318847656,55.16999816894531,55.349998474121094,54.68600082397461,55.172000885009766,4328000,59.18061896922506,54.98320007324219,54.318199920654294,0.3512288967942325,0.23139065813672072,0.11983823865751181,88.90394841866295,88.58495936097665,0.002835422309936275,2.0117015648021144
IJH,2021-09-02,52.236873626708984,55.40800094604492,55.5620002746582,55.1619987487793,55.310001373291016,6462500,60.98292405077099,55.21399993896485,54.388199996948245,0.3903784127667933,0.26318820906273527,0.12719020370405804,90.35250249115641,90.09842106329671,0.0043140466991649085,2.020380139297454
IJH,2021-09-03,51.98421859741211,55.13999938964844,55.36199951171875,55.0260009765625,55.28200149536133,5239000,57.883664929416,55.17999954223633,54.432200050354005,0.3952233120895414,0.28959522966809653,0.10562808242144489,90.62720842965375,89.96121977982439,-0.004836718045233335,2.0106081302194827
IJH,2021-09-07,51.388397216796875,54.507999420166016,55.12200164794922,54.49800109863281,55.12200164794922,5724500,51.26682686718373,55.04799957275391,54.45249996185303,0.344099252032251,0.30049603414092746,0.04360321789132354,82.25559632151256,87.74510241410762,-0.011461581931807574,1.9875633804022137
IJH,2021-09-08,51.216800689697266,54.32600021362305,54.566001892089844,54.0,54.400001525878906,4961000,49.51157927825858,54.91039962768555,54.45389995574951,0.2856049748040874,0.2975178222735595,-0.011912847469472077,70.4767955881406,81.119866779769,-0.003339207610925876,1.9809264936351771
IJH,2021-09-09,51.10743713378906,54.209999084472656,54.6879997253418,54.13199996948242,54.27000045776367,5030500,48.37474274602385,54.71839981079101,54.42749996185303,0.22726771624803632,0.28346780106845487,-0.05620008482041855,59.100968720378226,70.6111202100105,-0.0021353062751965357,1.9766966088626148
IJH,2021-09-10,50.62852096557617,53.70199966430664,54.518001556396484,53.67399978637695,54.487998962402344,4314500,43.64820320253629,54.37719955444336,54.38020000457764,0.13844777114103834,0.25446379508297157,-0.11601602394193322,37.73597380613858,55.77124603821917,-0.00937077253471319,1.9581734345708244
IJH,2021-09-13,50.92454528808594,54.01599884033203,54.178001403808594,53.65800094604492,54.066001892089844,4196000,47.089457872754544,54.15239944458008,54.352599906921384,0.09233011000065261,0.2220370580665078,-0.1297069480658552,24.125370279735694,40.320770935417535,0.00584698736727951,1.9696228499057022
IJH,2021-09-14,50.38528060913086,53.444000244140625,54.220001220703125,53.301998138427734,54.20399856567383,4144500,42.051633179476426,53.939599609375,54.30329990386963,0.009516326675957032,0.17953291178839767,-0.17001658511244064,8.85624470577518,23.57252959721652,-0.010589484420614803,1.948765559422139
IJH,2021-09-15,50.93963623046875,54.03200149536133,54.051998138427734,53.349998474121094,53.512001037597656,4969000,48.18808053402831,53.88079986572266,54.317000007629396,-0.008568632545738808,0.1419126029215704,-0.1504812354673092,19.128897693204657,17.37017089290521,0.011002332717730878,1.9702065264957562
IJH,2021-09-16,50.85478973388672,53.94200134277344,54.220001220703125,53.652000427246094,54.02199935913086,3638500,47.361376967175644,53.82720031738281,54.35130004882812,-0.029819611258687928,0.10756616008551874,-0.13738577134420665,22.300991707823687,16.762044702267875,-0.0016656282388464172,1.9669248948688653
IJH,2021-09-17,50.45504379272461,53.518001556396484,54.04800033569336,53.37799835205078,53.880001068115234,4098500,43.569133738703194,53.790400695800784,54.38680019378662,-0.07995275860791651,0.0700623763468317,-0.15001513495474822,23.39245545866905,21.60744828656583,-0.00786053670173259,1.951463809543197
IJH,2021-09-20,49.66123580932617,52.67599868774414,52.827999114990234,52.00400161743164,52.49399948120117,8023000,37.19916035009022,53.5224006652832,54.347700119018555,-0.1854880429636765,0.018952292484730057,-0.20444033544840656,18.92110112648714,21.53818276432666,-0.015732975808315564,1.9207614766368506
IJH,2021-09-21,49.61787033081055,52.630001068115234,53.10200119018555,52.321998596191406,53.03799819946289,5566000,36.88192705138589,53.35960083007812,54.28310012817383,-0.2697278844895692,-0.038783742910129794,-0.2309441415794394,15.346249837143043,19.219935474099778,-0.0008732259237793638,1.9190842179220546
IJH,2021-09-22,50.26459884643555,53.316001892089844,53.70399856567383,52.902000427246094,52.90399932861328,4031500,44.485627946719056,53.216400909423825,54.22660026550293,-0.27793022582966387,-0.08661303949403662,-0.19131718633562725,24.451918499680463,19.573089821103583,0.013034185290766276,1.944097917207036
IJH,2021-09-23,50.9754524230957,54.06999969482422,54.34600067138672,53.513999938964844,53.58399963378906,3655500,51.41373981514041,53.242000579833984,54.1927001953125,-0.22104129274887896,-0.11349869014500509,-0.10754260260387387,38.66450465148605,26.154224329436556,0.014142231172119768,1.9715917993734144
IJH,2021-09-24,50.867401123046875,53.7599983215332,53.97200012207031,53.481998443603516,53.66999816894531,3576000,48.72153178874807,53.29039993286133,54.168000030517575,-0.1986806565207857,-0.13053508342016124,-0.06814557310062447,51.57247171317342,38.22963162144668,-0.002119673193913041,1.9674126690869438
IJH,2021-09-27,51.34806442260742,54.268001556396484,54.551998138427734,53.816001892089844,53.832000732421875,3692000,53.05930166983647,53.6088005065918,54.11590003967285,-0.1383729979310928,-0.13210266632234755,-0.0062703316087452665,67.39817195815885,52.54504944093947,0.009449338652034456,1.9860034176654493
IJH,2021-09-28,50.54948425292969,53.42399978637695,54.145999908447266,53.380001068115234,54.00600051879883,5931000,46.08427617898409,53.76760025024414,54.028700065612796,-0.15687428413239957,-0.13705698988435797,-0.0198172942480416,64.52529893775483,61.16531420302906,-0.015552293521820415,1.9551165095785776
IJH,2021-09-29,50.56840133666992,53.444000244140625,53.779998779296875,53.2599983215332,53.608001708984375,4090500,46.26454741733448,53.793199920654295,53.95020008087158,-0.16798637459236687,-0.14324286682595977,-0.024743507766407102,64.59092911123632,65.50480000238338,0.00037422901578154644,1.9558481709056954
IJH,2021-09-30,49.78305435180664,52.61399841308594,53.736000061035156,52.59600067138672,53.70800018310547,8977500,40.250027329362034,53.50199966430664,53.82240009307861,-0.24098902601017613,-0.16279209866280306,-0.07819692734737307,44.45375619376085,57.85666141425071,-0.015530389810717304,1.9254730864009515
IJH,2021-10-01,50.59111022949219,53.46799850463867,53.816001892089844,52.44200134277344,52.83599853515625,6306000,47.77333020296692,53.443599700927734,53.7253999710083,-0.22731315841011934,-0.17569631061226632,-0.05161684779785303,45.97065813099537,51.671781145330876,0.016231544813927634,1.95672648909088
IJH,2021-10-04,50.328060150146484,53.189998626708984,53.74800109863281,52.965999603271484,53.40399932861328,6770500,45.75371527715799,53.22799911499023,53.627899932861325,-0.2361846124225906,-0.1877939709743312,-0.048390641448259386,42.64776482588804,44.35739305021479,-0.005199531659859868,1.9465524277611654
IJH,2021-10-05,50.36591720581055,53.22999954223633,53.74399948120117,53.0,53.349998474121094,6577500,46.106758089447645,53.18919906616211,53.56399993896484,-0.23725266304644776,-0.19768570938875452,-0.03956695365769325,50.7063986593646,46.441607205416034,0.0007522057387294723,1.9480166356680653
IJH,2021-10-06,50.30158233642578,53.1619987487793,53.172000885009766,52.22999954223633,52.7599983215332,6386000,45.56387445029326,53.132798767089845,53.50579986572266,-0.24081028551416495,-0.20631062461383662,-0.03449966090032833,46.703256669990274,46.68580671841434,-0.0012773493059180518,1.945528337970578
IJH,2021-10-07,51.03771209716797,53.939998626708984,54.28799819946289,53.507999420166016,53.512001037597656,5301000,52.460643700743134,53.39799880981445,53.49229984283447,-0.1787906514814992,-0.20080662998736915,0.02201597850586995,56.514887021128544,51.308180783494514,0.014634326129520536,1.9739998341626634
IJH,2021-10-08,50.73114776611328,53.61600112915039,54.119998931884766,53.60200119018555,54.0,2829000,49.64006857314757,53.427599334716795,53.48799991607666,-0.15400822403628922,-0.19144694879715318,0.03743872476086396,60.37284472516566,54.530329472094856,-0.006006623699570168,1.9621427599758343
IJH,2021-10-11,50.45485305786133,53.32400131225586,54.05799865722656,53.316001892089844,53.65399932861328,3753000,47.17816677989534,53.45439987182617,53.45340003967285,-0.15613014548776505,-0.18438358813527556,0.028253442647510507,60.92861203427145,59.27211459352193,-0.005446253838485182,1.95145643243766
IJH,2021-10-12,50.7481803894043,53.63399887084961,53.88800048828125,53.374000549316406,53.44200134277344,3428000,50.012557066698484,53.53519973754883,53.4628999710083,-0.13128420866890167,-0.1737637122420008,0.042479503573099126,55.756603986432204,59.01935358195647,0.005813659415608408,1.9628015355002508
IJH,2021-10-13,50.94877624511719,53.84600067138672,53.96200180053711,53.22999954223633,53.72999954223633,3156000,51.91293682042661,53.672000122070315,53.45359992980957,-0.0934100779711784,-0.15769298538783633,0.06428290741665793,59.058350774932684,58.58118893187881,0.003952769422936209,1.9705600373930685
IJH,2021-10-14,51.8098030090332,54.75600051879883,54.78799819946289,54.27799987792969,54.34000015258789,3043500,59.10053167904972,53.835200500488284,53.49429988861084,0.009920468984077502,-0.12417029451345357,0.13409076349753107,76.26983462762142,63.6949297963288,0.016899851721139836,2.003862209832615
IJH,2021-10-15,51.8590087890625,54.80799865722656,55.38199996948242,54.79199981689453,55.198001861572266,2895000,59.473290422451896,54.07360000610352,53.558799743652344,0.09491239608588842,-0.08035375639358518,0.17526615247947358,83.37789363336162,72.90202634530527,0.0009497387979011673,2.005765355518941
IJH,2021-10-18,51.96687698364258,54.922000885009766,55.02399826049805,54.44200134277344,54.59199905395508,5535500,60.32701018166989,54.3931999206543,53.67109985351563,0.16951408482259467,-0.030380188150349215,0.19989427297294388,88.64817867310974,82.7653023113643,0.0020800280818871197,2.0099374037840967
IJH,2021-10-19,52.112586975097656,55.07600021362305,55.24800109863281,54.89400100708008,55.13399887084961,4408500,61.50665117699811,54.681600189208986,53.793399810791016,0.2383157636387665,0.02335900220747393,0.21495676143129255,85.82910352205913,85.95172527617687,0.0028039012523486395,2.0155730697877092
IJH,2021-10-20,52.53458786010742,55.52199935913086,55.630001068115234,55.04399871826172,55.152000427246094,3659500,64.77346741415009,55.01679992675781,53.903699684143064,0.32508264310916957,0.08370373038781306,0.2413789127213565,90.84049673394081,88.43925964303658,0.008097868662928276,2.0318949157873853
IJH,2021-10-21,52.665164947509766,55.65999984741211,55.715999603271484,55.31399917602539,55.43600082397461,3789500,65.74225607882946,55.19759979248047,53.98319969177246,0.4003663324362279,0.14703625079749605,0.25333008163873183,95.1696497119852,90.61308332266175,0.0024855450993552797,2.0369452822377254
IJH,2021-10-22,52.754112243652344,55.75400161743164,56.082000732421875,55.50600051879883,55.762001037597656,3348000,66.41971600151356,55.386800384521486,54.08289985656738,0.462285417324388,0.21008608410287444,0.25219933322151356,95.56734346499432,93.85916330364016,0.0016889208688746216,2.0403855216336524
IJH,2021-10-25,53.032291412353516,56.04800033569336,56.2400016784668,55.6879997253418,55.84600067138672,3191000,68.51671842438839,55.6120002746582,54.17189979553223,0.5289822001912654,0.27386530732055264,0.25511689287071276,95.03016298726523,95.25571872141495,0.005273127664747079,2.051144734974528
IJH,2021-10-26,52.6878776550293,55.683998107910156,56.21799850463867,55.678001403808594,56.17399978637695,4413500,63.250243090753,55.73359985351563,54.28489971160889,0.5461720124696043,0.328326648350363,0.21784536411924132,89.40834710740766,93.33528451988911,-0.0064944159143760505,2.037823747965021
IJH,2021-10-27,51.860904693603516,54.810001373291016,55.69200134277344,54.79800033569336,55.667999267578125,4028500,52.763360621175686,55.591200256347655,54.3531997680664,0.4836950943993159,0.3594003375601536,0.1242947568391623,76.41059691990077,86.94970233819124,-0.01569569696544504,2.0058386839479745
IJH,2021-10-28,52.68030548095703,55.67599868774414,55.70399856567383,55.03799819946289,55.04800033569336,4629000,59.86417020343035,55.594400024414064,54.506299781799314,0.4983161541080392,0.38718350086973075,0.11113265323830845,71.76074134343146,79.19322845691333,0.01579997094525387,2.037530876875219
IJH,2021-10-29,52.73139190673828,55.72999954223633,55.9739990234375,55.5,55.641998291015625,3578500,60.265284144057716,55.589599609375,54.619399833679196,0.5084003442198579,0.4114268695397562,0.0969734746801017,72.27016993344769,73.48050273226,0.0009697442965610481,2.039506760822136
IJH,2021-11-01,53.817630767822266,56.87799835205078,56.90800094604492,55.902000427246094,55.9640007019043,4409000,67.66387448039666,55.75559921264649,54.80379981994629,0.602085579486733,0.4495586115291516,0.15252696795758142,87.83435365621581,77.28842164436502,0.020599472568543664,2.0815195243950506
IJH,2021-11-02,53.92928695678711,56.99599838256836,57.12799835205078,56.61199951171875,56.928001403808594,4861000,68.316902576825,56.017999267578126,54.99209976196289,0.6780374263099134,0.495254374485304,0.18278305182460935,92.53636940061146,84.21363099675835,0.0020747139435874917,2.0858380819761626
IJH,2021-11-03,54.53484344482422,57.63600158691406,57.83399963378906,56.8120002746582,56.902000427246094,4608500,71.65985823244726,56.58319931030273,55.21579990386963,0.7808713234404436,0.552377764276332,0.22849355916411163,96.23849307700887,92.20307204461209,0.011228713046444128,2.1092593592600184
IJH,2021-11-04,54.355072021484375,57.44599914550781,58.018001556396484,57.305999755859375,57.805999755859375,5064500,69.32138746226137,56.937199401855466,55.39109992980957,0.8373834831491607,0.6093789080508978,0.22800457509826288,91.17853931400839,93.31780059720961,-0.0032964507090174067,2.1023062897496843
IJH,2021-11-05,54.83573913574219,57.95399856567383,58.347999572753906,57.66600036621094,57.880001068115234,4258000,71.9563766929625,57.38199920654297,55.60799980163574,0.9126407303057036,0.670031272501859,0.24260945780384457,89.02285866511663,92.14663035204467,0.008843095894856434,2.1208971858703007
IJH,2021-11-08,54.86412048339844,57.98400115966797,58.40999984741211,57.869998931884766,58.310001373291016,3878500,72.10874388903052,57.6031997680664,55.84099979400635,0.9635958661423487,0.728744191229957,0.23485167491239167,87.0372667698182,89.07955491631445,0.0005175702580755281,2.121994899174143
IJH,2021-11-09,54.80167770385742,57.917999267578125,58.12200164794922,57.7140007019043,57.986000061035156,4595000,71.19236925078611,57.78759994506836,56.055199813842776,0.9872717234414736,0.7804496976722604,0.20682202576921327,87.82870404891287,87.96294316128261,-0.0011381350687998948,2.1195797823635787
IJH,2021-11-10,54.31532287597656,57.40399932861328,58.018001556396484,57.18000030517578,57.72999954223633,4258000,64.3354813368464,57.7411994934082,56.2330997467041,0.9535673803431237,0.8150732342064331,0.13849414613669064,82.2443701876228,85.70344700211798,-0.008874816397210883,2.100768900955862
IJH,2021-11-11,54.606754302978516,57.71200180053711,57.86600112915039,57.40999984741211,57.60599899291992,3462500,66.42246130378,57.79440002441406,56.380899810791014,0.940863976754656,0.8402313827160778,0.10063259403857827,79.73422441519229,83.26909955057602,0.005365547171051643,2.112040675589419
IJH,2021-11-12,54.79789352416992,57.91400146484375,57.97999954223633,57.70800018310547,57.86199951171875,3199000,67.75513434998058,57.786400604248044,56.536199951171874,0.93630300440919,0.8594457070547004,0.07685729735448965,79.69733069726307,80.55864176669276,0.0035002853334020756,2.119433420589733
IJH,2021-11-15,54.913326263427734,58.0359992980957,58.167999267578125,57.891998291015625,58.167999267578125,3495000,68.56656744672132,57.796800231933595,56.69189987182617,0.9317914942052283,0.873914864484806,0.05787662972042229,85.52974168764818,81.65376560003455,0.002106517820924969,2.123898044860469
IJH,2021-11-16,54.9814567565918,58.108001708984375,58.36800003051758,57.917999267578125,57.96799850463867,4457500,69.06141586354622,57.834800720214844,56.843499946594235,0.9233819107920525,0.8838082737462554,0.03957363704579708,88.98586600912466,84.73764613134534,0.0012406914277460768,2.1265331469581343
IJH,2021-11-17,54.5178108215332,57.61800003051758,57.96799850463867,57.332000732421875,57.95399856567383,4643500,61.917608090481906,57.877600860595706,56.948299980163576,0.8671818820773396,0.8804829954124723,-0.01330111333513273,84.49102318459903,86.33554362712398,-0.008432769199099188,2.108600583735602
IJH,2021-11-18,54.45915603637695,57.555999755859375,57.891998291015625,57.13600158691406,57.891998291015625,4225500,61.05699013492198,57.84640045166016,57.04309997558594,0.808322215082228,0.8660508393464235,-0.05772862426419545,76.59213742135319,83.35634220502565,-0.0010758829870894937,2.106331976240994
IJH,2021-11-19,54.20556640625,57.28799819946289,57.555999755859375,57.09000015258789,57.321998596191406,4283000,57.34649796475244,57.72119979858398,57.1197998046875,0.7316164006574795,0.8391639516086347,-0.1075475509511552,58.77657072590106,73.28657711061778,-0.004656510467359487,2.096523819345894
IJH,2021-11-22,54.313438415527344,57.402000427246094,57.96200180053711,57.34000015258789,57.59000015258789,4380500,58.501775553851594,57.594400024414064,57.187499809265134,0.6722759385734207,0.8057863490015919,-0.13351041042817113,46.82245767240973,60.73038860655469,0.001990054092763982,2.1006960151531606
IJH,2021-11-23,54.2547721862793,57.34000015258789,57.67599868774414,56.8380012512207,57.36000061035156,6854500,57.588229720362484,57.440799713134766,57.27029991149902,0.6131769684371164,0.7672644728886968,-0.15408750445158037,35.484074030468484,47.02770080959312,-0.0010801420598567368,2.0984269650322203
IJH,2021-11-24,54.207462310791016,57.290000915527344,57.36600112915039,56.78799819946289,57.007999420166016,4021000,56.817682502077204,57.37519989013672,57.39429988861084,0.5558980416595531,0.7249911866428681,-0.16909314498331496,33.26818428813114,38.52490533033649,-0.0008719947311887077,2.096597147774928
IJH,2021-11-26,52.487274169921875,55.47200012207031,56.06399917602539,55.03200149536133,55.928001403808594,7739500,37.28343101937214,56.95839996337891,57.38409996032715,0.3596606648867251,0.6519250822916395,-0.2922644174049144,25.30293551896869,31.35173127918947,-0.03173341948764685,2.030064950987982
IJH,2021-11-29,52.50620651245117,55.492000579833984,56.242000579833984,55.178001403808594,56.22800064086914,6437500,37.537856552355116,56.59920043945313,57.37220001220703,0.2034102134488478,0.5622221085230812,-0.3588118950742334,19.25465104133029,25.94192361614341,0.00036070348153360854,2.0307972024835426
IJH,2021-11-30,51.13990783691406,54.04800033569336,55.209999084472656,53.944000244140625,55.11199951171875,8777500,28.53676538511405,55.92840042114258,57.23070011138916,-0.03651719918691043,0.4424742469810829,-0.47899144616799333,9.721729304620869,18.09310528830665,-0.02602166041481413,1.9779524873091612
IJH,2021-12-01,50.318603515625,53.18000030517578,55.46200180053711,53.15999984741211,55.04600143432617,9782500,24.70233502386196,55.09640045166016,57.03990020751953,-0.2933205340375551,0.2953152907773553,-0.5886358248149104,5.507932238570773,11.494770861507343,-0.01605994918700704,1.946186670868662
IJH,2021-12-02,51.73978805541992,54.68199920654297,54.85200119018555,53.38399887084961,53.41400146484375,9238000,39.78103652273646,54.57480010986328,56.89220008850098,-0.37135946768283645,0.16198033908531695,-0.5333398067681534,10.653035433410588,8.627565658867443,0.028243719827272473,2.0011542219322487
IJH,2021-12-03,51.04150390625,53.944000244140625,54.95199966430664,53.534000396728516,54.917999267578125,10458500,35.96959863638924,54.26920013427734,56.71710014343262,-0.48714077773693987,0.032156115720865575,-0.5192968934578055,14.887353634436542,10.349440435472667,-0.013496076721883132,1.9741464910207307
IJH,2021-12-06,52.09555435180664,55.05799865722656,55.42399978637695,54.08399963378906,54.4119987487793,6688500,44.59836719844277,54.18239974975586,56.57230014801026,-0.48343519821421665,-0.07096214706615088,-0.41247305114806576,26.907311942316586,17.48256700338794,0.02065085009040213,2.0149142942632934
IJH,2021-12-07,52.98308563232422,55.99599838256836,56.47600173950195,55.624000549316406,55.68600082397461,5115500,50.63115916124262,54.57199935913086,56.472900009155275,-0.40019654445017494,-0.1368090265429557,-0.26338751790721926,36.82756325716024,26.207409611304488,0.01703660305683652,2.049241589288203
IJH,2021-12-08,53.263153076171875,56.29199981689453,56.40399932861328,55.900001525878906,56.13800048828125,6511000,52.392904998090614,55.19439926147461,56.39160003662109,-0.30680778056400726,-0.170808777347166,-0.13599900321684125,53.55057196731061,39.09514905559585,0.005285978355265675,2.0600738359738906
IJH,2021-12-09,52.49106979370117,55.47600173950195,56.17599868774414,55.4640007019043,56.01599884033203,5808500,47.373985291276185,55.3531997680664,56.295200157165525,-0.29523742437039147,-0.1956945067518111,-0.09954291761858036,57.47924387222148,49.285793032230806,-0.014495636061322648,2.03021175538816
IJH,2021-12-10,52.55731201171875,55.54600143432617,55.917999267578125,55.07400131225586,55.854000091552734,5305500,47.8356253299588,55.67360000610351,56.18690013885498,-0.27722378019431204,-0.2120003614403113,-0.06522341875400073,54.380121214432144,55.13664568465477,0.001261971193917688,2.032773824141013
IJH,2021-12-13,51.98304748535156,54.74800109863281,55.301998138427734,54.56800079345703,55.21799850463867,4420500,43.184843695662174,55.61160049438477,56.02860012054443,-0.32360942728894315,-0.23432217461003768,-0.08928725267890547,44.36048851478859,52.0732845338141,-0.010926443997728463,2.0105628347914877
IJH,2021-12-14,51.777957916259766,54.53200149536133,55.099998474121094,54.34000015258789,54.50400161743164,6865000,41.994688970984946,55.31880111694336,55.853400230407715,-0.3734943393501098,-0.2621566075580521,-0.11133773179205769,39.15721245470421,45.96594072797502,-0.00394531638703155,2.002630528292228
IJH,2021-12-15,52.32865905761719,55.11199951171875,55.15399932861328,53.959999084472656,54.650001525878906,7040500,46.276199704938044,55.082801055908206,55.703600120544436,-0.36205396613475926,-0.28213607927339357,-0.0799178868613657,42.21668479999414,41.91146192316234,0.010635821950492286,2.0239301500237645
IJH,2021-12-16,51.6241340637207,54.369998931884766,55.51599884033203,54.1879997253418,55.492000579833984,6503000,42.00461783215516,54.86160049438477,55.54120006561279,-0.4081556690880106,-0.307339997236317,-0.1008156718516936,42.65861803058384,41.34417176176077,-0.013463463551029564,1.9966810402190898
IJH,2021-12-17,51.5291748046875,54.27000045776367,54.84400177001953,53.784000396728516,54.007999420166016,9267500,41.449324678222204,54.60640029907226,55.376900100708006,-0.44760097652726927,-0.33539219309450746,-0.1122087834327618,42.94327424160499,42.606192357394356,-0.0018394353872549507,1.9930082744566497
IJH,2021-12-20,50.693626403808594,53.38999938964844,53.619998931884766,52.65999984741211,53.597999572753906,8208000,36.834506009650696,54.33479995727539,55.182000160217285,-0.5436040692535187,-0.3770345683263097,-0.16656950092720896,29.697906750650674,38.43326634094654,-0.016215054947918528,1.9606915357746788
IJH,2021-12-21,52.02482223510742,54.79199981689453,54.79199981689453,53.81800079345703,53.88600158691406,5785000,46.96536745840345,54.38679962158203,55.051500129699704,-0.5007847594524151,-0.4017846065515308,-0.09900015290088426,36.15800482065769,36.266395270971145,0.026259629182867394,2.012178568446109
IJH,2021-12-22,52.49387741088867,55.2859992980957,55.32400131225586,54.7239990234375,54.7239990234375,4944000,50.00787132420861,54.421599578857425,54.9488000869751,-0.4221225523106966,-0.405852195703364,-0.016270356607332614,47.93847170934203,37.93146109355016,0.00901598805396242,2.030320346381658
IJH,2021-12-23,52.88125991821289,55.694000244140625,55.81800079345703,55.358001708984375,55.54399871826172,4239500,52.43492361745509,54.68639984130859,54.86900005340576,-0.3231350205087793,-0.3893087606644471,0.06617374015566779,68.06425535800086,50.72024396266689,0.007379575036761565,2.0453032477264452
IJH,2021-12-27,53.57820129394531,56.428001403808594,56.45399856567383,55.52799987792969,55.80799865722656,4138500,56.524190373928136,55.11800003051758,54.91680011749268,-0.1833454370379286,-0.34811609593914344,0.16477065890121484,82.35496793429978,66.11923166721427,0.013179364047118503,2.0722590438149857
IJH,2021-12-28,53.57440185546875,56.42399978637695,56.84600067138672,56.28799819946289,56.433998107910156,4737500,56.49567389234857,55.72480010986328,54.96340007781983,-0.07205349426144636,-0.2929035756036041,0.22085008134215772,89.38939880317612,79.93620736515895,-7.091388633440054e-05,2.072112091872697
IJH,2021-12-29,53.88013458251953,56.74599838256836,56.80400085449219,56.36000061035156,56.47800064086914,4601000,58.317948289579334,56.11559982299805,55.098299980163574,0.04164866794351241,-0.2259931268941808,0.26764179483769324,95.42397275631767,89.05611316459789,0.005706694175990457,2.0839370018793866
IJH,2021-12-30,53.69973373413086,56.555999755859375,57.13600158691406,56.534000396728516,56.805999755859375,3420000,56.80593296906252,56.36959991455078,55.267099952697755,0.11510034425900528,-0.1577744326635436,0.2728747769225489,91.52391799745685,92.11242985231691,-0.0033481885260027155,2.0769595879207814
IJH,2021-12-31,53.75670623779297,56.61600112915039,56.91400146484375,56.513999938964844,56.51599884033203,3258000,57.18347110188923,56.55400009155274,55.363800048828125,0.17612270340963931,-0.09099500544890701,0.26711770885854635,91.01182497455919,92.65323857611126,0.0010609457384682663,2.0791631293445567
IJH,2022-01-03,53.927616119384766,56.79600143432617,57.16600036621094,56.374000549316406,56.78799819946289,8207000,58.35931935881774,56.62760009765625,55.5064001083374,0.23628414642305273,-0.025539175074515065,0.2618233214975678,89.07106511879071,90.53560269693561,0.0031793220521318943,2.0857734585316616
IJH,2022-01-04,54.19157409667969,57.07400131225586,57.34400177001953,56.85200119018555,57.051998138427734,6257500,60.17825029211543,56.75760040283203,55.60720024108887,0.3029031117365193,0.04014928228769181,0.26275382944882747,91.46897267364314,90.51728758899772,0.004894671715333532,2.09598263488373
IJH,2022-01-05,52.95912170410156,55.7760009765625,57.3120002746582,55.77000045776367,57.12200164794922,6736000,49.34095671910132,56.56360092163086,55.59620037078857,0.2481013841434816,0.08173970265884978,0.16636168148463182,84.18292478178152,88.24098752473849,-0.022742509571310632,2.0483147297485855
IJH,2022-01-06,53.24207305908203,56.07400131225586,56.43000030517578,55.49800109863281,55.87799835205078,10340500,51.50042032223576,56.467201232910156,55.58530044555664,0.2261102980316707,0.11061382173341397,0.11549647629825674,77.8821489235266,84.51134879298378,0.005342825671494467,2.0592585182699867
IJH,2022-01-07,52.835693359375,55.645999908447266,56.36399841308594,55.46200180053711,56.09600067138672,8799000,48.31488119079799,56.27320098876953,55.5938003540039,0.17216149695043725,0.12292335677681865,0.049238140173618605,67.71988862130998,76.59498744220606,-0.007632679878112114,2.0435408572137566
IJH,2022-01-10,52.6306037902832,55.43000030517578,55.459999084472656,54.513999938964844,55.358001708984375,7731500,46.74348497690712,56.00000076293945,55.58800029754639,0.11070122579161534,0.12047893057977799,-0.009777704788162644,60.78427710779906,68.79543821754525,-0.003881648106646929,2.035608550714497
IJH,2022-01-11,53.11674880981445,55.94200134277344,55.95600128173828,54.90399932861328,55.47800064086914,7578500,50.82613109042868,55.77360076904297,55.64770030975342,0.10213042687678353,0.1168092298391791,-0.01467880296239557,53.30859633989159,60.604254023000244,0.009236926512726118,2.0544113173061236
IJH,2022-01-12,52.94773864746094,55.763999938964844,56.40800094604492,55.481998443603516,56.178001403808594,4472000,49.40804076214329,55.771200561523436,55.7093002319336,0.08005199178924016,0.10945778222919132,-0.02940579043995116,46.78215469195945,53.6250093798834,-0.0031818619576785556,2.047874464090163
IJH,2022-01-13,52.80720520019531,55.61600112915039,56.36199951171875,55.487998962402344,55.965999603271484,7625500,48.20378843747135,55.67960052490234,55.734500312805174,0.050035626287716184,0.0975733510408963,-0.04753772475318012,44.52296994433866,48.204573658729934,-0.0026541916775960628,2.042439012730813
IJH,2022-01-14,52.65908432006836,55.459999084472656,55.50199890136719,54.66600036621094,55.194000244140625,6693000,46.905996770898675,55.64240036010742,55.78900032043457,0.013503716689285739,0.0807594241705742,-0.06725570748128847,38.84567964471663,43.38360142700495,-0.0028049369317201256,2.0367101001132184
IJH,2022-01-18,51.525386810302734,54.26599884033203,54.965999603271484,54.18000030517578,54.90999984741211,8749500,38.38734775544919,55.40960006713867,55.78880023956299,-0.11051992103795527,0.04250355512886831,-0.15302347616682357,25.028495677119608,36.13238175539167,-0.021529001584510543,1.9928617651406924
IJH,2022-01-19,50.81326675415039,53.51599884033203,54.65599822998047,53.51599884033203,54.51599884033203,7992500,34.18734770410002,54.92439956665039,55.79510021209717,-0.2662590113252463,-0.01924895816195462,-0.2470100531632917,12.04851361382353,25.30756297855329,-0.013820760992520165,1.965318898993551
IJH,2022-01-20,49.92454147338867,52.58000183105469,54.45600128173828,52.54199981689453,53.71200180053711,11346500,29.80463610252844,54.28759994506836,55.68450031280518,-0.4599089544690287,-0.10738095742336945,-0.35252799704565924,1.1698031304889271,12.748937473810722,-0.017490024506033763,1.9309454232879826
IJH,2022-01-21,49.06999206542969,51.68000030517578,52.91600036621094,51.650001525878906,52.3380012512207,16235500,26.311776537909996,53.50039978027344,55.50420036315918,-0.6781828612247978,-0.22154133818365512,-0.45664152304114264,0.43940916471276337,4.55257530300844,-0.01711682036007256,1.897893777352458
IJH,2022-01-24,49.98910140991211,52.64799880981445,52.76599884033203,50.24399948120117,51.02199935913086,25966500,35.11885615971775,52.9379997253418,55.351900291442874,-0.7642473477862097,-0.33008254010416604,-0.4341648076820437,11.725787350812261,4.444999882004684,0.018730578624444938,1.933442425970003
IJH,2022-01-25,49.11176300048828,51.7239990234375,52.38399887084961,50.77000045776367,51.93600082397461,12691500,31.2762144977714,52.42959976196289,55.116700172424316,-0.8966768020078533,-0.4434013924849035,-0.45327540952294976,18.441806682535876,10.202334399353667,-0.017550593723012264,1.8995093634649682
IJH,2022-01-26,48.60852813720703,51.194000244140625,52.84600067138672,50.68000030517578,52.354000091552734,15896500,29.296114039809037,51.96520004272461,54.8552001953125,-1.0324926382563788,-0.5612196416391986,-0.47127299661718025,23.385279910570844,17.85095798130636,-0.010246727719309234,1.8800456082172643
IJH,2022-01-27,47.8470458984375,50.391998291015625,52.20000076293945,50.1619987487793,51.619998931884766,12116500,26.556272775915005,51.5275993347168,54.53750019073486,-1.191112122879801,-0.6871981378873191,-0.5039139849924819,13.326351085797848,18.384479226301554,-0.01566560988269583,1.850593547157257
IJH,2022-01-28,48.806026458740234,51.402000427246094,51.40800094604492,49.75,50.44599914550781,9802000,34.823129963135244,51.47199935913086,54.279800224304196,-1.2212427495620446,-0.7940070602222643,-0.4272356893397803,14.617291840367931,17.109640945578906,0.020042628385842587,1.887684305916168
IJH,2022-01-31,49.856170654296875,52.507999420166016,52.540000915527344,51.04600143432617,51.14799880981445,9537500,42.46088967674731,51.443999481201175,54.07440013885498,-1.1427042297261778,-0.863746494123047,-0.27895773560313075,23.306147773206376,17.08326356645742,0.021516691108718122,1.9283010260373412
IJH,2022-02-01,50.36700439453125,53.04600143432617,53.13399887084961,52.04199981689453,52.6879997253418,8221000,45.78882707238446,51.70839996337891,53.88690013885498,-1.0252313913493936,-0.8960434735683165,-0.12918791778107708,38.580155135583645,25.50119824971935,0.01024614874207841,1.9480586851696222
IJH,2022-02-02,50.378395080566406,53.05799865722656,53.29999923706055,52.64799880981445,53.15599822998047,8172000,45.86402043634906,52.081199645996094,53.686100006103516,-0.9205536752233954,-0.9009455138993323,-0.019608161324063067,46.986146000994644,36.290816303261586,0.00022615373243040082,1.9484992459122668
IJH,2022-02-03,49.56562423706055,52.20199966430664,52.986000061035156,52.14799880981445,52.60200119018555,8701000,41.44670943998093,52.443199920654294,53.50739994049072,-0.8963353993436627,-0.9000234909881984,0.0036880916445357625,47.38775160049233,44.318017579023575,-0.01613332148048896,1.917063481173474
IJH,2022-02-04,49.65488052368164,52.29600143432617,52.715999603271484,51.58599853515625,52.104000091552734,6362500,42.10613512353371,52.62200012207031,53.31849994659424,-0.8596476015520764,-0.8919483131009741,0.03230071154889769,47.15675517826375,47.17688425991694,0.0018007699488298279,1.9205156714803702
IJH,2022-02-07,49.68336486816406,52.32600021362305,52.66999816894531,52.08599853515625,52.3380012512207,6263500,42.32934923081285,52.58560028076172,53.152499961853025,-0.8187139815543318,-0.8773014467916458,0.05858746523731395,47.98239717803738,47.50896798559785,0.0005736464206944625,1.9216173684212026
IJH,2022-02-08,50.60627365112305,53.29800033569336,53.36199951171875,52.354000091552734,52.354000091552734,6413500,49.1680456220396,52.636000061035155,53.04589996337891,-0.6997749364159702,-0.8417961447165108,0.14202120830054055,58.903880031760764,51.34767746268733,0.01857581074486281,1.9573129689810362
IJH,2022-02-09,51.517791748046875,54.257999420166016,54.2760009765625,53.731998443603516,53.77199935913086,5281500,54.86125474487683,52.876000213623044,52.961699867248534,-0.5220333081426176,-0.7778435774017322,0.25581026925911454,75.83417424116833,60.90681715032219,0.01801195842254244,1.9925680087982258
IJH,2022-02-10,50.78288269042969,53.48400115966797,54.77000045776367,53.20800018310547,53.52000045776367,8648000,49.9990225741497,53.13240051269531,52.84769992828369,-0.43857140012610074,-0.709989141946606,0.27141774182050526,83.1259505805012,72.62133495114347,-0.014265150595183407,1.9641437260815744
IJH,2022-02-11,50.122032165527344,52.78799819946289,53.959999084472656,52.47999954223633,53.529998779296875,6358500,46.04693575475728,53.23079986572266,52.706299781799316,-0.4237046553417585,-0.6527322446256365,0.229027589283878,78.16754562380407,79.04255681515791,-0.013013253480131493,1.9385838259026649
IJH,2022-02-14,49.958717346191406,52.61600112915039,53.26599884033203,52.257999420166016,52.7760009765625,9579500,45.098256592240965,53.28880004882812,52.564099884033205,-0.4209489417568264,-0.6063755840518745,0.18542664229504813,63.99734136395421,75.09694585608652,-0.0032583439313991214,1.9322672530580265
IJH,2022-02-15,51.044944763183594,53.7599983215332,53.83599853515625,53.066001892089844,53.104000091552734,7463000,52.15839138873142,53.38119964599609,52.53879985809326,-0.3227337326696329,-0.5496472137754262,0.22691348110579335,65.82999167403132,69.33162622059656,0.02174250010193668,1.9742795740046095
IJH,2022-02-16,51.198760986328125,53.922000885009766,54.099998474121094,53.37200164794922,53.540000915527344,6970000,53.078585738959866,53.31399993896484,52.559099960327146,-0.22918333606849473,-0.48555443823404,0.25637110216554526,73.35988929779937,67.72907411192834,0.0030133488018870835,1.9802287669935263
IJH,2022-02-17,50.06315994262695,52.72600173950195,53.582000732421875,52.678001403808594,53.5,8446000,46.03834995220701,53.16240005493164,52.56639995574951,-0.24868442913012956,-0.43818043641325793,0.18949600728312838,69.3669397067243,69.51894022618502,-0.022180244635303104,1.9363068085077453
IJH,2022-02-18,49.88275909423828,52.5359992980957,53.290000915527344,52.36199951171875,52.72200012207031,7108500,45.01680950024072,53.1120002746582,52.609199905395506,-0.2762859426195945,-0.4058015376545253,0.12951559503493082,52.685690371532495,65.13750645868542,-0.0036034650748257846,1.9293293945491403
IJH,2022-02-22,49.18962860107422,51.805999755859375,52.715999603271484,51.4900016784668,52.290000915527344,8244000,41.231407004969185,52.95,52.56709995269775,-0.3529960839920818,-0.39524044692203664,0.042244362929954815,28.194527551026194,50.082385876427686,-0.013895191560166165,1.9025209930292206
IJH,2022-02-23,48.361656188964844,50.933998107910156,52.321998596191406,50.86800003051758,52.16400146484375,8958500,37.206669589219594,52.38479995727539,52.52759990692139,-0.47863525973009047,-0.4119194094836474,-0.06671585024644305,13.720723834227234,31.533647252262003,-0.016832255816041974,1.8704972729791625
IJH,2022-02-24,49.05859375,51.667999267578125,51.763999938964844,49.53799819946289,49.6619987487793,11692000,42.31129966115022,51.933999633789064,52.55129985809326,-0.5130631794404366,-0.4321481634750053,-0.08091501596543127,17.34549805250111,19.75358314591821,0.014410953138411786,1.8974529215255922
IJH,2022-02-25,50.460044860839844,53.14400100708008,53.145999908447266,51.54199981689453,51.83000183105469,9764000,50.946891335226816,52.017599487304686,52.688899993896484,-0.4164460184618832,-0.4290077344723809,0.012561716010497659,37.10814836956238,22.72479008543027,0.028566883061947657,1.9516572372503647
IJH,2022-02-28,50.460044860839844,53.14400100708008,53.400001525878906,52.47999954223633,52.5099983215332,9217500,50.946891335226816,52.139199829101564,52.776000022888184,-0.3360029889947924,-0.4104067853768632,0.07440379638207079,59.51836551375168,37.990670645271756,0.0,1.9516572372503647
IJH,2022-03-01,49.466880798339844,52.097999572753906,53.237998962402344,51.70399856567383,52.981998443603516,15679500,45.36550744359828,52.19759979248047,52.75550003051758,-0.3525904394269972,-0.39884351618689,0.04625307675989282,62.25791775364587,52.961477212320005,-0.01968218746612249,1.9132443536371884
IJH,2022-03-02,50.78097152709961,53.481998443603516,53.70800018310547,52.395999908447266,52.395999908447266,11021000,52.742554980362875,52.70719985961914,52.777299880981445,-0.25116371215451494,-0.369307555380415,0.11814384322590005,64.41131537490512,62.062532880767584,0.026565061462372697,1.9640698074840979
IJH,2022-03-03,50.36130142211914,53.040000915527344,53.75,52.645999908447266,53.720001220703125,7574000,50.401931094500036,52.98160018920898,52.77639999389648,-0.20409512508209104,-0.33626506932075023,0.1321699442386592,67.02551190588294,64.56491501147799,-0.008264318156191774,1.947838109714079
IJH,2022-03-04,49.55802917480469,52.194000244140625,52.61000061035156,51.694000244140625,52.53799819946289,7965500,46.177783340702675,52.79160003662109,52.776000022888184,-0.23237938962221705,-0.3154879333810436,0.08310854375882654,70.12232906938111,67.18638545005642,-0.015950188431025136,1.9167697248310076
IJH,2022-03-07,47.704612731933594,50.242000579833984,52.13999938964844,50.22200012207031,52.125999450683594,10221000,38.21872279705029,52.21119995117188,52.67329998016358,-0.4076063007066395,-0.33391160684616283,-0.07369469386047667,50.13887715900671,62.42890604475695,-0.03739891343002344,1.845084619826763
IJH,2022-03-08,47.860321044921875,50.40599822998047,51.61399841308594,49.97600173950195,50.34000015258789,11625000,39.16737679420552,51.872799682617185,52.57729988098144,-0.527164822476692,-0.37256224997226867,-0.15460257250442339,30.892913934068634,50.38470672081885,0.003264009580441485,1.8511069937026028
IJH,2022-03-09,49.240901947021484,51.86000061035156,52.11000061035156,51.32600021362305,51.32600021362305,8084000,46.94566466923022,51.5484001159668,52.50539989471436,-0.4988396587914181,-0.3978177317360986,-0.10102192705531954,29.862286791844653,36.96469262830669,0.028846043485662998,1.904504106539563
IJH,2022-03-10,49.22189712524414,51.84000015258789,51.933998107910156,51.099998474121094,51.22800064086914,6534500,46.85691216107477,51.3083999633789,52.38449993133545,-0.47255827465684774,-0.41276584032024843,-0.05979243433659931,42.93612510274706,34.56377527622015,-0.0003859560045791355,1.9037690517438983
IJH,2022-03-11,48.72626876831055,51.31800079345703,52.36600112915039,51.29399871826172,52.16999816894531,5693000,44.49268875907735,51.133200073242186,52.276199913024904,-0.4882231416654861,-0.427857300589296,-0.060365841076190085,50.68062852514431,41.15968013991204,-0.010069265629329083,1.8845994954649932
IJH,2022-03-14,48.293304443359375,50.86199951171875,51.76599884033203,50.630001068115234,51.529998779296875,5432000,42.476441679538226,51.25719985961914,52.17989997863769,-0.5313085597548977,-0.4485475524224164,-0.08276100733248126,42.78255419775008,45.46643594188051,-0.008885644969244044,1.8678536134390749
IJH,2022-03-15,49.04340362548828,51.652000427246094,51.68600082397461,50.97200012207031,51.06999969482422,6743500,46.96078069037522,51.50640029907227,52.13169994354248,-0.49599012699366085,-0.4580360673366653,-0.037954059656995554,41.29474440844892,44.91930904378113,0.015532156906112204,1.8968654088406591
IJH,2022-03-16,50.44106674194336,53.124000549316406,53.124000549316406,51.77399826049805,52.20000076293945,10208000,54.13534824821201,51.75920028686524,52.09990005493164,-0.345242169913071,-0.4354772878519465,0.09023511793887551,55.01227075908565,46.36318978842825,0.028498493439160555,1.9509232152494753
IJH,2022-03-17,50.93669128417969,53.645999908447266,53.65399932861328,52.78799819946289,52.933998107910156,6407500,56.388282924415506,52.12040023803711,52.086100006103514,-0.1815594379117158,-0.3846937178639004,0.20313427995218458,76.94903196313123,57.75201571022196,0.009825814048936454,1.97009262398627
IJH,2022-03-18,51.30890655517578,54.03799819946289,54.15399932861328,53.2140007019043,53.29199981689453,8467000,58.05458554160026,52.66439971923828,52.15169982910156,-0.019978408850583662,-0.31175065606123703,0.29177224721065337,92.62688474679022,74.86272915633573,0.007307409680763932,1.984488897898789
IJH,2022-03-21,51.170284271240234,53.891998291015625,54.487998962402344,53.52199935913086,54.11800003051758,5728000,57.17832111140218,53.270399475097655,52.21949977874756,0.09519737231947545,-0.23036105038509455,0.32555842270457,93.7528599575806,87.77625888916738,-0.0027017197060412723,1.9791273651369157
IJH,2022-03-22,51.49500274658203,54.23400115966797,54.645999908447266,54.0,54.11399841308594,5834000,58.749026399732166,53.786799621582034,52.34089984893799,0.21163221748972205,-0.14196239681013123,0.3535946142998533,91.73067798948881,92.70347423128658,0.0063458407543830475,1.9916865922287164
IJH,2022-03-23,50.54170608520508,53.22999954223633,54.03200149536133,53.209999084472656,53.97200012207031,8112000,52.64423055548525,53.80799942016601,52.4556999206543,0.2203530387540198,-0.06949930969730103,0.2898523484513208,82.54909726137714,89.34421173614889,-0.018512411118188132,1.9548156712147953
IJH,2022-03-24,51.11646270751953,53.66400146484375,53.66999816894531,52.99599838256836,53.29800033569336,5761000,54.82931906342697,53.81159973144531,52.55550003051758,0.2592956812773153,-0.0037403115023777675,0.26303599277969303,79.94290749205743,84.74089424764115,0.01137192759867478,1.9770456934966048
IJH,2022-03-25,51.47461700439453,54.040000915527344,54.06399917602539,53.50400161743164,53.79399871826172,7366000,56.69367037680743,53.8120002746582,52.600300025939944,0.316845620274286,0.06037687485295499,0.25646874542133097,78.55818001021605,80.35006158788356,0.007006633047444977,1.9908981271889667
IJH,2022-03-28,51.567955017089844,54.13800048828125,54.141998291015625,53.43199920654297,53.92599868774414,5943500,57.18962484175718,53.86120071411133,52.65,0.36614145725486225,0.12152979133333644,0.2446116659215258,84.44878909983315,80.98329220070224,0.0018132823151912891,1.994508187554346
IJH,2022-03-29,52.648128509521484,55.27199935913086,55.40800094604492,54.58000183105469,54.599998474121094,8555000,62.53619677407723,54.068800354003905,52.808699989318846,0.4910524479227405,0.19543432265121724,0.29561812527152326,90.5092556506633,84.50540825357086,0.02094660321654529,2.0362863591711977
IJH,2022-03-30,51.874671936035156,54.459999084472656,55.15999984741211,54.19200134277344,55.15599822998047,8077000,57.042632873216064,54.31480026245117,52.8576000213623,0.5185461942234326,0.26005669696566036,0.25848949725777226,88.22107292404081,87.72637255817911,-0.014691055416080845,2.0063711634256043
IJH,2022-03-31,51.120269775390625,53.667999267578125,54.65800094604492,53.63399887084961,54.369998931884766,6446000,52.22377045233275,54.315599822998045,52.888999938964844,0.47099804773554865,0.302244967119638,0.16875308061591066,80.29855449210284,86.34296102226902,-0.014542784223768312,1.9771929405231148
IJH,2022-04-01,51.45175552368164,54.01599884033203,54.27399826049805,53.534000396728516,53.986000061035156,8661000,54.060192298498734,54.31079940795898,52.98009986877442,0.45613837697201376,0.33302364909011317,0.12311472788190059,70.78747102655389,79.76903281423255,0.006484428774485629,1.9900139073193528
IJH,2022-04-04,51.34507369995117,53.90399932861328,54.06800079345703,53.62799835205078,54.02000045776367,7306000,53.34944925097777,54.26399917602539,53.16319980621338,0.43036359265296653,0.3524916378026839,0.07787195485028264,63.60549158986837,71.56383903617505,-0.002073434086838244,1.9858877446506347
IJH,2022-04-05,50.394447326660156,52.90599822998047,54.11800003051758,52.79199981689453,53.79600143432617,6106500,47.372727989574706,53.79079895019531,53.28819980621338,0.32565262165562103,0.34712383457327134,-0.021471212917650306,43.91241163589995,59.435124750774094,-0.01851446117004829,1.9491201031142258
IJH,2022-04-06,49.8153076171875,52.29800033569336,52.61199951171875,51.96200180053711,52.48400115966797,6431000,44.129219444203486,53.35839920043945,53.31009979248047,0.19140171410310813,0.3159794104792387,-0.12457769637613059,24.289097674904696,43.935666966891034,-0.011492133363793733,1.9267205549471857
IJH,2022-04-07,49.72957992553711,52.20800018310547,52.448001861572266,51.49599838256836,52.24800109863281,8562500,43.652761873376484,53.06639938354492,53.32849979400635,0.0768586636591877,0.2681552611152285,-0.19129659745604083,10.818217177093993,26.339908829299578,-0.0017209106146482966,1.923404841092716
IJH,2022-04-08,49.70481491088867,52.18199920654297,52.65599822998047,51.92399978637695,52.167999267578125,7448500,43.50661672726999,52.69959945678711,53.37169971466064,-0.01583307671250367,0.2113575935496821,-0.22719067026218576,15.162211728954054,16.75650886031761,-0.0004979936425266729,1.9224469977098468
IJH,2022-04-11,49.45906066894531,51.92399978637695,52.625999450683594,51.88800048828125,51.94599914550781,11970000,42.003903614334135,52.30359954833985,53.42479972839355,-0.1088555270259306,0.14731496943455957,-0.25617049646049017,15.558988000743648,13.846472302263926,-0.004944274360219381,1.9129418923101893
IJH,2022-04-12,49.388572692871094,51.849998474121094,52.88600158691406,51.7140007019043,52.36000061035156,8671000,41.56049224799187,52.09239959716797,53.434699630737306,-0.186399083924087,0.08057215876283026,-0.26697124268691724,12.50853235664661,14.409910695448133,-0.00142517822054955,1.910215609188092
IJH,2022-04-13,50.19633102416992,52.698001861572266,52.77000045776367,51.93600082397461,51.948001861572266,6503500,48.29618963862952,52.17239990234375,53.4133996963501,-0.17738138296301287,0.02898145041766164,-0.20636283338067452,16.905280114830845,14.990933490740396,0.016355166534614662,1.9414575035933836
IJH,2022-04-14,49.90103530883789,52.38800048828125,53.09199905395508,52.380001068115234,52.73400115966797,12270500,46.19982390253716,52.20839996337891,53.3504997253418,-0.1930242466553338,-0.015419688996937447,-0.17760455765839636,20.85893040327326,16.75758095825027,-0.00588281472583807,1.9300362688016557
IJH,2022-04-18,49.819114685058594,52.301998138427734,52.5620002746582,52.03799819946289,52.290000915527344,6331500,45.60835760749575,52.23239974975586,53.26369972229004,-0.2099409313409879,-0.05432393746574754,-0.15561699387524036,24.71032242881897,20.824844315641055,-0.0016416618066597,1.926867801973696
IJH,2022-04-19,50.94120788574219,53.47999954223633,53.54999923706055,52.35599899291992,52.35599899291992,5339500,54.24840448355724,52.543599700927736,53.243099784851076,-0.12683063292659824,-0.06882527655791768,-0.058005356368680566,32.51780291229266,26.029018581461656,0.022523346867505234,1.970267313845377
IJH,2022-04-20,51.316497802734375,53.874000549316406,54.198001861572266,53.69200134277344,53.81399917602539,5407500,56.72447213939244,52.9484001159668,53.2250997543335,-0.028840083656213267,-0.06082823797757679,0.031988154321363524,49.98576917049138,35.73796483720103,0.00736711853856975,1.9847825066991454
IJH,2022-04-21,50.39825439453125,52.90999984741211,54.44599914550781,52.75600051879883,54.347999572753906,13003000,49.64506273348609,52.99079971313476,53.209099769592285,-0.028638540264012136,-0.054390298434863864,0.025751758170851728,59.09543197293443,47.19966801857285,-0.01789372711545789,1.9492673501407363
IJH,2022-04-22,49.036136627197266,51.47999954223633,52.68199920654297,51.46799850463867,52.68199920654297,8120000,41.392454817011064,52.809199523925784,53.09989967346191,-0.14222836918427362,-0.07195791258474582,-0.0702704565995278,41.180268019901284,50.08715638777573,-0.027027082261043334,1.8965843411197165
IJH,2022-04-25,49.318092346191406,51.7760009765625,51.832000732421875,50.422000885009766,51.040000915527344,9386500,43.48661007264991,52.704000091552736,52.98669967651367,-0.20598976324468055,-0.09876428271673277,-0.10722548052794778,27.327786186841582,42.53449539322579,0.005749957855320842,1.9074896211502164
IJH,2022-04-26,47.87405014038086,50.2599983215332,51.470001220703125,50.25600051879883,51.40800094604492,11564000,36.327188138565795,52.05999984741211,52.79279956817627,-0.37453249445395187,-0.1539179250641766,-0.22061456938977528,11.382176965246517,26.630077057329817,-0.029280171578292213,1.8516379977591264
IJH,2022-04-27,47.919776916503906,50.30799865722656,50.902000427246094,49.992000579833984,50.321998596191406,13873500,36.682634632992034,51.34679946899414,52.544599533081055,-0.49848437965429326,-0.22283121598219993,-0.27565316367209336,13.612748850442605,17.4409040008436,0.0009551474335043331,1.853406585040465
IJH,2022-04-28,48.815162658691406,51.24800109863281,51.45399856567383,49.88399887084961,50.8120002746582,9551000,43.35185804584154,51.014399719238284,52.38399963378906,-0.5149309966118452,-0.281251172108129,-0.23367982450371616,12.363110821352501,12.452678879013902,0.01868509829976106,1.8880376692713705
IJH,2022-04-29,47.487335205078125,49.854000091552734,51.5359992980957,49.77799987792969,51.07600021362305,10143500,37.10940590380358,50.68919982910156,52.19329967498779,-0.6331507227517861,-0.35163108223686046,-0.2815196405149256,12.87401018894588,12.949956620247024,-0.027201127299262717,1.8366809162837168
IJH,2022-05-02,47.76355743408203,50.14400100708008,50.43600082397461,49.05799865722656,49.87200164794922,14246500,39.074869211348044,50.36279983520508,51.9996997833252,-0.6954236462922765,-0.4203895950479437,-0.2750340512443328,17.22775631436212,14.154959108220197,0.005816755726785194,1.847364440521787
IJH,2022-05-03,48.24554443359375,50.650001525878906,50.89799880981445,50.040000915527344,50.152000427246094,7778000,42.45418858337578,50.440800476074216,51.83699989318848,-0.695923204303952,-0.4754963168991454,-0.22042688740480665,17.110415746039674,15.737394083115921,0.010091103456372652,1.8660063862127163
IJH,2022-05-04,49.58669662475586,52.05799865722656,52.10599899291992,50.17399978637695,50.75,8490500,50.65588391856939,50.79080047607422,51.79459991455078,-0.5760649876608355,-0.4956100510514835,-0.08045493660935199,35.127472803410434,23.155214954604105,0.02779846733843172,1.9178785037931556
IJH,2022-05-05,47.75785446166992,50.13800048828125,51.57600021362305,49.63800048828125,51.57600021362305,8356000,41.888526261678656,50.568800354003905,51.68659992218018,-0.6287563814014732,-0.5222393171214814,-0.10651706427999175,35.09035007231022,29.10941287392014,-0.03688170996599316,1.8471438650662435
IJH,2022-05-06,47.12346649169922,49.47200012207031,49.99399948120117,48.816001892089844,49.84600067138672,10116000,39.34472225906236,50.492400360107425,51.54979991912842,-0.7160017318486993,-0.5609918000669251,-0.15500993178177425,29.125232370218175,33.11435174864631,-0.013283426927812592,1.8226074645094787
IJH,2022-05-09,45.528934478759766,47.79800033569336,49.013999938964844,47.599998474121094,48.784000396728516,14796000,33.79021944537545,50.02320022583008,51.33059997558594,-0.9097352317465592,-0.6307404864028519,-0.2789947453437074,11.529547194864387,25.248376545797623,-0.033837324196434704,1.7609353048500296
IJH,2022-05-10,45.387962341308594,47.650001525878906,48.64400100708008,46.79999923706055,48.36199951171875,17549000,33.34205379899303,49.42320022583008,51.11690006256104,-1.0629595571588837,-0.7171843005540584,-0.34577525660482533,8.553673312351295,16.402817625811313,-0.003096319715475415,1.7554828861479457
IJH,2022-05-11,44.604976654052734,46.827999114990234,48.61800003051758,46.768001556396484,47.672000885009766,12949500,30.891385725281967,48.377200317382815,50.865800094604495,-1.2364664482262384,-0.8210407300884943,-0.4154257181377441,5.007893856503587,8.363704787906451,-0.01725095480973482,1.7251991302097447
IJH,2022-05-12,45.04314422607422,47.28799819946289,47.61399841308594,46.38999938964844,46.597999572753906,13410500,33.8227476074869,47.80719985961914,50.595299911499026,-1.3216190262472693,-0.9211563893202493,-0.40046263692702,9.280574006214218,7.6140470583563955,0.009823288899349247,1.742146259674701
IJH,2022-05-13,46.218563079833984,48.52199935913086,48.84600067138672,47.847999572753906,47.847999572753906,7403000,41.04690420160838,47.61719970703125,50.4019998550415,-1.274833984595098,-0.9918919083752191,-0.2829420762198789,18.00786016023201,10.765442674316633,0.026095399731872027,1.787608262712298
IJH,2022-05-16,45.963287353515625,48.25400161743164,48.63999938964844,47.869998931884766,48.35200119018555,6938500,40.02500040061934,47.70839996337891,50.199600028991696,-1.2450297520448217,-1.0425194771091397,-0.20251027493568197,28.539779255635633,18.609404474027315,-0.005523229397621399,1.7777348922042546
IJH,2022-05-17,47.34634780883789,49.70600128173828,49.70600128173828,48.70800018310547,49.03200149536133,7151500,47.63203466008277,48.11959991455078,50.0109001159668,-1.0916614513038212,-1.052347871948076,-0.03931357935574509,42.64056797794109,29.729402464602938,0.030090546933355444,1.8312279074131903
IJH,2022-05-18,45.525115966796875,47.79399871826172,49.16999816894531,47.62200164794922,49.130001068115234,8831500,40.37067756825191,48.31279983520508,49.70690002441406,-1.1115849363988417,-1.0641952848382292,-0.04738965156061248,38.39517089724805,36.52517271027495,-0.038466152645908136,1.7607876151971875
IJH,2022-05-19,45.47559356689453,47.742000579833984,48.316001892089844,47.35200119018555,47.391998291015625,8374000,40.19123148489877,48.4036003112793,49.448500061035155,-1.1186748695370596,-1.0750912017779952,-0.043583667759064415,35.40939370379141,38.81504419299355,-0.001087803926484443,1.7588722235156709
IJH,2022-05-20,45.35747528076172,47.61800003051758,48.28200149536133,46.512001037597656,48.2140007019043,8292500,39.7376135431971,48.22280044555664,49.25540008544922,-1.1213730106074848,-1.084347563543893,-0.03702544706359179,23.233038466201464,32.345867689080336,-0.0025973995470572886,1.7543037295989796
IJH,2022-05-23,45.84135818481445,48.125999450683594,48.35599899291992,47.45800018310547,48.060001373291016,6309500,42.59602765699438,48.197200012207034,49.072900009155276,-1.0701835889188516,-1.0815147686188848,0.011331179700033278,25.169128712673015,27.937186960888656,0.010668206311253314,1.7730190037189426
IJH,2022-05-24,45.27556228637695,47.53200149536133,47.82400131225586,46.68600082397461,47.709999084472656,8169000,40.19520810274401,47.76240005493164,48.93650016784668,-1.0652665445569482,-1.0782651238064975,0.01299857924954928,24.625107316497523,24.342424831790694,-0.01234247676860778,1.7511355578552414
IJH,2022-05-25,46.15378952026367,48.45399856567383,48.66600036621094,47.3380012512207,47.358001708984375,6492500,45.344565601253365,47.89440002441406,48.843800163269044,-0.9757247458489715,-1.0577570482149925,0.08203230236602099,36.553810109459846,28.782682046210155,0.019397378840526835,1.785102997672077
IJH,2022-05-26,47.22824478149414,49.582000732421875,49.79800033569336,48.762001037597656,48.763999938964844,5921000,50.913178719835784,48.26240005493164,48.7605001449585,-0.8044684658004329,-1.0070993317320807,0.2026308659316478,57.65084121691549,39.609919547624315,0.023279892559173954,1.8266600036649423
IJH,2022-05-27,48.3198356628418,50.72800064086914,50.737998962402344,49.77799987792969,49.801998138427734,7469500,55.83627903736337,48.88440017700195,48.804200172424316,-0.5697067896948127,-0.9196208233246271,0.34991403362981444,83.56723634235625,59.25729588957722,0.02311309442893772,1.8688797688192138
IJH,2022-05-31,47.85120391845703,50.236000061035156,50.59400177001953,49.902000427246094,50.50199890136719,11482000,53.361875235944126,49.306400299072266,48.80880012512207,-0.4185322260125588,-0.8194031038622136,0.4008708778496548,93.96217298876356,78.39341684934512,-0.009698537628619164,1.8507543680579557
IJH,2022-06-01,47.44351577758789,49.80799865722656,50.608001708984375,49.183998107910156,50.465999603271484,6397000,51.234797360433625,49.761599731445315,48.766699981689456,-0.3294635803999313,-0.7214151991697572,0.39195161876982587,88.94512672668874,88.82484535260288,-0.008519913972569682,1.8349861000577443
IJH,2022-06-02,48.52558898925781,50.944000244140625,50.95399856567383,49.7859992980957,49.933998107910156,5952500,56.222717940725374,50.25960006713867,48.71100006103516,-0.16530467356614054,-0.6101930940490339,0.44488842048289334,88.9467487475884,90.61801615434693,0.02280761014303012,1.8768377476457405
IJH,2022-06-03,47.97121047973633,50.36199951171875,50.60200119018555,50.1879997253418,50.5359992980957,5220000,53.21935131922848,50.41559982299805,48.72220001220703,-0.0812337403303971,-0.5044012233053066,0.42316748297490947,88.35281471263012,88.74823006230245,-0.011424457097145346,1.855395895319459
IJH,2022-06-06,48.251258850097656,50.65599822998047,50.95399856567383,50.4900016784668,50.83399963378906,5327500,54.54042923674279,50.40119934082031,48.78139991760254,0.009012429790629994,-0.4017184926861193,0.4107309224767493,93.24629887422566,90.18195411148143,0.005837842480118871,1.866227404294593
IJH,2022-06-07,48.87611389160156,51.3120002746582,51.31399917602539,50.13399887084961,50.268001556396484,5459500,57.42923341533159,50.61639938354492,48.95709991455078,0.13194606031797917,-0.2949855820852996,0.4269316424032788,93.30745210982559,91.63552189889383,0.01295002568627579,1.8903950971166397
IJH,2022-06-08,47.97121047973633,50.36199951171875,51.09600067138672,50.209999084472656,51.04999923706055,5490500,52.25090018498904,50.72719955444336,49.09269981384277,0.1509743873591205,-0.20579358819641563,0.35676797555553613,91.14153296622253,92.56509465009128,-0.018514225862394595,1.855395895319459
IJH,2022-06-09,46.97938537597656,49.16600036621094,50.0880012512207,49.1619987487793,49.99800109863281,4726000,46.55905906838067,50.37159957885742,49.20959987640381,0.06875477571427524,-0.15088391541427748,0.21963869112855272,78.46731516015718,87.63876674540181,-0.020675423735215692,1.8170347989871491
IJH,2022-06-10,45.73720169067383,47.86600112915039,48.58399963378906,47.7859992980957,48.38800048828125,6665500,41.293574100445156,49.87239990234375,49.23850002288818,-0.10014947198625634,-0.14073702672867328,0.04058755474241693,53.64685417968945,74.41856743535642,-0.026441037390368627,1.768990513927529
IJH,2022-06-13,43.659889221191406,45.69200134277344,46.83399963378906,45.5,46.65999984741211,10260500,34.306281739218285,48.879600524902344,49.09700012207031,-0.404765039645099,-0.19354262931195843,-0.2112224103331406,28.022677754909353,53.37894903158536,-0.045418442595844266,1.6886457198181186
IJH,2022-06-14,43.49935531616211,45.52399826049805,46.013999938964844,45.06999969482422,45.85200119018555,16452500,33.82988433119088,47.72200012207031,48.960499954223636,-0.6522132084522525,-0.2852767451400172,-0.3669364633122353,12.02344850888934,31.23099348116274,-0.0036769196599650833,1.6824367051722036
IJH,2022-06-15,44.01151657104492,46.060001373291016,46.63800048828125,45.29999923706055,45.933998107910156,10528500,36.84323955606832,46.86160049438477,48.77819995880127,-0.7958921441501303,-0.38739982494203984,-0.4084923192080905,8.809534709721541,16.28522032450677,0.011773996445701762,1.7022457089590193
IJH,2022-06-16,41.86540603637695,43.81399917602539,45.09600067138672,43.599998474121094,45.0359992980957,15924500,30.562571055595754,45.79120025634766,48.579199981689456,-1.0785593813688052,-0.525631736227393,-0.5529276451414122,8.633464217548424,9.822149145386463,-0.04876247632147923,1.6192399928825654
IJH,2022-06-17,42.26481246948242,44.231998443603516,44.65800094604492,43.74599838256836,44.03799819946289,10322000,32.85661289712665,45.06439971923828,48.40369987487793,-1.2543863705923783,-0.6713826631003901,-0.5830037074919883,8.940776590316334,8.794591839195462,0.009540249836784698,1.6346879469603786
IJH,2022-06-21,42.84003829956055,44.83399963378906,45.22999954223633,44.571998596191406,44.93000030517578,7252000,36.12938176529971,44.892799377441406,48.26449985504151,-1.3298246703898613,-0.8030710645582844,-0.5267536058315769,8.987994303834249,8.854078370566365,0.01361004098843388,1.6569361169218082
IJH,2022-06-22,42.685245513916016,44.672000885009766,44.992000579833984,44.11199951171875,44.20800018310547,7501500,35.62613637065241,44.72239990234375,48.091799926757815,-1.3866970314399154,-0.9197962579346106,-0.4669007735053048,12.695546075133096,10.20810565642792,-0.0036132737455120134,1.650949153152544
IJH,2022-06-23,42.95278549194336,44.95199966430664,45.0260009765625,44.290000915527344,44.816001892089844,7853000,37.252964424597515,44.500799560546874,47.962799835205075,-1.3931162489404585,-1.0144602561357803,-0.3786559928046782,15.806777408594016,12.496772595853814,0.006267738999887529,1.6612968715465894
IJH,2022-06-24,44.46635055541992,46.5359992980957,46.54800033569336,45.27199935913086,45.369998931884766,6508500,45.62473112359074,45.04519958496094,47.86689987182617,-1.2559106366065436,-1.062750332229933,-0.19316030437661058,23.161368668813807,17.221230717513667,0.03523787913034093,1.7198374499057616
IJH,2022-06-27,44.638343811035156,46.715999603271484,47.00199890136719,46.29399871826172,46.709999084472656,8496500,46.49829442175463,45.54199981689453,47.72359981536865,-1.1197419913553333,-1.074148664055013,-0.045593327300320174,31.993788218880013,23.65397809876264,0.0038679417911948732,1.726489681052314
IJH,2022-06-28,43.98284912109375,46.029998779296875,47.36199951171875,46.02199935913086,46.981998443603516,5514500,43.62199207468005,45.7811996459961,47.488699722290036,-1.055020275292037,-1.070322986302418,0.015302711010380943,36.9573531846479,30.704170024113935,-0.014684565644197622,1.7011369299968715
IJH,2022-06-29,43.63886260986328,45.66999816894531,46.077999114990234,45.321998596191406,46.06800079345703,6592500,42.14851601486624,45.9807991027832,47.260399627685544,-1.0210073524181595,-1.0604598595255663,0.039452507107406776,34.90547351625087,34.61887163992629,-0.007820923794259027,1.6878324677037662
IJH,2022-06-30,43.23371887207031,45.24599838256836,45.768001556396484,44.63199996948242,45.06999969482422,16618000,40.41691498868313,46.039598846435545,47.03229961395264,-1.016546984379886,-1.0516772844964304,0.03513030011654439,32.44933119277431,34.770719297891056,-0.009284012312946954,1.6721626102914127
IJH,2022-07-01,43.772640228271484,45.810001373291016,45.86199951171875,44.810001373291016,45.13999938964844,5766000,43.72863382225409,45.89439926147461,46.77559967041016,-0.9564761214503221,-1.0326370518872088,0.07616093043688665,41.22537295652933,36.193392555184865,0.012465301858390898,1.69300662198501
IJH,2022-07-05,43.71339416503906,45.74800109863281,45.762001037597656,44.43000030517578,45.119998931884766,8969500,43.44277936753201,45.700799560546876,46.54489974975586,-0.9034579331283794,-1.006801228135443,0.10334329500706363,49.62280814489727,41.099170764733664,-0.0013534953094777036,1.6907151454632385
IJH,2022-07-06,43.453495025634766,45.47600173950195,45.97800064086914,44.965999603271484,45.694000244140625,5660000,42.14127486201728,45.59000015258789,46.28589992523193,-0.8733216041671668,-0.9801053033417879,0.10678369917462116,55.23663893018148,48.69494001053605,-0.0059455264082914905,1.6806629539169884
IJH,2022-07-07,44.380348205566406,46.44599914550781,46.54399871826172,45.79800033569336,45.82400131225586,5897000,48.11144891369365,45.74520034790039,46.04259986877442,-0.7623794268191233,-0.9365601280372551,0.17418070121813178,60.87191800870554,55.243788361261466,0.021329772884433273,1.7165111130193185
IJH,2022-07-08,44.23320007324219,46.29199981689453,46.652000427246094,45.939998626708984,46.354000091552734,4955000,47.27737521348966,45.954400634765626,45.8390998840332,-0.6790556795917126,-0.8850592383481466,0.20600355875643395,65.30924034976739,60.47259909621817,-0.0033156146419275334,1.7108198236399603
IJH,2022-07-11,43.73250961303711,45.768001556396484,46.19599914550781,45.69200134277344,46.0260009765625,4739500,44.453425708143996,45.94600067138672,45.66919994354248,-0.6478354462243132,-0.83761447992338,0.1897790336990668,65.6714883662523,63.95088224157511,-0.01131933614063696,1.6914544789801145
IJH,2022-07-12,43.63886260986328,45.66999816894531,46.24800109863281,45.45199966430664,45.61399841308594,5060000,43.924967143931525,45.93040008544922,45.55939979553223,-0.6238103433402671,-0.7948536526067574,0.17104330926649036,56.43387966816497,62.47153612806158,-0.002141359002775123,1.6878324677037662
IJH,2022-07-13,43.528018951416016,45.55400085449219,45.79600143432617,44.89799880981445,45.11600112915039,6444500,43.269309391911996,45.94599990844726,45.552499771118164,-0.6071316542753493,-0.7573092529404759,0.1501775986651266,46.67939314608345,56.26158706016694,-0.002540021710424112,1.68354533659224
IJH,2022-07-14,43.099945068359375,45.10599899291992,45.178001403808594,44.465999603271484,44.8380012512207,5720000,40.73999237575936,45.677999877929686,45.531599807739255,-0.6228834662812446,-0.7304240956086296,0.10754062932738506,37.38005545665777,46.83110942363542,-0.009834444419224209,1.6669886035522794
IJH,2022-07-15,43.92933654785156,45.9739990234375,45.987998962402344,45.130001068115234,45.63199996948242,8040500,47.18211403177367,45.61439971923828,45.52729969024658,-0.5588840747769908,-0.6961160914423019,0.13723201666531115,38.95400560648574,41.00448473640902,0.01924344632404318,1.6990672092675294
IJH,2022-07-18,43.83188247680664,45.87200164794922,46.645999908447266,45.763999938964844,46.4379997253418,4253000,46.54184171656592,45.63519973754883,45.63019981384277,-0.5105095948649989,-0.6589947921268413,0.1484851972618424,41.632557296369406,39.32220611983767,-0.002218428018797125,1.6952979509646708
IJH,2022-07-19,45.26707458496094,47.374000549316406,47.41999816894531,46.358001708984375,46.433998107910156,5103500,56.008943052932196,45.976000213623045,45.787299919128415,-0.34697401197743005,-0.5965906360969591,0.249616624119529,66.7677976212931,49.118120174716104,0.032743109057972175,1.7508072766588638
IJH,2022-07-20,45.7486572265625,47.87799835205078,47.97800064086914,47.18000030517578,47.358001708984375,6053000,58.65483139082706,46.440799713134766,45.939499855041504,-0.17468877032912644,-0.5122102629433926,0.3375214926142661,81.6081895529585,63.336181490207025,0.01063869591788369,1.7694335828860555
IJH,2022-07-21,46.111759185791016,48.257999420166016,48.257999420166016,47.433998107910156,47.72600173950195,5092000,60.57998233925737,47.07119979858398,46.11879978179932,-0.00740322491081713,-0.4112488553368775,0.40384563042606036,98.54768781344568,82.30789166256578,0.007936887796079262,1.7834773786960365
IJH,2022-07-22,45.702796936035156,47.83000183105469,48.57600021362305,47.51599884033203,48.40999984741211,4156000,57.341438413217745,47.44240036010742,46.262699890136716,0.08960305826457216,-0.3110784726165876,0.40068153088115976,93.06274619290383,91.07287451976936,-0.008868936188447973,1.767659831630841
IJH,2022-07-25,45.97607421875,48.11600112915039,48.17599868774414,47.625999450683594,47.97999954223633,10997500,58.921743646958205,47.89120025634766,46.34169998168945,0.18739877332683363,-0.21138302342790335,0.398781796754737,90.27153397921442,93.960655995188,0.00597944329528266,1.7782294533594265
IJH,2022-07-26,45.72763442993164,47.85599899291992,48.08399963378906,47.67399978637695,47.97200012207031,4323000,56.859525360779784,47.98759994506836,46.39869995117188,0.24114283809709747,-0.1208778511229032,0.36202068922000064,84.43210888772977,89.25546301994937,-0.005403675564736199,1.768620478313814
IJH,2022-07-27,46.58188247680664,48.75,48.939998626708984,47.97999954223633,48.09400177001953,4559000,61.80906805414604,48.162000274658205,46.53470001220703,0.35181826447223585,-0.02633862800387539,0.37815689247611123,89.01426842232767,87.90597042975732,0.018681221049909436,1.801660468422591
IJH,2022-07-28,47.308082580566406,49.5099983215332,49.55400085449219,48.46799850463867,49.012001037597656,4332000,65.4392063555694,48.41240005493164,46.72670001983643,0.49514710264375594,0.07795851812565088,0.41718858451810503,92.45672199889266,88.63436643631672,0.015589754323933613,1.8297479125004423
IJH,2022-07-29,47.954017639160156,50.18600082397461,50.33599853515625,49.470001220703125,49.625999450683594,6966000,68.32338425786608,48.883599853515626,46.97370014190674,0.6557251999513127,0.19351185449078326,0.4622133454605295,97.44437117626326,92.97178719916123,0.013653799168328318,1.8547309230263913
IJH,2022-08-01,47.94255065917969,50.17399978637695,50.38399887084961,49.58000183105469,49.9119987487793,7371500,68.21454877086558,49.29519958496094,47.19190006256103,0.7731042509685153,0.30943033378632967,0.46367391718218565,97.67712057687258,95.85940458400951,-0.00023912448935470287,1.8542874114415322
IJH,2022-08-02,47.470523834228516,49.68000030517578,50.22600173950195,49.52799987792969,49.965999603271484,5057000,63.71532651089023,49.65999984741211,47.38850002288818,0.8168502240517768,0.41091431183941907,0.4059359122123577,94.00010105296701,96.37386426870098,-0.009845676094848987,1.836030698201723
IJH,2022-08-03,47.87566375732422,50.104000091552734,50.262001037597656,49.6619987487793,49.95600128173828,5827000,65.80032726115763,49.930799865722655,47.619899940490725,0.8756386449071769,0.5038591784529707,0.37177946645420623,93.07545965712866,94.91756042898946,0.008534557665942133,1.8517004080719655
IJH,2022-08-04,47.51447296142578,49.72600173950195,50.108001708984375,49.70399856567383,50.08000183105469,3101500,62.360012778054106,49.97400054931641,47.78390007019043,0.8815654463265048,0.5794004320276775,0.30216501429882725,89.5108315369201,92.19546408233862,-0.007544350669042799,1.837730530859461
IJH,2022-08-05,47.78775405883789,50.012001037597656,50.10200119018555,49.23400115966797,49.262001037597656,4000000,63.89802842668085,49.93920059204102,47.969900131225586,0.8989773806618047,0.643315821754503,0.2556615589073017,90.39616318157829,90.99415145854238,0.005751533803899589,1.8483003001301574
IJH,2022-08-08,48.10116958618164,50.34000015258789,50.832000732421875,50.23400115966797,50.28799819946289,3459500,65.63244080462549,49.9724006652832,48.198500061035155,0.9285396246483657,0.7003605823332756,0.22817904231509012,87.68188569164904,89.19629347004917,0.006558490423254959,1.8604223599478604
IJH,2022-08-09,47.68838119506836,49.90800094604492,50.27399826049805,49.736000061035156,50.20000076293945,3617500,61.445412749655745,50.018000793457034,48.410400199890134,0.9066578036070823,0.7416200265880369,0.16503777701904532,83.36519455028447,87.14774780783729,-0.008581670563616917,1.844456828145601
IJH,2022-08-10,48.86750030517578,51.141998291015625,51.2239990234375,50.71200180053711,50.731998443603516,4045500,67.77038217607621,50.22560043334961,48.689800071716306,0.9776201787022458,0.7888200570108788,0.18880012169136706,85.70800745138428,85.58502923110596,0.024725500856996208,1.8900619470306077
IJH,2022-08-11,49.157981872558594,51.44599914550781,52.13199996948242,51.395999908447266,51.57400131225586,4933000,69.11463326640393,50.56959991455078,49.0068000793457,1.046327290845099,0.8403215037777229,0.20600578706737604,85.1239815456006,84.73239451575648,0.0059442690043232105,1.9012969836785925
IJH,2022-08-12,49.92812728881836,52.25199890136719,52.25199890136719,51.5099983215332,51.678001403808594,3947000,72.40132020371226,51.017599487304686,49.320700073242186,1.1525299684518302,0.9027631967125443,0.24976677173928585,94.18812783467463,88.34003894388654,0.015666741939413864,1.931084112872071
IJH,2022-08-15,49.9911994934082,52.31800079345703,52.40399932861328,51.79600143432617,51.86399841308594,5509500,72.65791237738075,51.41319961547852,49.64300003051758,1.227868058043164,0.9677841689786683,0.26008388906449575,94.27730958887288,91.19647298971607,0.0012632599701765113,1.9335235741309063
IJH,2022-08-16,50.31415939331055,52.65599822998047,52.88199996948242,52.20000076293945,52.20000076293945,4589500,73.99147240267823,51.962799072265625,49.907099914550784,1.2998635868981552,1.0342000525625656,0.26566353433558954,97.64532689248155,95.37025477200972,0.006460335082476343,1.9460147843096591
IJH,2022-08-17,49.63383102416992,51.944000244140625,52.27399826049805,51.619998931884766,52.13999938964844,5848500,66.62028540614166,52.123199462890625,50.11040000915527,1.2846595199010409,1.0842919460302607,0.2003675738707802,89.07442017308392,93.66568555147948,-0.01352160857587692,1.9197015341133543
IJH,2022-08-18,50.0466194152832,52.375999450683594,52.4379997253418,51.981998443603516,52.0880012512207,3695000,68.66032728660097,52.309199523925784,50.316300010681154,1.292568982235494,1.1259473532713073,0.16662162896418664,85.09884561789974,90.6061975611551,0.008316673982152745,1.9356670659156137
IJH,2022-08-19,49.2248649597168,51.51599884033203,52.01599884033203,51.36199951171875,51.95800018310547,3123000,60.706240972857046,52.16199951171875,50.50059986114502,1.2154316862901666,1.1438442198750793,0.07158746641508729,74.32380948397345,82.83235842498574,-0.01641977950093987,1.903883839506048
IJH,2022-08-22,48.173789978027344,50.41600036621094,50.85599899291992,50.305999755859375,50.84199905395508,4158000,52.352187183404894,51.78159942626953,50.61559982299805,1.0533962435394102,1.1257546246079455,-0.07235838106853532,60.36181774009086,73.26149094732138,-0.021352521384255696,1.8632311191098563
IJH,2022-08-23,48.168060302734375,50.40999984741211,50.94599914550781,50.30400085449219,50.470001220703125,4796500,52.30989800961678,51.33239974975586,50.743299865722655,0.9139622086192176,1.0833961414102,-0.1694339327909824,42.39763421767828,59.02775381391422,-0.00011893760685177668,1.8630095108595377
IJH,2022-08-24,48.395469665527344,50.64799880981445,50.8120002746582,50.24599838256836,50.374000549316406,3076500,53.90050003431963,51.07319946289063,50.83819980621338,0.8132891673364213,1.0293747465954444,-0.21608557925902305,34.466344801479835,45.74193225308303,0.0047211650492817725,1.8718050862486872
IJH,2022-08-25,49.209571838378906,51.5,51.507999420166016,50.79199981689453,50.849998474121094,3540000,59.15275575836948,50.8979995727539,50.93769989013672,0.7931119317326676,0.9821221836228891,-0.18901025189022147,42.356310337228386,39.74009645212886,0.01682186738713387,1.9032923431841253
IJH,2022-08-26,47.734249114990234,49.95600128173828,51.555999755859375,49.95399856567383,51.54999923706055,4234000,48.39257032709765,50.58600006103516,50.9261999130249,0.6450972547261316,0.9147171978435376,-0.269619943117406,33.94172011970894,36.921458419472415,-0.029980401541272017,1.8462308744850366
IJH,2022-08-29,47.420833587646484,49.62799835205078,50.060001373291016,49.41600036621094,49.52000045776367,3940500,46.45912767276094,50.428399658203126,50.89889984130859,0.4956143281536285,0.8308966239055557,-0.33528229575192725,23.060250226975498,33.119426894637634,-0.006565841783511495,1.8341088146673339
IJH,2022-08-30,46.774898529052734,48.95199966430664,49.81800079345703,48.75400161743164,49.78200149536133,5331500,42.674894605999555,50.13679962158203,50.86249980926514,0.3189242273647679,0.7285021445973983,-0.4095779172326304,5.968671897387712,20.99021408135741,-0.013621334964512788,1.8091258041413847
IJH,2022-08-31,46.43473434448242,48.59600067138672,49.189998626708984,48.534000396728516,49.04399871826172,4201000,40.79057630437543,49.726399993896486,50.787099838256836,0.14845856802529767,0.6124934292829781,-0.46403486125768045,4.112973037727398,11.047298387363563,-0.007272366061019442,1.7959691790432324
IJH,2022-09-01,46.07163619995117,48.215999603271484,48.24800109863281,47.577999114990234,48.2400016784668,5268500,38.820151930088215,49.06959991455078,50.71159973144531,-0.01710245903363017,0.48657425161965645,-0.5036767106532867,6.083693510955743,5.3884461486903135,-0.00781953745740327,1.781925530775362
IJH,2022-09-02,45.73337173461914,47.86199951171875,48.928001403808594,47.65999984741211,48.76599884033203,4510000,37.02580001974444,48.65079956054687,50.604099655151366,-0.17485993814630518,0.35428741366646416,-0.5291473518127694,6.269690131166609,5.488785559949946,-0.007342141352739473,1.768842381648354
IJH,2022-09-06,45.44671630859375,47.5620002746582,48.06399917602539,47.220001220703125,48.007999420166016,4321000,35.527110280228314,48.23759994506836,50.465199661254886,-0.3203979599158018,0.21935033895001094,-0.5397482988658127,7.97911335376811,6.777498998630182,-0.006267970524648558,1.757755329737433
IJH,2022-09-07,46.48059844970703,48.64400100708008,48.72999954223633,47.448001861572266,47.47600173950195,3286000,44.28625536564528,48.17600021362305,50.40199966430664,-0.3444587680045075,0.10658851755910725,-0.45104728556361473,13.06627612856785,9.105026537834219,0.02274932547586017,1.7977430778405579
IJH,2022-09-08,46.92396545410156,49.108001708984375,49.11399841308594,48.0359992980957,48.310001373291016,5171000,47.57548911245341,48.27840042114258,50.30029983520508,-0.3223700714206217,0.02079679976316147,-0.34316687118378314,24.403513488176856,15.149634323504301,0.009538754215358658,1.8148913072024413
IJH,2022-09-09,47.7609977722168,49.98400115966797,50.06800079345703,49.45399856567383,49.45399856567383,4750000,53.19379866845138,48.63200073242187,50.227199935913085,-0.23151008149072538,-0.029664576487615904,-0.2018455050031095,43.467242986326134,26.979010867690306,0.017838055884982218,1.8472654397654868
IJH,2022-09-12,48.23112106323242,50.47600173950195,50.74800109863281,50.1879997253418,50.28799819946289,5770000,56.0431395365627,49.15480117797851,50.138400077819824,-0.11843727866441611,-0.04741911692297594,-0.07101816174144017,59.40128800190536,42.42401482546948,0.009843246852960563,1.8654485294920413
IJH,2022-09-13,46.42708969116211,48.5880012512207,49.49599838256836,48.448001861572266,49.27399826049805,4227000,44.77820106414021,49.36000137329101,49.95190010070801,-0.17910748886379224,-0.07375679131113921,-0.10535069755265303,56.7958408993867,53.22145729587276,-0.03740388637670633,1.7956735046533272
IJH,2022-09-14,46.43663787841797,48.597999572753906,48.70399856567383,48.04999923706055,48.70199966430664,3844000,44.84143191574246,49.35080108642578,49.74900016784668,-0.22380243144625922,-0.10376591933816322,-0.120036512108096,46.14084355043797,54.112657483910034,0.00020565982747089429,1.7960428025564883
IJH,2022-09-15,46.1595344543457,48.30799865722656,49.05799865722656,48.097999572753906,48.374000549316406,5503000,43.29299655385931,49.190800476074216,49.567200088500975,-0.279403357711665,-0.13889340701286357,-0.14050995069880146,29.474147557982906,44.136944002602554,-0.00596734468153759,1.785325196090839
IJH,2022-09-16,45.49448776245117,47.61199951171875,47.81800079345703,47.20000076293945,47.70199966430664,7669000,39.74569788230843,48.716400146484375,49.329000091552736,-0.3753025524876179,-0.18617523610781445,-0.18912731637980346,22.828251774311052,32.81441429424401,-0.01440756930840148,1.7596029995901248
IJH,2022-09-19,46.07927322387695,48.2239990234375,48.284000396728516,47.152000427246094,47.16400146484375,4564500,44.084217531197034,48.26599960327148,49.16440010070801,-0.39733982321499894,-0.22840815352925137,-0.16893166968574758,22.171732061832177,24.82471046470874,0.01285398495921597,1.7822209100810475
IJH,2022-09-20,45.330142974853516,47.439998626708984,47.83599853515625,47.130001068115234,47.810001373291016,3795000,40.10079495605231,48.03639907836914,49.01560001373291,-0.4726187441995222,-0.2772502716633055,-0.1953684725362167,16.66373270578953,20.554572180644282,-0.01625742327540136,1.753246590375589
IJH,2022-09-21,44.71860122680664,46.79999923706055,48.17599868774414,46.784000396728516,47.75,4044500,37.14974197860887,47.67679901123047,48.83509998321533,-0.5772660695673366,-0.3372534312441118,-0.24001263832322484,12.927553991875662,17.254339586499153,-0.01349084092644759,1.7295938195199954
IJH,2022-09-22,43.74779510498047,45.784000396728516,46.83599853515625,45.68600082397461,46.7140007019043,5099000,32.99817302843267,47.17199935913086,48.59190006256104,-0.7337245246305244,-0.41654764992139437,-0.31717687470913003,3.6359302371511517,11.075738978272144,-0.021709223794867283,1.6920456802178165
IJH,2022-09-23,42.832401275634766,44.82600021362305,45.19200134277344,44.22800064086914,45.141998291015625,6870000,29.63521394375993,46.61479949951172,48.258200073242186,-0.9243660692766937,-0.5181113337924542,-0.4062547354842395,3.8371201483922857,6.800201459139728,-0.020924342064532753,1.6566407376161238
IJH,2022-09-26,42.169090270996094,43.86600112915039,44.869998931884766,43.70399856567383,44.36199951171875,8734000,26.698823984204,45.7431999206543,47.95370006561279,-1.1397761401195083,-0.642444295057865,-0.4973318450616433,4.469207428322834,3.980752604622119,-0.015486197011700065,1.6309856727757925
IJH,2022-09-27,42.207542419433594,43.90599822998047,44.65999984741211,43.47800064086914,44.374000549316406,10339500,27.023262558617976,45.036399841308594,47.667600059509276,-1.2923651603418733,-0.7724284681146667,-0.5199366922272066,5.78627044064282,4.697532672452675,0.0009118562480336934,1.6324728972519666
IJH,2022-09-28,43.33420944213867,45.077999114990234,45.32400131225586,43.97999954223633,44.108001708984375,8432000,35.966827621133575,44.69199981689453,47.47390003204346,-1.303694206323378,-0.878681615756409,-0.42501259056696905,10.065090032684243,6.773522633883327,0.026693499742508786,1.6760493121144147
IJH,2022-09-29,42.484397888183594,44.194000244140625,44.63199996948242,43.70199966430664,44.577999114990234,9686000,32.71054247741871,44.373999786376956,47.253800010681154,-1.368231753911445,-0.9765916433874162,-0.3916401105240288,12.581364024416118,9.47757483258109,-0.019610639374644134,1.6431809134804185
IJH,2022-09-30,42.155635833740234,43.85200119018555,44.858001708984375,43.80799865722656,44.11399841308594,11832000,31.521532508280814,44.17919998168945,47.035600090026854,-1.4304849507257273,-1.0673703048550784,-0.3631146458706489,12.690539542916015,11.778997866672155,-0.007738418590952922,1.6304652917512426
IJH,2022-10-03,43.388038635253906,45.13399887084961,45.42599868774414,44.0359992980957,44.486000061035156,7008000,40.28415935660864,44.4327995300293,46.8992000579834,-1.3606893788238281,-1.1260341196488284,-0.23465525917499974,15.246928697479143,13.506277421603789,0.0292345917014325,1.678131278838947
IJH,2022-10-04,45.09725570678711,46.9119987487793,46.93000030517578,45.89799880981445,45.90999984741211,7483000,49.86586791425824,45.033999633789065,46.86669998168945,-1.148665058680379,-1.1305603074551385,-0.01810475122524058,32.477768505536886,20.138412248644045,0.03939373904181087,1.7442391445154288
IJH,2022-10-05,44.88768768310547,46.694000244140625,46.90999984741211,45.874000549316406,46.31399917602539,7422000,48.83130196226215,45.35719985961914,46.76919994354248,-0.9868491323433872,-1.1018180724327882,0.11496894008940095,52.71165149743584,33.478782900150655,-0.004647023868685207,1.7361336235781706
IJH,2022-10-06,44.51469802856445,46.305999755859375,46.891998291015625,46.150001525878906,46.4640007019043,6562500,46.96371561816706,45.77959976196289,46.62909984588623,-0.8797757346220934,-1.0574096048706492,0.17763387024855581,62.433551219458764,49.20765707414386,-0.008309397828068499,1.7217073986171734
IJH,2022-10-07,43.39765167236328,45.14400100708008,45.91600036621094,44.9119987487793,45.880001068115234,5842500,41.80682791443394,46.0379997253418,46.38709983825684,-0.8785554430379818,-1.0216387725041158,0.143083329466134,53.74045608984431,56.295219602246334,-0.025093876981584384,1.6785030849579903
IJH,2022-10-10,43.311134338378906,45.05400085449219,45.43000030517578,44.71799850463867,45.28200149536133,9945000,41.42739489868128,46.02200012207031,46.11599979400635,-0.8747668456438973,-0.9922643871320722,0.11749754148817493,42.61707564325914,52.93036098418744,-0.001993594829451828,1.675156829886599
IJH,2022-10-11,43.37842559814453,45.124000549316406,45.70600128173828,44.47200012207031,44.827999114990234,8492000,41.869302042662,45.66440048217773,45.942799758911136,-0.8562456971509462,-0.9650606491358471,0.10881495198490088,38.89687815374295,45.084803295615494,0.0015536711470056641,1.6777594727199034
IJH,2022-10-12,43.136173248291016,44.87200164794922,45.18000030517578,44.678001403808594,45.150001525878906,6355000,40.67943461875485,45.300000762939455,45.7564998626709,-0.8520795165643804,-0.9424644226215537,0.09038490605717331,40.53704445532837,40.68366608411018,-0.005584627531154074,1.6683898109778974
IJH,2022-10-13,44.08595275878906,45.86000061035156,46.10599899291992,43.650001525878906,44.0,10198000,47.0347408158667,45.21080093383789,45.63409996032715,-0.7602903750406469,-0.9060296131053724,0.14573923806472555,52.35613569213956,43.93001943373699,0.022018168024111384,1.7051246981657242
IJH,2022-10-14,43.013126373291016,44.74399948120117,46.45199966430664,44.689998626708984,46.18199920654297,6854500,41.61173742210701,45.13080062866211,45.49069995880127,-0.7687372587928536,-0.8785711422428687,0.1098338834500151,48.686754608044936,47.19331158517099,-0.024334880349935695,1.663630692654141
IJH,2022-10-17,44.17055130004883,45.948001861572266,46.150001525878906,45.5359992980957,45.5359992980957,16039000,48.5093232864648,45.309600830078125,45.376900100708006,-0.6705488751640587,-0.8369666888271068,0.1664178136630481,58.579618539960194,53.207502946714925,0.02690864450802888,1.7083967395554172
IJH,2022-10-18,44.84346389770508,46.64799880981445,47.2400016784668,46.2760009765625,46.965999603271484,5978000,52.05552636550522,45.614400482177736,45.33730010986328,-0.5301388593539329,-0.7756011229324721,0.24546226357853917,63.415014548577936,56.89379589886105,0.015234417000711264,1.7344231678884598
IJH,2022-10-19,44.0474967956543,45.81999969482422,46.4379997253418,45.37200164794922,46.2760009765625,6274000,47.856982240804584,45.80400009155274,45.288300132751466,-0.4801407551787875,-0.7165090493817352,0.2363682942029477,71.33877029805483,64.44446779553101,-0.017749902279326712,1.7036373261474393
IJH,2022-10-20,43.389957427978516,45.13600158691406,46.29600143432617,45.0,45.84600067138672,5191000,44.6529853198415,45.659200286865236,45.25590019226074,-0.49006071344831525,-0.6712193821950513,0.18115866874673603,61.78268552550901,65.51215679071395,-0.014927962211479295,1.6782054925206447
IJH,2022-10-21,44.27629089355469,46.05799865722656,46.14799880981445,44.79999923706055,45.19200134277344,6760000,49.55551053120888,45.922000122070315,45.31750011444092,-0.4186983992077913,-0.6207151855975993,0.20201678638980802,56.30450421157432,63.1419866783794,0.020427156838016325,1.7124864593227842
IJH,2022-10-24,44.576229095458984,46.369998931884766,46.5,45.858001708984375,46.305999755859375,4710500,51.132947089935634,46.00639953613281,45.44270000457764,-0.33312735161974416,-0.5631976188020282,0.23007026718228407,61.41127499786592,59.83282157831644,0.006774239572718166,1.7240872528632727
IJH,2022-10-25,45.69328308105469,47.53200149536133,47.58599853515625,46.33399963378906,46.374000549316406,5127500,56.57892121010594,46.18320007324219,45.62400016784668,-0.16959282378346074,-0.4844766597983147,0.314883836014854,80.48973011305786,66.0685031074994,0.02505940965090514,1.767291861606677
IJH,2022-10-26,45.791324615478516,47.63399887084961,48.369998931884766,47.417999267578125,47.69200134277344,7136000,57.03158458525161,46.545999908447264,45.75180015563965,-0.03139825693507703,-0.3938609792256672,0.3624627222905902,86.266944660486,76.05598325713663,0.0021456443444851647,1.7710838413945882
IJH,2022-10-27,45.82209014892578,47.66600036621094,48.284000396728516,47.58599853515625,47.90599822998047,7578000,57.1824059849192,47.05199966430664,45.92540016174316,0.07978448033319552,-0.29913188731389473,0.37891636764709025,89.37322023291135,85.37663166881843,0.0006718638018361478,1.7722737685176382
IJH,2022-10-28,46.63344192504883,48.5099983215332,48.551998138427734,47.47200012207031,47.76599884033203,6713500,61.06408662210909,47.54239959716797,46.15830001831055,0.23331170989577288,-0.1926431678719612,0.4259548777677341,89.54491591659455,88.395026936664,0.017706564093564525,1.803654647591239
IJH,2022-10-31,46.62959671020508,48.50600051879883,48.762001037597656,48.16400146484375,48.321998596191406,9093000,61.0358607568268,47.969599914550784,46.32690010070801,0.3506188404187398,-0.083990766213821,0.4346096066325608,93.07338086614038,90.66383900521545,-8.245616632651664e-05,1.8035059251436216
IJH,2022-11-01,46.80070877075195,48.683998107910156,49.104000091552734,48.41400146484375,49.051998138427734,12253000,61.880718422050585,48.199999237060545,46.41550006866455,0.4527297179892855,0.02335333062680031,0.4293763873624852,95.47818872395037,92.69882850222847,0.0036696019828417192,1.8101240740625955
IJH,2022-11-02,45.427947998046875,47.25600051879883,48.970001220703125,47.24800109863281,48.52799987792969,6667000,52.11736615259251,48.12439956665039,46.44360008239746,0.41365746717682583,0.10141415793680543,0.3122433092400204,81.8081974177648,90.11992233595187,-0.02933205091891644,1.7570294225526348
IJH,2022-11-03,45.339508056640625,47.16400146484375,47.481998443603516,46.36199951171875,46.737998962402344,4802000,51.553029350229544,48.023999786376955,46.48650016784668,0.3709923037783156,0.15532978710510748,0.21566251667320813,68.45270634004993,81.91303082725506,-0.0019468178798226488,1.7536088062574349
IJH,2022-11-04,46.11433410644531,47.970001220703125,48.33000183105469,47.1619987487793,47.880001068115234,6906000,56.0437194167925,47.91600036621094,46.627800178527835,0.3976336257565478,0.20379055483539554,0.19384307092115227,62.2371251051537,70.83267628765617,0.01708942339728803,1.783576969620781
IJH,2022-11-07,46.50463104248047,48.375999450683594,48.444000244140625,47.7859992980957,48.2760009765625,5058500,58.148151961006256,47.89000015258789,46.793900108337404,0.44636234222503646,0.25230491231332375,0.1940574299117127,70.55454318772958,67.08145821097777,0.008463679322230577,1.798672593138167
IJH,2022-11-08,46.60075378417969,48.47600173950195,48.986000061035156,47.928001403808594,48.50199890136719,8069500,58.67298192945523,47.84840087890625,46.96150016784668,0.48743075176020767,0.2993300802027006,0.1881006715575071,80.71563375604609,71.16910068297649,0.002066949883150704,1.8023903592443804
IJH,2022-11-09,45.622135162353516,47.45800018310547,48.391998291015625,47.354000091552734,48.13399887084961,5289500,51.581727696853626,47.88880081176758,47.09080009460449,0.43284398833009874,0.32603286182818025,0.10681112650191849,76.75032291382303,76.00683328586626,-0.021000059920884828,1.7645400536994233
IJH,2022-11-10,48.2657585144043,50.20800018310547,50.22200012207031,49.189998626708984,49.189998626708984,11681000,64.17717642414229,48.49760055541992,47.30820007324219,0.6045171054338141,0.38172971054930704,0.22278739488450705,82.28155769906722,79.91583812297881,0.0579460681233579,1.8667882118574837
IJH,2022-11-11,48.54261779785156,50.49599838256836,50.90599822998047,50.29999923706055,50.380001068115234,7753500,65.19822753279549,49.00279998779297,47.59580001831055,0.7551039668775275,0.45640456181495115,0.2986994050625763,84.15602717204015,81.06263592831016,0.0057361428053521735,1.8774963756280463
IJH,2022-11-14,48.07733917236328,50.012001037597656,50.73400115966797,49.986000061035156,50.25400161743164,6788500,61.9999447543064,49.33000030517578,47.79899997711182,0.8258704779041182,0.5302977450327846,0.29557273287133357,90.34577556108195,85.59445347739647,-0.009584951257179064,1.859500664382121
IJH,2022-11-15,48.81755447387695,50.78200149536133,51.194000244140625,50.395999908447266,50.757999420166016,10443500,64.94606541450736,49.79120025634766,48.00570011138916,0.9333272341379626,0.6109036428538203,0.32242359128414233,87.61055637380294,87.37078636897506,0.015396345019426105,1.8881301781748003
IJH,2022-11-16,48.140785217285156,50.077999114990234,50.518001556396484,49.9379997253418,50.518001556396484,6047500,60.339908028398746,50.31520004272461,48.21860008239746,0.9507210585748922,0.6788671259980347,0.2718539325768575,82.90108374213054,86.95247189233851,-0.013863235548883246,1.8619545847678083
IJH,2022-11-17,47.84278106689453,49.768001556396484,49.77399826049805,49.15999984741211,49.38600158691406,5900500,58.376577645119994,50.22720031738281,48.45020008087158,0.9287851208120159,0.7288507249608309,0.199934395851185,79.62197766339297,83.37787259310885,-0.006190263599681112,1.8504285950774608
IJH,2022-11-18,48.14847946166992,50.08599853515625,50.36800003051758,49.61600112915039,50.25400161743164,4516500,59.82081723675261,50.14520034790039,48.65160007476807,0.9263816793226667,0.7683569158331982,0.15802476348946848,74.8206334670161,79.11456495751322,0.006389645166069213,1.8622521772051537
IJH,2022-11-21,48.05234909057617,49.986000061035156,50.09199905395508,49.7140007019043,49.858001708984375,3364000,59.12605623090042,50.14000015258789,48.83240013122558,0.9059644986894568,0.7958784324044499,0.11008606628500694,74.18598225281835,76.2095311277425,-0.0019965401227317603,1.858534116014719
IJH,2022-11-22,48.84446716308594,50.810001373291016,50.82600021362305,50.183998107910156,50.20800018310547,5675000,62.945046721866596,50.145600128173825,48.99630012512207,0.9453760487586109,0.8257779556752821,0.1195980930833288,81.37416974558157,76.7935951551387,0.016484481768345383,1.8891710877660115
IJH,2022-11-23,48.884849548339844,50.85200119018555,51.11399841308594,50.619998931884766,50.7239990234375,4291500,63.134120286747624,50.30040054321289,49.157200241088866,0.9688309403455975,0.8543885526093452,0.11444238773625226,86.19029615242573,80.5834827169419,0.0008267545455880043,1.8907329685502154
IJH,2022-11-25,49.104026794433594,51.08000183105469,51.16400146484375,50.816001892089844,50.902000427246094,3497000,64.20198644830948,50.562800598144534,49.32790031433105,0.9943545567825609,0.8823817534439884,0.11197280333857251,93.53405996704338,87.03284195501692,0.004483541385905676,1.8992101480644066
IJH,2022-11-28,48.1811637878418,50.119998931884766,50.847999572753906,49.986000061035156,50.63399887084961,5116000,56.748374032642495,50.569600677490236,49.40840034484863,0.9264385884528608,0.8911931204457629,0.035245468007097824,86.86013071132213,88.86149561026377,-0.018794039243567928,1.8635163180099017
IJH,2022-11-29,48.319583892822266,50.263999938964844,50.513999938964844,50.119998931884766,50.119998931884766,4341500,57.5445866977985,50.62520065307617,49.496300315856935,0.874157627067575,0.8877860217701253,-0.013628394702550284,81.61458379899454,87.33625815912005,0.002872909122535461,1.868870031039906
IJH,2022-11-30,49.41164779663086,51.400001525878906,51.470001220703125,49.832000732421875,50.29399871826172,11351500,63.286430180190685,50.74320068359375,49.63210048675537,0.9138560588179132,0.893000029179683,0.02085602963823019,81.5940573118005,83.35625727403908,0.02260085488796637,1.9111080914159082
IJH,2022-12-01,49.35973358154297,51.34600067138672,51.94200134277344,51.194000244140625,51.70800018310547,8688000,62.851280384954165,50.842000579833986,49.83660049438477,0.9302367442033628,0.900447372184419,0.029789372018943827,83.7758353342628,82.32815881501931,-0.0010506473150128093,1.9091001908309628
IJH,2022-12-02,49.41164779663086,51.400001525878906,51.630001068115234,50.70000076293945,50.70000076293945,5187000,63.12433700193994,50.90600051879883,50.048400497436525,0.9367773864539757,0.9077133750383304,0.029064011415645297,85.35463108980724,83.5748412452902,0.0010517523357804759,1.9111080914159082
IJH,2022-12-05,48.20231246948242,50.141998291015625,51.04399871826172,49.89799880981445,51.04199981689453,5191500,53.296205579074694,50.910400390625,50.157000350952146,0.8308727610890969,0.8923452522484837,-0.0614724911593868,64.79748429397738,77.9759835726825,-0.02447470143327013,1.864334291471797
IJH,2022-12-06,47.619747161865234,49.5359992980957,50.15800094604492,49.08399963378906,50.060001373291016,7501000,49.313189612075796,50.764800262451175,50.21500034332276,0.690088616298631,0.8518939250585131,-0.16180530875988208,43.8770453657219,64.67638691650221,-0.012085837333759009,1.8418022504893201
IJH,2022-12-07,47.546695709228516,49.459999084472656,49.895999908447266,49.30799865722656,49.4739990234375,5329000,48.82041893956725,50.376799774169925,50.26420021057129,0.565860695318527,0.794687279110516,-0.22882658379198895,21.42317730411435,43.36590232127124,-0.0015340579694471668,1.8389768190688112
IJH,2022-12-08,47.927371978759766,49.85599899291992,50.189998626708984,49.58399963378906,49.763999938964844,3907000,51.53779582940595,50.078799438476565,50.384100151062015,0.4936723089530588,0.7344842850790245,-0.24081197612596572,18.66103939093011,27.987087353588816,0.008006366454133218,1.8537003413829323
IJH,2022-12-09,47.402496337890625,49.310001373291016,49.891998291015625,49.301998138427734,49.59000015258789,3657000,47.771596886682666,49.66079940795898,50.33920021057129,0.3879331954603913,0.6651740671552979,-0.27724087169490663,16.025189266532077,18.703135320525544,-0.01095147969101562,1.8333995797410483
IJH,2022-12-12,47.894691467285156,49.821998596191406,49.891998291015625,49.13800048828125,49.36000061035156,5886000,51.3610104529634,49.59679946899414,50.305500221252444,0.34151135286462164,0.6004415242971627,-0.25893017143254105,20.247247760301498,18.311158805921256,0.010383316648264751,1.852436348120295
IJH,2022-12-13,48.20056915283203,49.922000885009766,51.09000015258789,49.58399963378906,51.013999938964844,6287500,52.05410927668243,49.67399978637695,50.30100021362305,0.30922648665841734,0.5421985167694137,-0.23297203011099632,21.017038437033904,19.096491821289188,0.0063864632212069505,1.8642668647271923
IJH,2022-12-14,47.98236083984375,49.69599914550781,50.32600021362305,49.327999114990234,49.88800048828125,5186000,50.30930987862901,49.72119979858398,50.24670009613037,0.2623794984550045,0.4862347131065319,-0.22385521465152736,25.51899250052495,22.26109289928681,-0.004527089966435804,1.855827160909127
IJH,2022-12-15,46.90291213989258,48.577999114990234,49.1879997253418,48.41600036621094,49.13600158691406,5343000,42.68678803215452,49.465599822998044,50.17170009613037,0.1335007502947576,0.4156879205441771,-0.2821871702494195,18.443060152866945,21.65969703014196,-0.022496781755991013,1.814077022293314
IJH,2022-12-16,46.377662658691406,48.034000396728516,48.33399963378906,47.69200134277344,48.02399826049805,6335500,39.546971357121464,49.21039962768555,50.08500003814697,-0.012389913114297713,0.3300723538124822,-0.3424622669267799,11.351662378941354,18.43790501077778,-0.011198653926531521,1.7937618015245784
IJH,2022-12-19,45.86787796020508,47.50600051879883,48.198001861572266,47.305999755859375,48.108001708984375,6572500,36.72354755722236,48.74720001220703,49.9560001373291,-0.1686701677213236,0.23032384950572102,-0.39899401722704464,5.651839975715835,11.815520835841406,-0.010992030845495604,1.7740447164727484
IJH,2022-12-20,46.11311340332031,47.7599983215332,48.01599884033203,47.38999938964844,47.422000885009766,7595500,38.98044938239514,48.31479949951172,49.84470005035401,-0.2689278625061746,0.1304735071033419,-0.39940136960951655,7.3846686787356575,8.12939034446431,0.005346561777459957,1.7835297561453465
IJH,2022-12-21,46.9840087890625,48.6619987487793,48.779998779296875,48.189998626708984,48.189998626708984,6254500,46.30477552026715,48.10799942016602,49.73729991912842,-0.2724581834546598,0.04988716899174157,-0.32234535244640133,15.155596217948414,9.397368290799998,0.01888606778998092,1.8172136200253557
IJH,2022-12-22,46.45297622680664,48.11199951171875,48.31999969482422,47.3120002746582,48.316001892089844,5237000,42.92167170424511,48.01479949951172,49.60029983520508,-0.3159937508754851,-0.023289014981703757,-0.2927047358937813,20.817637518983933,14.45263413855603,-0.011302410669978391,1.796674725416751
IJH,2022-12-23,46.78125762939453,48.45199966430664,48.47800064086914,47.847999572753906,48.11800003051758,3634000,45.56917300973858,48.09839935302735,49.468899726867676,-0.3193792259887758,-0.08250705718311817,-0.2368721688056576,27.648476193373142,21.20723664343519,0.007066961672919758,1.8093717568399748
IJH,2022-12-27,46.796695709228516,48.46799850463867,48.66999816894531,48.20000076293945,48.465999603271484,4182000,45.69681228741818,48.29079895019531,49.38629970550537,-0.3171157536893432,-0.12942879648436317,-0.18768695720498002,27.431272785437702,25.299128832598285,0.00033000566073471127,1.8099688597621055
IJH,2022-12-28,46.00691223144531,47.650001525878906,48.630001068115234,47.64400100708008,48.4900016784668,5267000,40.4712406933732,48.26879959106445,49.25559978485107,-0.3769818434562211,-0.17893940587873475,-0.19804243757748635,23.36152351304274,26.147090830617895,-0.01687690692288457,1.779422183782581
IJH,2022-12-29,46.91642761230469,48.59199905395508,48.7599983215332,47.89400100708008,48.00600051879883,4788000,47.86492116627035,48.25479965209961,49.115199661254884,-0.3444442837010513,-0.2120403814431981,-0.1324039022578532,24.594780868313944,25.12919238893149,0.019769102874887867,1.8145997639916365
IJH,2022-12-30,46.709808349609375,48.37799835205078,48.46200180053711,47.96799850463867,48.236000061035156,9126500,46.45335559857981,48.30799942016601,48.96679954528808,-0.33209788366072246,-0.23605188188670298,-0.09604600177401948,23.80196776796208,23.919424049772953,-0.0044039854100298426,1.8066082931059737
IJH,2023-01-03,46.487735748291016,48.14799880981445,49.02199935913086,47.805999755859375,48.7140007019043,7379500,44.92007842188185,48.24719924926758,48.804199409484866,-0.3369877287800449,-0.2562390512653714,-0.08074867751467352,28.188835559749254,25.52852806534179,-0.004754303414310934,1.7980191291297376
IJH,2023-01-04,47.186771392822266,48.87200164794922,49.11800003051758,48.439998626708984,48.47200012207031,6782000,50.46291423251781,48.327999877929685,48.74069957733154,-0.27922327585959295,-0.2608358961842157,-0.018387379675377236,34.14522912459222,28.712010817434546,0.015036990579971432,1.82505592583707
IJH,2023-01-05,46.717529296875,48.38600158691406,48.604000091552734,48.099998474121094,48.57600021362305,4477000,47.040802674484226,48.47519989013672,48.68319969177246,-0.269553429855101,-0.26257940291839277,-0.006974026936708233,43.830591923627615,35.38821886932306,-0.009944356905474683,1.8069069183380946
IJH,2023-01-06,47.891597747802734,49.60200119018555,49.689998626708984,48.66600036621094,48.821998596191406,6100000,55.222819563321195,48.67720031738281,48.6902997970581,-0.16190268836718502,-0.24244406000815125,0.08054137164096623,68.51634936454893,48.830723470922955,0.025131218807974642,1.8523166914684923
IJH,2023-01-09,47.90125274658203,49.61199951171875,50.167999267578125,49.5620002746582,49.88800048828125,5348500,55.28399264307267,48.9240005493164,48.67809982299805,-0.07491830755358109,-0.20893890951723723,0.13402060196365614,78.08923991263735,63.478727066938,0.00020160109984512786,1.8526901205507538
IJH,2023-01-10,48.360843658447266,50.0880012512207,50.09199905395508,49.347999572753906,49.54600143432617,3461000,58.211049703977075,49.31200103759765,48.71699981689453,0.032057266976359244,-0.16073967421851795,0.1927969411948772,91.36026990125644,79.32195305948095,0.009594548900352606,1.870465846509578
IJH,2023-01-11,48.95174026489258,50.70000076293945,50.7239990234375,50.26599884033203,50.327999114990234,3715000,61.683831259508466,49.6776008605957,48.76089992523193,0.1643251879334855,-0.09572670178811726,0.26005188972160276,92.35621001662518,87.26857327683969,0.012218492518835555,1.8933201194618927
IJH,2023-01-12,49.41132354736328,51.17599868774414,51.2760009765625,50.512001037597656,50.91400146484375,6254000,64.17734862810799,50.235600280761716,48.82359981536865,0.30405259364860626,-0.015770842700772565,0.3198234363493788,97.99094578178266,93.90247523322147,0.009388497323767453,1.9110955503364957
IJH,2023-01-13,49.660423278808594,51.433998107910156,51.47600173950195,50.7599983215332,50.82400131225586,3209000,65.4883245581054,50.60199966430664,48.91049976348877,0.43064179581872963,0.07351168500312788,0.35713011081560175,98.55925378746731,96.3021365286251,0.005041349098988235,1.920730050167265
IJH,2023-01-17,49.540706634521484,51.310001373291016,51.65800094604492,51.2400016784668,51.43199920654297,4401500,64.2709398447231,50.9416000366211,49.047099876403806,0.5150222939502882,0.16181380679255997,0.35320848715772823,95.90382157091966,97.48467371338991,-0.0024107052735935497,1.9160997361061771
IJH,2023-01-18,48.903465270996094,50.650001525878906,51.83399963378906,50.645999908447266,51.48400115966797,5211500,58.08190295489938,51.05400009155274,49.17789993286133,0.5226136104256085,0.23397376751916968,0.28863984290643885,87.32550189255424,93.92952575031377,-0.012862984943402878,1.8914529740505852
IJH,2023-01-19,48.411041259765625,50.13999938964844,50.439998626708984,49.900001525878906,50.34000015258789,3343500,53.77282714735599,50.94199981689453,49.30959987640381,0.48192158129329243,0.2835633302739943,0.19835825101929816,73.67233852689749,85.63388733012384,-0.010069307123773852,1.8724073531446943
IJH,2023-01-20,49.2027702331543,50.959999084472656,50.97800064086914,50.0,50.30799865722656,3762500,59.035188185396194,50.898799896240234,49.469599914550784,0.5099614591238222,0.32884295604395986,0.18111850307986233,69.32951125644756,76.77578389196647,0.016354305810948988,1.9030292756006921
IJH,2023-01-23,49.81876754760742,51.597999572753906,51.77199935913086,50.96200180053711,51.07600021362305,4865500,62.602326102559466,50.931600189208986,49.616399955749515,0.5770131236217537,0.37847698955951864,0.19853613406223508,76.79575521790238,73.26586833374917,0.012519565697909574,1.9268543756416203
IJH,2023-01-24,49.646907806396484,51.41999816894531,51.68199920654297,51.167999267578125,51.39400100708008,3687000,61.0061899336452,50.953599548339845,49.78179988861084,0.6087712886810337,0.42453584938382166,0.18423543929721203,87.11851402983507,77.74792683472837,-0.003449698771586518,1.9202073084689433
IJH,2023-01-25,49.7801513671875,51.55799865722656,51.59000015258789,50.79999923706055,51.05799865722656,3930500,61.81896256684567,51.135198974609374,49.937099838256835,0.6377240633489833,0.467173492176854,0.17055057117212935,91.88736950297289,85.26721291690347,0.002683823961617371,1.925360806854685
IJH,2023-01-26,50.206912994384766,52.0,52.05799865722656,51.43000030517578,51.91400146484375,4756000,64.37988468057146,51.507199096679685,50.1136999130249,0.6883997168474068,0.5114187371109646,0.1769809797364421,93.27041011891409,90.75876455057404,0.008572927471621972,1.9418667854085538
IJH,2023-01-27,50.4000129699707,52.20000076293945,52.38399887084961,51.7859992980957,51.7859992980957,3995500,65.50726141904592,51.75519943237305,50.34119987487793,0.7362123299727159,0.5563774556833149,0.17983487428940104,94.94600894716844,93.3679295230185,0.0038460834189812942,1.9493353670537843
IJH,2023-01-30,49.8535270690918,51.63399887084961,52.32400131225586,51.599998474121094,51.78200149536133,4263500,59.744355338939044,51.76239929199219,50.493299865722655,0.720131322311893,0.5891282290090305,0.13100309330286253,89.17534163369847,92.46392023326037,-0.010842971433450033,1.9281987793546063
IJH,2023-01-31,51.03532791137695,52.858001708984375,52.87200164794922,51.74599838256836,51.816001892089844,6995000,66.5895218143785,52.05,50.71730003356934,0.7969668695249936,0.6306959571122231,0.16627091241277048,89.5882768841418,91.23654248833627,0.023705461012764495,1.973907620343457
IJH,2023-02-01,51.87339401245117,53.72600173950195,54.06800079345703,52.58399963378906,52.75600051879883,6810000,70.42957151565389,52.48360061645508,50.99620018005371,0.9173255842258428,0.6880218825349471,0.22930370169089564,88.87334092269687,89.21231981351241,0.01642129355041133,2.006321736818511
IJH,2023-02-02,52.4700813293457,54.34400177001953,54.59000015258789,53.86199951171875,54.04800033569336,5487000,72.82446243402981,52.95240097045898,51.26980018615723,1.050469017446133,0.7605113095171843,0.2899577079289488,95.35947206132728,91.27369662272201,0.011502762220480633,2.029399978694916
IJH,2023-02-03,52.101253509521484,53.96200180053711,54.428001403808594,53.77000045776367,53.89799880981445,5924000,69.09916922723525,53.30480117797852,51.54860019683838,1.1123395841705985,0.8308769644478672,0.28146261972273134,91.05310556235823,91.76197284879417,-0.007029297658395994,2.015134722176727
IJH,2023-02-06,51.537391662597656,53.37799835205078,53.90800094604492,53.167999267578125,53.608001708984375,5504500,63.73163297743626,53.65360107421875,51.73740005493164,1.1015502706518774,0.8850116256886693,0.21653864496320807,85.17413542314814,90.5289043489446,-0.010822423817898774,1.993326080163167
IJH,2023-02-07,51.9023551940918,53.75600051879883,53.891998291015625,52.816001892089844,53.22200012207031,6776000,65.59454777266279,53.83320083618164,51.944600105285645,1.1106978443518543,0.9301488694213064,0.1805489749305479,80.99502082901226,85.74075393817292,0.00708152895830394,2.0074418765231847
IJH,2023-02-08,51.29988098144531,53.13199996948242,53.65800094604492,53.01599884033203,53.459999084472656,4340500,60.10599149608196,53.71440048217774,52.09680004119873,1.0554293999336792,0.955204975523781,0.1002244244098982,74.87017145079392,80.34644256765148,-0.011607839574784173,1.9841398132647998
IJH,2023-02-09,50.67807388305664,52.487998962402344,53.7140007019043,52.349998474121094,53.50600051879883,4323000,54.991825999959474,53.3431999206543,52.18619995117187,0.9487269269622374,0.9539093658114723,-0.0051824388492349716,64.99700612125332,73.62073280035321,-0.012121024191334318,1.9600900065892277
IJH,2023-02-10,50.809391021728516,52.624000549316406,52.672000885009766,52.20000076293945,52.279998779296875,3161500,55.84623703128109,53.075599670410156,52.258600044250485,0.8651655499212154,0.936160602633421,-0.07099505271220563,53.6334012762843,64.50019294944389,0.002591202242115509,1.96516899620905
IJH,2023-02-13,51.41573715209961,53.25199890136719,53.25400161743164,52.47800064086914,52.67599868774414,2608000,59.654843246988904,53.05039978027344,52.34950008392334,0.8399345327458718,0.9169153886559113,-0.07698085591003945,52.45381935986908,57.02807558580227,0.011933741345409699,1.9886208147098272
IJH,2023-02-14,51.42925262451172,53.26599884033203,53.597999572753906,52.715999603271484,52.95600128173828,3216000,59.73821974420086,52.95239944458008,52.44729995727539,0.8117115425373669,0.8958746194322025,-0.0841630768948356,56.97481326089405,54.354011299015845,0.0002628664521939772,1.989143556408149
IJH,2023-02-15,51.807743072509766,53.65800094604492,53.65800094604492,52.80400085449219,52.92599868774414,3740000,62.09999437853709,53.05759963989258,52.59769992828369,0.8116200624304497,0.879023708031852,-0.06740364560140233,63.875747726903285,57.768126782555505,0.007359439009573698,2.0037825370928215
IJH,2023-02-16,51.4118766784668,53.24800109863281,53.82400131225586,52.9379997253418,52.970001220703125,8890000,58.2511532382165,53.20960006713867,52.75310001373291,0.7695926179670209,0.8571374900188858,-0.0875448720518649,60.6826038125038,60.51105493343375,-0.007641066191378276,1.9884715020937673
IJH,2023-02-17,51.353939056396484,53.1879997253418,53.24399948120117,52.7599983215332,53.06800079345703,3798500,57.68766665861243,53.32239990234375,52.86450004577637,0.7231084124073064,0.8303316744965701,-0.1072232620892637,58.216613234509055,60.92498825797208,-0.0011269306979914129,1.9862306325159769
IJH,2023-02-21,50.102630615234375,51.891998291015625,52.736000061035156,51.816001892089844,52.61600112915039,3479500,47.09146478376143,53.05039978027344,52.87919998168945,0.5750638815250255,0.7792781159022613,-0.20421423437723574,36.18665405353061,51.69529036684785,-0.02436635755999028,1.9378334267274868
IJH,2023-02-22,50.185665130615234,51.97800064086914,52.32400131225586,51.79199981689453,51.95600128173828,3207500,47.776982575962414,52.79280014038086,52.90710010528564,0.45938172846853575,0.7152988384155162,-0.25591710994698047,20.030160850745514,38.144476046261765,0.0016572885367742707,1.9410449758517803
IJH,2023-02-23,50.401939392089844,52.20199966430664,52.512001037597656,51.59600067138672,52.26599884033203,3533000,49.60833607482524,52.501599884033205,52.93930015563965,0.38138131152220467,0.6485153330368539,-0.26713402151464927,10.261832001204317,22.159548968493514,0.004309482815694876,1.9494098758197045
IJH,2023-02-24,50.09104919433594,51.880001068115234,51.97999954223633,51.33599853515625,51.55799865722656,4524000,47.05388134393141,52.22799987792969,52.93330020904541,0.2902371502695331,0.5768596964833899,-0.28662254621385674,16.398944031675875,15.563645627875268,-0.006168218951564719,1.937385488879306
IJH,2023-02-27,50.20304870605469,51.99599838256836,52.55799865722656,51.858001708984375,52.220001220703125,6215000,48.090851118864464,51.989599609375,52.92310009002686,0.22477370827274257,0.5064424988412605,-0.2816687905685179,22.790263584055378,16.48367987231189,0.002235918662518488,1.9417173252503839
IJH,2023-02-28,50.0794563293457,51.86800003051758,52.36600112915039,51.86600112915039,51.987998962402344,6045500,46.99703687821689,51.98479995727539,52.934800148010254,0.16071246827380037,0.4372964927277685,-0.2765840244539681,22.785066551286757,20.658091389006035,-0.0024618500249383723,1.936937108404793
IJH,2023-03-01,50.23973846435547,52.034000396728516,52.1879997253418,51.678001403808594,51.81999969482422,9602000,48.628920388804275,51.99599990844727,52.89360008239746,0.12193275141083859,0.37422374446438256,-0.25229099305354397,25.086323839734018,23.55388465835875,0.0032005566105925976,1.9431363852714
IJH,2023-03-02,50.48884201049805,52.29199981689453,52.349998474121094,51.512001037597656,51.65800094604492,11038500,51.14647707932652,52.013999938964844,52.82189998626709,0.11074138566066694,0.32152727270363946,-0.21078588704297252,29.287274901681144,25.719555097567337,0.004958297032523706,1.9527710326442802
IJH,2023-03-03,51.0507698059082,52.874000549316406,52.9379997253418,52.21200180053711,52.50400161743164,6611000,56.34397409895288,52.212799835205075,52.748399925231936,0.14713862037255865,0.2866495422374233,-0.13951092186486463,42.7652946753243,32.37963113891319,0.01112974219716345,1.9745048708076998
IJH,2023-03-06,50.42705154418945,52.22800064086914,52.917999267578125,52.09600067138672,52.810001373291016,8125500,49.98701815746353,52.25920028686524,52.66169986724854,0.12244542273084136,0.2538087183361069,-0.13136329560526555,45.36443759598696,39.1390023909975,-0.012217607375757278,1.950381145534651
IJH,2023-03-07,49.81876754760742,51.597999572753906,52.400001525878906,51.51599884033203,52.209999084472656,3805500,44.69137235986654,52.2052001953125,52.57269992828369,0.05144701546694819,0.21333637776227518,-0.161889362295327,36.06648114502115,41.39873780544417,-0.012062652444571165,1.9268543756416219
IJH,2023-03-08,49.86704635620117,51.64799880981445,51.880001068115234,51.3120002746582,51.64400100708008,6985500,45.187675127133474,52.12799987792969,52.46729984283447,-0.0007762649368672214,0.1705138492224467,-0.17129011415931392,19.919481187364948,33.78346664279105,0.0009690887785935853,1.9287216685950401
IJH,2023-03-09,48.65629196166992,50.39400100708008,51.80799865722656,50.37200164794922,51.64400100708008,10549500,36.372269574575604,51.748400115966795,52.330399894714354,-0.14171710689659278,0.1080676579986388,-0.24978476489523158,8.224101296615821,21.40335454300067,-0.02427964924737691,1.881892982985737
IJH,2023-03-10,47.269805908203125,48.95800018310547,50.2400016784668,48.59600067138672,50.16600036621094,10004500,29.31869147507461,50.96520004272461,52.15389995574951,-0.3650786059924087,0.013438405200429285,-0.378517011192838,7.492963232459867,11.878848572146909,-0.02849551409628648,1.8282674749613643
IJH,2023-03-13,46.38732147216797,48.04399871826172,48.81800079345703,47.534000396728516,48.007999420166016,9557500,25.878692631671772,50.12839965820312,51.924899864196775,-0.608828289305805,-0.11101493370081758,-0.4978133556049874,6.18019373618873,7.299086088421504,-0.018669093707491036,1.7941353781489526
IJH,2023-03-14,47.285247802734375,48.9739990234375,49.55400085449219,48.45399856567383,49.25400161743164,5871500,34.32272210089902,49.603599548339844,51.71099987030029,-0.7186739907560593,-0.23254674511186596,-0.48612724564419335,14.80716411046175,9.493440359703479,0.019357149800191653,1.8288647254256054
IJH,2023-03-15,46.25407791137695,47.90599822998047,48.097999572753906,47.15800094604492,47.805999755859375,6212000,30.084167046601213,48.85519943237305,51.442999839782715,-0.8817420652648735,-0.3623858091424675,-0.5193562561224061,16.341820721041508,12.443059522564027,-0.021807433380898855,1.7889818797632107
IJH,2023-03-16,46.89711380004883,48.571998596191406,48.78799819946289,47.209999084472656,47.400001525878906,7832000,35.4384079992547,48.49079895019531,51.18869972229004,-0.9463253757348369,-0.47917372246094136,-0.4671516532738955,21.350556881371123,17.499847237624824,0.013902252897656675,1.8138527582850041
IJH,2023-03-17,45.813804626464844,47.45000076293945,48.316001892089844,47.27799987792969,48.040000915527344,9555000,31.115278005382088,48.18919906616211,50.89879970550537,-1.0756446013968102,-0.5984678982481151,-0.4771767031486951,14.152221852632053,17.28153315168159,-0.02309969816485502,1.7719533070531308
IJH,2023-03-20,46.60360336303711,48.268001556396484,48.63800048828125,47.86600112915039,47.86600112915039,8318000,37.13630260873662,48.23399963378906,50.65279979705811,-1.099451400355953,-0.6986645986696827,-0.40078680168627034,16.23990006987009,17.24755960129112,0.017239317777943963,1.8025005732010984
IJH,2023-03-21,47.424285888671875,49.11800003051758,49.36199951171875,48.88800048828125,49.013999938964844,4882500,42.73733580234901,48.26279983520508,50.5140998840332,-1.0377679440509695,-0.7664852677459401,-0.27128267630502945,19.388697933991157,16.59360661883113,0.017609851307885727,1.8342423402775485
IJH,2023-03-22,46.2154655456543,47.86600112915039,49.30400085449219,47.86399841308594,49.13399887084961,9804500,37.44515852089607,48.254800415039064,50.30849990844727,-1.0774885907125338,-0.8286859323392588,-0.24880265837327498,21.78777783057632,19.138791944812553,-0.025489479079458865,1.7874884585183863
IJH,2023-03-23,46.01519775390625,47.470001220703125,48.58399963378906,47.11399841308594,48.0,5433000,35.929658825913975,48.034400939941406,50.07189998626709,-1.1279194195034208,-0.8885326297720912,-0.23938678973132954,17.43097166459792,19.53581580972183,-0.004333350089272825,1.7797426452470915
IJH,2023-03-24,46.397117614746094,47.86399841308594,47.891998291015625,46.74800109863281,47.11000061035156,4797000,38.59261199853079,48.117200469970705,49.871099853515624,-1.1231469945825125,-0.9354555027341755,-0.187691491848337,12.709354330687182,17.30936794195384,0.008299863512102768,1.794514266289311
IJH,2023-03-27,46.84689712524414,48.327999114990234,48.57600021362305,47.9739990234375,48.40800094604492,5941500,41.66748637823017,48.12919998168945,49.68769989013672,-1.0695942182722575,-0.962283245841792,-0.1073109724304655,18.888700426276912,16.34300880718737,0.009694126135867842,1.8119105139393339
IJH,2023-03-28,46.94964599609375,48.433998107910156,48.63199996948242,48.17399978637695,48.209999084472656,4873000,42.377338446794326,47.99239959716797,49.51599979400635,-1.0069920468757658,-0.9712250060485869,-0.035767040827178964,27.950822662115986,19.849625806360056,0.002193290850724061,1.8158845606918879
IJH,2023-03-29,47.52544021606445,49.02799987792969,49.05799865722656,48.62799835205078,48.93000030517578,6219500,46.319584382766934,48.22479934692383,49.365699768066406,-0.8990843121689736,-0.9567968672726642,0.057712555103690666,43.1331148284203,29.990879305604427,0.012264080117209142,1.8381547144278163
IJH,2023-03-30,47.6650276184082,49.172000885009766,49.58399963378906,49.01599884033203,49.444000244140625,5163500,47.26156104730131,48.565199279785155,49.20969982147217,-0.7928079802849695,-0.9239990898751254,0.1311911095901559,61.36156619498447,44.14850122850695,0.002937109087451706,1.8435535753437045
IJH,2023-03-31,48.49867248535156,50.03200149536133,50.05799865722656,49.448001861572266,49.47600173950195,6587000,52.610020512367036,48.998799896240236,49.067599868774415,-0.6319041618260357,-0.8655801042653075,0.2336759424392718,83.3263900620759,62.60702369516025,0.017489654545409516,1.8757966905124204
IJH,2023-04-03,48.48897933959961,50.02199935913086,50.31800079345703,49.62799835205078,50.05400085449219,6047500,52.54327880728901,49.33759994506836,48.9572998046875,-0.4994366207745884,-0.7923514075671638,0.29291478679257543,92.13192078411727,78.93995901372591,-0.00019986414586670165,1.8754217860090516
IJH,2023-04-04,47.647579193115234,49.15399932861328,50.15599822998047,48.88199996948242,50.11199951171875,6681000,46.97401068070775,49.48160018920898,48.83509979248047,-0.4592020925188791,-0.7257215445575069,0.2665194520386278,86.10604780896374,87.188119551719,-0.0173523996162408,1.8428787177292185
IJH,2023-04-05,47.319942474365234,48.816001892089844,49.06800079345703,48.5099983215332,48.922000885009766,4838500,44.97493229067988,49.43920059204102,48.69349994659424,-0.44940900016065655,-0.6704590356781369,0.22105003551748037,72.3435849324075,83.5271845084962,-0.006876251098132169,1.8302066209227086
IJH,2023-04-06,47.261783599853516,48.75600051879883,48.900001525878906,48.50199890136719,48.77000045776367,3572500,44.61197452301685,49.35600051879883,48.611599922180176,-0.44140131370193814,-0.6246474912828972,0.18324617758095907,60.52286645851449,72.99083306662861,-0.001229056323202915,1.8279571939024957
IJH,2023-04-10,47.835636138916016,49.347999572753906,49.358001708984375,48.512001037597656,48.512001037597656,3545500,48.986353919939745,49.219200134277344,48.6310998916626,-0.38287227512161337,-0.5762924480506405,0.19342017292902713,62.33426011607219,65.06690383566476,0.012141999208516552,1.8501522487040618
IJH,2023-04-11,48.279598236083984,49.805999755859375,50.00600051879883,49.49399948120117,49.59600067138672,4141000,52.13584431916607,49.17600021362305,48.71919994354248,-0.29611734681098767,-0.52025742780271,0.22414008099172233,71.57793843911547,64.81168833790075,0.009280990763427699,1.8673234946352193
IJH,2023-04-12,48.0062370300293,49.52399826049805,50.23400115966797,49.47999954223633,50.2239990234375,4265500,50.08545654401619,49.25,48.74669990539551,-0.24726825050743173,-0.46565959234365434,0.2183913418362226,78.74878631353461,70.88699495624078,-0.005662043928327032,1.8567506269801974
IJH,2023-04-13,48.33969497680664,49.86800003051758,49.981998443603516,49.369998931884766,49.66999816894531,3838500,52.537585843860796,49.46039962768555,48.84479999542236,-0.17873655806852895,-0.4082749854886293,0.22953842742010033,83.60406644626187,77.97693039963734,0.006946137989710666,1.8696478730476838
IJH,2023-04-14,48.07604217529297,49.59600067138672,50.209999084472656,49.32400131225586,49.895999908447266,4020500,50.42808069600257,49.62839965820312,48.89600009918213,-0.14470470736394248,-0.3555609298636919,0.21085622249974945,78.11731219797583,80.1567216525908,-0.005454167669865728,1.8594505000644739
IJH,2023-04-17,48.4502067565918,49.981998443603516,49.99599838256836,49.560001373291016,49.650001525878906,4111000,53.29412929516297,49.75519943237305,49.02259998321533,-0.08560067489873546,-0.3015688788707006,0.21596820397196514,80.30705392461668,80.67614418961817,0.007782765892719867,1.8739221679955766
IJH,2023-04-18,48.38623046875,49.91600036621094,50.257999420166016,49.67599868774414,50.172000885009766,3542500,52.732746143654026,49.77719955444336,49.10499992370605,-0.04358339438439174,-0.24997178197343886,0.20638838758904712,77.12988729989802,78.51808447416356,-0.0013204543824385517,1.871447739256498
IJH,2023-04-19,48.47734451293945,50.0099983215332,50.07600021362305,49.61000061035156,49.694000244140625,3134000,53.48428511985484,49.87439956665039,49.14959983825683,-0.0026687833644416514,-0.2005111822516394,0.19784239888719776,81.7437402528739,79.72689382579624,0.0018830572935062406,1.8749717825713208
IJH,2023-04-20,48.28348159790039,49.810001373291016,50.04399871826172,49.63999938964844,49.63999938964844,4112000,51.60424878322332,49.86279983520508,49.246799850463866,0.013463064536310299,-0.1577163328940495,0.1711793974303598,77.64315252751435,78.83892669342879,-0.003999041552024685,1.8674736925039443
IJH,2023-04-21,48.262149810791016,49.78799819946289,49.933998107910156,49.39799880981445,49.88999938964844,4653000,51.39022246042308,49.90119934082031,49.36269969940186,0.02419331253452839,-0.12133440380833391,0.1455277163428623,75.29362915411554,78.22684064483462,-0.00044180300184282206,1.8666486370207336
IJH,2023-04-24,48.28348159790039,49.810001373291016,50.0359992980957,49.59199905395508,49.72999954223633,4441500,51.60637213872202,49.866799926757814,49.45999984741211,0.0340797336643206,-0.09025157631380301,0.12433130997812361,72.44298287425586,75.12658818529528,0.0004419982780088372,1.8674736925039443
IJH,2023-04-25,47.350955963134766,48.847999572753906,49.555999755859375,48.84400177001953,49.422000885009766,4435500,42.672252454052845,49.65319976806641,49.48599987030029,-0.03530375220178428,-0.07926201149139926,0.043958259289614984,55.00212022658917,67.57957741832023,-0.01931355411632485,1.8314061382829565
IJH,2023-04-26,46.926387786865234,48.40999984741211,48.944000244140625,48.332000732421875,48.63199996948242,5562000,39.33343306573166,49.33320007324219,49.48479995727539,-0.1242018602187116,-0.08824998123686173,-0.03595187898184987,32.74709872822731,53.39740060969081,-0.008966411926299434,1.8149849964427582
IJH,2023-04-27,47.6650276184082,49.172000885009766,49.22600173950195,48.369998931884766,48.534000396728516,4076500,47.08971937539058,49.20559997558594,49.49200000762939,-0.13164956167467778,-0.09692989732442495,-0.03471966435025284,22.455816899508573,36.73501195144171,0.015740393974021494,1.8435535753437053
IJH,2023-04-28,48.118690490722656,49.63999938964844,49.70199966430664,49.082000732421875,49.09400177001953,4744500,51.21509468584414,49.17600021362305,49.51539993286133,-0.09865116145761021,-0.097274150151062,-0.0013770113065482148,38.525431662537,31.242782430090994,0.009517730188815632,1.861100020862453
IJH,2023-05-01,48.1051139831543,49.625999450683594,50.04399871826172,49.54399871826172,49.551998138427734,4229500,51.08677353809408,49.139199829101564,49.49509983062744,-0.07279028848180502,-0.09237737781721062,0.019587089335405594,59.57078354516202,40.18401070240257,-0.00028214623943223494,1.8605749184903595
IJH,2023-05-02,47.420753479003906,48.91999816894531,49.43199920654297,48.284000396728516,49.43000030517578,7699500,44.96795686099522,49.15359954833984,49.43999977111817,-0.10801859237467681,-0.09550562072870386,-0.012512971645972953,55.77245129990039,51.28955550253317,-0.014226356565541942,1.8341057162830114
IJH,2023-05-03,47.3703498840332,48.86800003051758,49.779998779296875,48.827999114990234,49.05400085449219,5596000,44.54477916799198,49.245199584960936,49.42569980621338,-0.13853613390463693,-0.10411172336389049,-0.034424410540746436,42.996400214099275,52.779878353053924,-0.0010629016047376538,1.8321562423739157
IJH,2023-05-04,46.581295013427734,48.05400085449219,48.604000091552734,47.78799819946289,48.534000396728516,5477000,38.44540950938635,49.02159957885742,49.38759975433349,-0.2258015365081505,-0.1284496859927425,-0.09735185051540798,24.190892295669514,40.98658126988976,-0.01665714677086294,1.8016377469375406
IJH,2023-05-05,47.558406829833984,49.0620002746582,49.21200180053711,48.70600128173828,48.74399948120117,4151500,47.949934659072305,48.905999755859376,49.402899742126465,-0.21118841914429254,-0.14499743262305254,-0.06619098652124,30.644311570984314,32.6105346935844,0.02097648457657919,1.8394297733487588
IJH,2023-05-08,47.42850875854492,48.928001403808594,49.354000091552734,48.7400016784668,49.3120002746582,4327500,46.9129127866144,48.76640014648437,49.3818998336792,-0.20802205855213174,-0.1576023578088684,-0.05041970074326335,37.39120328158825,30.742135716080725,-0.0027313377370660197,1.8344056693941286
IJH,2023-05-09,47.242393493652344,48.736000061035156,48.94200134277344,48.507999420166016,48.65999984741211,3330500,45.39787578545295,48.729600524902345,49.32839984893799,-0.21848701638860746,-0.1697792895248162,-0.04870772686379127,47.80854211854935,38.61468565704067,-0.0039241222160300016,1.8272072373536477
IJH,2023-05-10,47.32575988769531,48.821998596191406,49.327999114990234,48.33399963378906,49.327999114990234,5235500,46.23540258025068,48.72040023803711,49.29329986572266,-0.21733589489316785,-0.17929061059848656,-0.03804528429468129,45.893320280324446,43.69768856015404,0.0017646522091259165,1.8304316226415747
IJH,2023-05-11,47.027191162109375,48.513999938964844,48.69599914550781,48.2760009765625,48.5620002746582,5293500,43.65287776325449,48.81240005493164,49.22559986114502,-0.2385269501966576,-0.19113787851812078,-0.047389071678536815,40.01187019886805,44.57124419924731,-0.006308799400040144,1.818883796718839
IJH,2023-05-12,47.03301239013672,48.52000045776367,48.83399963378906,48.19599914550781,48.71200180053711,3595500,43.71883426381777,48.704000091552736,49.17179985046387,-0.25193269914624494,-0.20329684264374562,-0.048635856502499325,36.820387432920086,40.908525970704225,0.000123784301879315,1.8191089459798153
IJH,2023-05-15,47.42462921142578,48.92399978637695,49.08599853515625,48.49599838256836,48.65599822998047,3060500,48.12181854145969,48.703199768066405,49.11889991760254,-0.22733688422710685,-0.2081048509604179,-0.019232033266688958,38.32749687040455,38.38658483406426,0.00832642438550657,1.8342556190675148
IJH,2023-05-16,46.728633880615234,48.20600128173828,48.667999267578125,48.20600128173828,48.65999984741211,4050500,41.854851188523,48.59720001220703,49.033399963378905,-0.26275215912799155,-0.21903431259393263,-0.04371784653405891,33.77669033379153,36.30819154570542,-0.01467582018844471,1.8073364134224357
IJH,2023-05-17,47.54289245605469,49.04600143432617,49.130001068115234,48.24399948120117,48.41999816894531,5460000,50.050560219308025,48.64200057983398,48.98520011901856,-0.22049628359742002,-0.21932670679463012,-0.0011695768027898956,41.5485705879468,37.884252597380986,0.017425259585370334,1.8388297195844139
IJH,2023-05-18,47.95001220703125,49.465999603271484,49.52000045776367,48.79999923706055,48.94200134277344,4852000,53.574152131276925,48.832400512695315,48.96800003051758,-0.15137292281176684,-0.2057359499980575,0.05436302718629066,49.556840272552336,41.62736706476358,0.00856320955551615,1.8545760038101262
IJH,2023-05-19,47.50412368774414,49.00600051879883,49.731998443603516,48.827999114990234,49.731998443603516,3562000,49.45892413472481,48.92960052490234,48.928900146484374,-0.13218647967196517,-0.19102605593283906,0.05883957626087388,63.76223220208135,51.62254768752686,-0.009299028274735832,1.8373302491130492
IJH,2023-05-22,47.76002883911133,49.27000045776367,49.470001220703125,48.87799835205078,49.130001068115234,4619500,51.749637339772086,48.998800659179686,48.901900100708005,-0.09458814328123566,-0.17173847340251838,0.07715033012128272,69.97394558898611,61.09767268787329,0.0053870092004919545,1.8472279640693634
IJH,2023-05-23,47.2850456237793,48.779998779296875,49.486000061035156,48.74599838256836,49.09199905395508,4444000,47.450825523977066,49.113600158691405,48.89850006103516,-0.1031412826444651,-0.15801903525090774,0.05487775260644265,62.19039634151968,65.30885804419574,-0.009945203696004934,1.8288569056937372
IJH,2023-05-24,46.8255729675293,48.305999755859375,48.61199951171875,48.12799835205078,48.566001892089844,4151000,43.671584139562654,48.965599822998044,48.89330005645752,-0.14647894888538104,-0.1557110179778024,0.009232069092421358,45.507951940178316,59.22409795689473,-0.009717081800148186,1.8110857535403453
IJH,2023-05-25,46.81975555419922,48.29999923706055,48.43600082397461,47.88399887084961,48.25199890136719,4805500,43.624216195703184,48.73239974975586,48.84969997406006,-0.1792423589910186,-0.16041728618044565,-0.01882507281057294,28.212340426050286,45.30356290258279,-0.00012423581734088973,1.8108607518214797
IJH,2023-05-26,47.269535064697266,48.763999938964844,48.854000091552734,48.28200149536133,48.37200164794922,4101000,48.294436654719604,48.683999633789064,48.80590000152588,-0.16585474842054282,-0.16150477862846507,-0.004349969792077746,27.07576923407213,33.59868720010027,0.009606618086191787,1.8282569994715028
IJH,2023-05-30,47.23463821411133,48.72800064086914,49.124000549316406,48.52000045776367,48.944000244140625,6655500,47.96246093095741,48.575599670410156,48.761000061035155,-0.15634753601631246,-0.16047333010603457,0.004125794089722107,38.60035532289378,31.296154994338764,-0.0007382524608751106,1.8269072842425307
IJH,2023-05-31,46.57159423828125,48.04399871826172,48.67599868774414,47.7599983215332,48.47200012207031,4954500,42.04815077982656,48.428399658203126,48.717200088500974,-0.2016813829615529,-0.16871494067713824,-0.03296644228441467,35.89728679384208,33.85780378360269,-0.014037240484928604,1.8012625473499504
IJH,2023-06-01,46.93994903564453,48.42399978637695,48.57400131225586,47.85599899291992,48.11800003051758,6275500,46.0298499179678,48.45199966430664,48.695000076293944,-0.204587515357197,-0.17588945561315,-0.02869805974404699,31.24807191564193,35.248571344125956,0.007909430703157971,1.8155095086464086
IJH,2023-06-02,48.52193832397461,50.055999755859375,50.071998596191406,49.05799865722656,49.05799865722656,5960500,59.04452026541324,48.803199768066406,48.7951000213623,-0.07434488630267566,-0.15558054175105512,0.08123565544837946,49.12704081838073,38.75746650928827,0.03370240745529518,1.8766965498457726
IJH,2023-06-05,47.99848556518555,49.51599884033203,49.87799835205078,49.24800109863281,49.801998138427734,6014500,54.372369592379975,48.953599548339845,48.817799949645995,-0.014532701401144266,-0.12737097368107297,0.11283827227992871,69.64368367350518,50.00626546917598,-0.010787960598235724,1.8564508214111914
IJH,2023-06-06,48.98141098022461,50.529998779296875,50.63399887084961,49.39799880981445,49.39799880981445,5449000,60.66640272287074,49.31399917602539,48.89789981842041,0.11338319587674306,-0.07922013976950977,0.19260333564625282,90.54697558975653,69.77256669388085,0.020478258917235648,1.8944677019991647
IJH,2023-06-07,49.735111236572266,51.15399932861328,51.25199890136719,50.52000045776367,50.62799835205078,9565000,63.96102246980216,49.9359992980957,49.018799781799316,0.2620879091211208,-0.010958529991383657,0.2730464391125044,89.84217202993683,83.34427709773287,0.01538747539657348,1.92361877715328
IJH,2023-06-08,49.528995513916016,50.94200134277344,51.215999603271484,50.63800048828125,51.08599853515625,4583500,62.05916059104891,50.439599609375,49.12479991912842,0.35869617379974983,0.06297241076684304,0.2957237630329068,94.8991942776497,91.7627806324477,-0.004144269863514127,1.9156467818262337
IJH,2023-06-09,49.22758865356445,50.63199996948242,51.02799987792969,50.49599838256836,50.9900016784668,6292500,59.28320925807486,50.55479965209961,49.230699920654295,0.40556924969513375,0.1314917785525012,0.2740774711426326,90.18713351911587,91.6428332755675,-0.00608546281272504,1.9039891845731138
IJH,2023-06-12,49.49787139892578,50.90999984741211,51.0099983215332,50.46200180053711,50.65399932861328,4445000,60.96928890316271,50.83359985351562,49.35019989013672,0.45984792620362924,0.1971630080827268,0.26268491812090244,87.85800560115149,90.98144446597239,0.005490472979764016,1.9144429857447753
IJH,2023-06-13,50.024845123291016,51.45199966430664,51.641998291015625,51.03200149536133,51.13999938964844,4199500,64.09135954840491,51.01800003051758,49.476599884033206,0.5403699752294671,0.26580440151207485,0.2745655737173922,89.18567684990518,89.07693865672421,0.010646391642139763,1.9348248955475615
IJH,2023-06-14,49.71760559082031,51.13600158691406,51.87799835205078,50.805999755859375,51.551998138427734,6433000,61.02640503791815,51.014400482177734,49.623099899291994,0.5720911644436981,0.32706175409839955,0.24502941034529857,89.0978294704132,88.71383730715665,-0.006141738804257835,1.922941706407133
IJH,2023-06-15,50.20568084716797,51.63800048828125,51.678001403808594,50.95000076293945,50.97999954223633,6232500,63.97384816469023,51.1536003112793,49.752699851989746,0.6304698869918965,0.387743380677099,0.24272650631479753,90.41975138843362,89.56775256958402,0.009816950163782145,1.9418191293067901
IJH,2023-06-16,49.99178695678711,51.417999267578125,51.900001525878906,51.231998443603516,51.79999923706055,12462500,61.769128147866944,51.31080017089844,49.85029983520508,0.6514734054337765,0.44048938562843454,0.21098401980534198,88.17034851718675,89.22930979201122,-0.004260352350005547,1.9335462956159621
IJH,2023-06-20,49.62815475463867,51.04399871826172,51.167999267578125,50.7859992980957,51.14400100708008,6290000,58.10320868839579,51.33759994506836,49.95219974517822,0.6306701534933907,0.4785255392014258,0.1521446142919649,87.28434736964702,88.62481575842249,-0.00727383885002475,1.9194819914525894
IJH,2023-06-21,49.57371139526367,50.987998962402344,51.20600128173828,50.70000076293945,50.847999572753906,6998500,57.55243431811864,51.2447998046875,50.038099670410155,0.602716968132583,0.5033638249876573,0.09935314314492572,81.7096946740953,85.72146352030973,-0.0010970256630368214,1.917376270448229
IJH,2023-06-22,49.301483154296875,50.70800018310547,50.87799835205078,50.44599914550781,50.87799835205078,5623500,54.757498167009764,51.15919952392578,50.13449974060059,0.5516116699358165,0.5130133939772892,0.03859827595852727,71.60978085523978,80.20127429966072,-0.00549138310013253,1.9068472228000943
IJH,2023-06-23,48.73367691040039,50.124000549316406,50.49599838256836,50.07400131225586,50.119998931884766,6138500,49.37195358420027,50.85639953613281,50.225399780273435,0.4586988681410915,0.5021504888100496,-0.043451620668958135,56.17912368495843,69.83286640476452,-0.011517021549218742,1.8848860222440378
IJH,2023-06-26,49.126468658447266,50.52799987792969,50.7859992980957,50.167999267578125,50.19200134277344,4790000,52.828322574890855,50.678399658203126,50.3367998123169,0.4129044671013702,0.4843012844683138,-0.07139681736694359,45.417737223275964,57.735547254491415,0.008059965365819766,1.9000781383018426
IJH,2023-06-27,49.91400909423828,51.3380012512207,51.417999267578125,50.50199890136719,50.61199951171875,5153000,58.88845998006156,50.73720016479492,50.46549987792969,0.43693569302108415,0.47482816617886786,-0.03789247315778371,49.13928107366733,50.245380660633934,0.016030878206744426,1.930538059520257
IJH,2023-06-28,49.9315071105957,51.35599899291992,51.358001708984375,50.970001220703125,51.236000061035156,5120500,59.01445367792615,50.81080017089844,50.596899795532224,0.45221996972596656,0.4703065268882876,-0.01808655716232105,61.53138832153769,52.02946887282702,0.000350563232145662,1.9312148351821827
IJH,2023-06-29,50.53820037841797,51.97999954223633,51.987998962402344,51.2859992980957,51.38999938964844,4430500,63.2228339696448,51.06520004272461,50.79369983673096,0.5088191480615762,0.47800905112294534,0.030810096938630904,79.67078644890546,63.447151948036854,0.012150509826960976,1.9546800800150366
IJH,2023-06-30,50.845436096191406,52.29600143432617,52.513999938964844,52.06999969482422,52.32600021362305,6278500,65.173077064703,51.49960021972656,50.98729991912842,0.5725728529862621,0.49692181149560877,0.07565104149065338,86.95188563124832,76.05135346723051,0.0060792769721305095,1.9665631216133541
IJH,2023-07-03,50.991275787353516,52.44599914550781,52.604000091552734,52.20199966430664,52.237998962402344,4793500,66.09223323776251,51.883200073242186,51.10679988861084,0.6279629195259346,0.5231300331016739,0.1048328864242607,94.80086242732085,87.14117816915824,0.0028682946269986687,1.9722038040487315
IJH,2023-07-05,50.569313049316406,52.012001037597656,52.29600143432617,51.917999267578125,52.28799819946289,7572500,61.07007337895804,52.01800003051758,51.231599998474124,0.6295824910325649,0.5444205246878522,0.08516196634471274,87.14044898316622,89.63106568057849,-0.008275194756781512,1.955883433470163
IJH,2023-07-06,50.01900863647461,51.44599914550781,51.5620002746582,50.9640007019043,51.50400161743164,5720000,55.18103140609142,52.03600006103515,51.27740001678467,0.5785255087581334,0.5512415215019084,0.02728398725622494,74.86163548564784,85.60098229871166,-0.010882180904951744,1.9345991561181424
IJH,2023-07-07,50.489585876464844,51.93000030517578,52.37799835205078,51.47600173950195,51.47600173950195,6506500,58.836489546499266,52.02600021362305,51.31620006561279,0.5705404953968909,0.5551013162809049,0.015439179115986024,68.0632285120361,76.68843766028341,0.009407968146875278,1.9527998033558736
IJH,2023-07-10,51.137107849121094,52.59600067138672,52.608001708984375,51.79999923706055,51.847999572753906,4119000,63.275157412616025,52.08600006103516,51.39890003204346,0.6109107791518085,0.5662632088550856,0.04464757029672284,75.70508948554588,72.87665116107664,0.012824862026806327,1.9778441913998872
IJH,2023-07-11,51.69907760620117,53.17399978637695,53.24399948120117,52.65399932861328,52.7239990234375,4952500,66.63745962052774,52.23160018920898,51.526000022888184,0.6816861641538594,0.5893477999148404,0.09233836423901898,90.22596179354521,77.9980932637091,0.010989470869924078,1.9995796525265248
IJH,2023-07-12,52.07242965698242,53.55799865722656,53.88800048828125,53.47200012207031,53.83599853515625,6143500,68.68847306401085,52.54079971313477,51.658399963378905,0.7600008496317443,0.6234784098582212,0.13652243977352307,96.22194087004509,87.38433071637876,0.007221638529513408,2.0140198939880416
IJH,2023-07-13,52.356327056884766,53.849998474121094,53.91999816894531,53.540000915527344,53.73400115966797,5414500,70.18926140114282,53.02159957885742,51.77829990386963,0.8359909635375544,0.6659809205940879,0.17001004294346655,95.77311890568102,94.0736738564238,0.0054519714515428586,2.0250002729529037
IJH,2023-07-14,51.8857536315918,53.36600112915039,53.84600067138672,53.12200164794922,53.84600067138672,4915500,64.65731517636355,53.308799743652344,51.88979988098144,0.8473909402064166,0.7022629245165537,0.1451280156898629,91.58738880311545,94.52748285961388,-0.008987899872764049,2.006799773257283
IJH,2023-07-17,52.20465850830078,53.694000244140625,53.821998596191406,53.167999267578125,53.236000061035156,5955500,66.57966512587194,53.52839965820313,51.99259986877441,0.8728308406133607,0.7363765077359151,0.13645433287744557,92.26751841991431,93.20934204290363,0.006146289769120905,2.0191341461723287
IJH,2023-07-18,52.70828628540039,54.21200180053711,54.268001556396484,53.630001068115234,53.68199920654297,7532000,69.40950876776074,53.736000061035156,52.132299995422365,0.9241376577887337,0.7739287377464789,0.15020892004225483,92.30923806288179,92.05471509530388,0.009647180759156493,2.0386130982574384
IJH,2023-07-19,52.88718032836914,54.395999908447266,54.540000915527344,54.141998291015625,54.380001068115234,8894000,70.36926521854919,53.9036003112793,52.29990005493164,0.9684817350353327,0.8128393372042497,0.15564239783108302,95.88874149278848,93.48849932519488,0.003394040208404503,2.0455322330823043
IJH,2023-07-20,52.620784759521484,54.12200164794922,54.47999954223633,53.91400146484375,54.46200180053711,33743000,66.99827611279976,53.95800094604492,52.456600189208984,0.9703300057154678,0.8443374709064934,0.12599253480897443,94.19640072089435,94.13146009218822,-0.005037053728212504,2.0352287773214783
IJH,2023-07-21,52.494388580322266,53.992000579833984,54.40800094604492,53.93600082397461,54.39400100708008,9989500,65.39754071810559,54.08320083618164,52.62080020904541,0.9503497336555,0.8655399234562947,0.0848098101992053,89.65323877663714,93.24612699677334,-0.0024020200340388875,2.0303401170244997
IJH,2023-07-24,52.556617736816406,54.055999755859375,54.36600112915039,53.88999938964844,53.99399948120117,6274500,65.8303618384945,54.15560073852539,52.81740016937256,0.9289708253295714,0.8782261038309501,0.050744721498621304,86.48396088442082,90.11120012731747,0.0011854439717671195,2.0327469714768633
IJH,2023-07-25,52.64801025390625,54.150001525878906,54.422000885009766,53.902000427246094,53.93199920654297,10663000,66.49330965240667,54.14320068359375,52.99850025177002,0.9091331229637447,0.8844075076575091,0.024725615306235627,86.74495898525072,87.62738621543626,0.0017389345248108867,2.036281785365769
IJH,2023-07-26,52.94746398925781,54.45800018310547,54.599998474121094,54.066001892089844,54.0880012512207,20952500,68.6401993478236,54.15560073852539,53.15450019836426,0.907799965584509,0.8890859992429092,0.01871396634159983,90.33795520787066,87.85562502584743,0.005687845255829771,2.047863841058194
IJH,2023-07-27,52.3018798828125,53.79399871826172,54.74599838256836,53.65599822998047,54.74599838256836,21359500,59.751612377479184,54.09000015258789,53.27640018463135,0.8434413924869162,0.8799570778917106,-0.03651568540479444,84.07785716230525,87.05359045180892,-0.01219291837237546,2.0228944044064323
IJH,2023-07-28,52.74134826660156,54.24599838256836,54.40999984741211,53.9900016784668,54.23400115966797,14471500,63.2411645237193,54.14079971313477,53.38970012664795,0.8194630945632753,0.8678582812260236,-0.048395186662748335,79.74633653792493,84.72071630270032,0.008402535143549938,2.0398918457311477
IJH,2023-07-31,52.96885299682617,54.47999954223633,54.59000015258789,54.22999954223633,54.39799880981445,12424000,64.93607332893055,54.225599670410155,53.49890003204346,0.8100048272226772,0.8562875904253544,-0.04628276320267721,75.80171411159749,79.87530260394259,0.0043135933703211116,2.0486911096730656
IJH,2023-08-01,52.83856964111328,54.34600067138672,54.42399978637695,53.99599838256836,54.18000030517578,8215000,63.14067175348352,54.26479949951172,53.5939001083374,0.7826743109510446,0.8415649345304925,-0.058890623579447965,78.36323108267345,77.97042724406532,-0.0024596219918278095,2.0436521039652518
IJH,2023-08-02,52.23965835571289,53.72999954223633,53.987998962402344,53.529998779296875,53.75400161743164,8951500,55.53854464897201,54.11919937133789,53.679800033569336,0.7032024567210868,0.8138924389686115,-0.11068998224752469,65.47621564357873,73.21372027928324,-0.01133473690654907,2.02048784503829
IJH,2023-08-03,52.052982330322266,53.53799819946289,53.757999420166016,53.20000076293945,53.459999084472656,8177500,53.38118963826027,54.067999267578124,53.78439998626709,0.6176081338214345,0.7746355779391761,-0.1570274441177416,45.41842201268029,63.08595624631085,-0.0035734541776575313,2.0132677243075316
IJH,2023-08-04,52.05881881713867,53.54399871826172,54.097999572753906,53.45399856567383,53.69200134277344,6280500,53.44205779041389,53.927599334716795,53.86509990692139,0.5439874591595313,0.7285059541832472,-0.18451849502371587,27.71219624892368,46.20227796839426,0.00011212588703113369,2.0134934637369506
IJH,2023-08-07,52.453556060791016,53.95000076293945,54.0099983215332,53.56399917602539,53.709999084472656,5999500,57.48668079609109,53.82159957885742,53.932799911499025,0.512495783610575,0.6853039200687128,-0.17280813645813775,31.40352798685232,34.84471541615213,0.007582524010752101,2.0287608262712284
IJH,2023-08-08,52.01020431518555,53.49399948120117,53.53799819946289,52.922000885009766,53.36399841308594,5733000,52.020530444483185,53.65119934082031,53.94879989624023,0.4456062400234657,0.6373643840596633,-0.19175814403619762,34.04095063577214,31.052224957182744,-0.008452272427281082,2.011613187077788
IJH,2023-08-09,51.75935745239258,53.236000061035156,53.5260009765625,53.066001892089844,53.4640007019043,5413500,49.17169807314889,53.552399444580075,53.93269996643066,0.36754061833914164,0.583399630915559,-0.21585901257641738,32.36229012753088,32.602256250051816,-0.004823031674184963,2.0019111129603036
IJH,2023-08-10,51.679630279541016,53.15399932861328,53.84400177001953,52.93600082397461,53.46200180053711,7615000,48.26695410240256,53.475599670410155,53.89790000915527,0.2956482281842767,0.5258493503693026,-0.23020112218502586,20.43124542507577,28.944828729459626,-0.001540343172244607,1.9988274828460146
IJH,2023-08-11,51.6699104309082,53.14400100708008,53.310001373291016,52.902000427246094,52.9640007019043,6782000,48.15062016500471,53.395600128173825,53.88680000305176,0.23515548400121133,0.46771057709568437,-0.23255509309447303,14.35260377986701,22.38204644415792,-0.00018807891194727588,1.9984515455478706
IJH,2023-08-14,51.763248443603516,53.2400016784668,53.24800109863281,52.7140007019043,52.92599868774414,6327000,49.4114050852352,53.2536003112793,53.86410007476807,0.19273922249831088,0.4127163061762097,-0.2199770836778988,17.24294166402596,17.34226362298961,0.0018064287690244818,2.0020616059132497
IJH,2023-08-15,51.06127166748047,52.518001556396484,52.92599868774414,52.47800064086914,52.92599868774414,6194500,41.28126356135957,53.05840072631836,53.77940006256104,0.09971519907592352,0.35011608475615247,-0.25040088568022895,13.591101726236042,15.062215723376367,-0.013561296812503065,1.9749110542385435
IJH,2023-08-16,50.56736373901367,52.0099983215332,52.72200012207031,52.0099983215332,52.45199966430664,5830000,36.705009449814625,52.81320037841797,53.66009998321533,-0.01482770067802619,0.27712732766931675,-0.29195502834734294,9.21653831027153,13.35019390017787,-0.009672848175094617,1.955808039451578
IJH,2023-08-17,49.93928146362305,51.36399841308594,52.25600051879883,51.358001708984375,52.13199996948242,6146500,31.86717137627579,52.4552001953125,53.52219982147217,-0.1559330683878386,0.19051524845788567,-0.3464483168457243,0.6497507434399034,7.819130259982519,-0.012420704362447244,1.9315155260038523
IJH,2023-08-18,50.09095764160156,51.52000045776367,51.63999938964844,50.9640007019043,51.055999755859375,6645000,34.12519181661861,52.13040008544922,53.398599815368655,-0.25226408432992997,0.10195938190032255,-0.3542234662302525,5.418301011472603,5.094863355061373,0.0030372118607473464,1.937381947868649
IJH,2023-08-21,50.12790298461914,51.55799865722656,51.73400115966797,51.16999816894531,51.58599853515625,20752000,34.692931239102,51.79399948120117,53.27369976043701,-0.32183110273959414,0.017201284972339206,-0.33903238771193334,11.736086262846312,5.934712672586301,0.0007375651166807717,1.938810893211084
IJH,2023-08-22,49.906227111816406,51.33000183105469,51.762001037597656,51.236000061035156,51.63999938964844,9128500,32.86279008350981,51.556399536132815,53.1326997756958,-0.3908553670829278,-0.0644100454387142,-0.3264453216442136,15.567041217866032,10.907142830728345,-0.004422205191203621,1.9302370736143637
IJH,2023-08-23,50.45652770996094,51.895999908447266,51.91999816894531,51.20399856567383,51.327999114990234,5574500,41.160921231728366,51.533599853515625,53.00459976196289,-0.3953291706700952,-0.1305938704849904,-0.2647353001851048,20.12336707812013,15.808831519610854,0.01102669205811857,1.9515212034242733
IJH,2023-08-24,49.94511032104492,51.369998931884766,52.198001861572266,51.36000061035156,51.75,6604500,36.62978004970363,51.53479995727539,52.88339977264404,-0.4362893035690689,-0.19173295710180613,-0.2445563464672628,18.24855126489426,17.979653186960167,-0.010135802286193707,1.93174097034905
IJH,2023-08-25,50.0967903137207,51.5260009765625,51.7859992980957,51.02399826049805,51.56800079345703,7449000,38.7822078561747,51.53600006103515,52.74739990234375,-0.45096401035529254,-0.24357916775250343,-0.2073848426027891,20.86037948047454,19.744099274496335,0.0030369337799194263,1.9376075397559573
IJH,2023-08-28,50.56736373901367,52.0099983215332,52.28799819946289,51.7760009765625,51.77799987792969,5803500,45.021478284652,51.626399993896484,52.62389984130859,-0.41871262193822645,-0.27860585858964804,-0.1401067633485784,23.054049275228493,20.720993340199126,0.009393284925962364,1.955808039451578
IJH,2023-08-29,51.275169372558594,52.737998962402344,52.7400016784668,51.84199905395508,52.00400161743164,5818000,52.81191749390346,51.907999420166014,52.54349975585937,-0.3305986611211935,-0.28900441909595714,-0.04159424202523637,39.14345949645127,27.68596275071813,0.013997281669616335,1.9831840354714818
IJH,2023-08-30,51.40545654296875,52.87200164794922,53.051998138427734,52.650001525878906,52.694000244140625,3330500,54.101166938049275,52.1031997680664,52.50059986114502,-0.24710632760415052,-0.28062480079759583,0.03351847319344531,59.74880920837893,40.648772660019596,0.002540940810229264,1.9882231887214064
IJH,2023-08-31,51.3937873840332,52.86000061035156,53.1619987487793,52.86000061035156,52.939998626708984,3714500,53.95898044739227,52.40120010375976,52.46669998168945,-0.17983342739084662,-0.260466526116246,0.08063309872539937,75.31310668971959,58.06845846484996,-0.00022700234022421384,1.9877718574046785
IJH,2023-09-01,51.89741516113281,53.37799835205078,53.4900016784668,53.13600158691406,53.22200012207031,4907500,58.97124303877143,52.77159957885742,52.45839996337891,-0.08375559822901835,-0.22512434053880048,0.14136874230978214,86.6360545162943,73.8993234714643,0.009799390212990478,2.007250809489788
IJH,2023-09-05,50.717098236083984,52.16400146484375,53.08399963378906,52.15399932861328,52.948001861572266,8610500,46.26043900179869,52.80240020751953,52.36909999847412,-0.1043695225292467,-0.20097337693688974,0.09660385440764305,75.36139110146237,79.10351743582545,-0.022743269994934034,1.9615993623820118
IJH,2023-09-06,50.57320022583008,52.01599884033203,52.465999603271484,51.75199890136719,52.152000427246094,5894000,44.98734739656587,52.65800018310547,52.295199966430665,-0.13113711392175986,-0.18700612433386377,0.0558690104121039,61.57290508867729,74.52345023547801,-0.0028372682045820774,1.956033778880997
IJH,2023-09-07,50.0967903137207,51.5260009765625,51.86399841308594,51.369998931884766,51.71200180053711,5682500,40.9675905788396,52.388800048828124,52.20970001220703,-0.189702582191849,-0.1875454159054608,-0.002157166286388179,37.13378316338854,58.022693117842756,-0.00942020496986562,1.9376075397559571
IJH,2023-09-08,50.05012512207031,51.47800064086914,51.68600082397461,51.36800003051758,51.551998138427734,4909000,40.585021429753176,52.11240005493164,52.12590007781982,-0.23725444214888824,-0.19748722115414633,-0.03976722099474192,27.43528386819084,42.047324040085584,-0.000931500628246984,1.9358026571153784
IJH,2023-09-11,50.12790298461914,51.55799865722656,51.900001525878906,51.47800064086914,51.79999923706055,4678000,41.56443562060776,51.748400115966795,52.04659996032715,-0.26542481041551014,-0.2110747390064191,-0.05435007140909104,20.771185388887115,28.446750806822195,0.0015539993628213011,1.9388108932110835
IJH,2023-09-12,50.114295959472656,51.54399871826172,51.81800079345703,51.41600036621094,51.47999954223633,4519500,41.435706499832065,51.62439956665039,51.9617998123169,-0.28558763184763336,-0.22597731757466194,-0.05961031427297142,20.38390301050248,22.86345742252684,-0.00027144612753216,1.938284610502104
IJH,2023-09-13,49.851783752441406,51.27399826049805,51.63999938964844,51.06399917602539,51.59400177001953,7187000,38.93145148260022,51.475999450683595,51.899599647521974,-0.3196686523143697,-0.2447155845226035,-0.07495306779176619,17.626372629095158,19.59382034282828,-0.005238269878989121,1.9281313526100028
IJH,2023-09-14,50.44681167602539,51.88600158691406,51.96200180053711,51.56800079345703,51.672000885009766,8013500,46.78257211358459,51.54799957275391,51.89339981079102,-0.29390658074584053,-0.2545537837672509,-0.03935279697858962,22.060036795947454,20.02343747851506,0.011935940477853846,1.9511454136682396
IJH,2023-09-15,49.95872497558594,51.38399887084961,51.7599983215332,51.21799850463867,51.698001861572266,9993500,42.011468161190685,51.52919921875,51.8943998336792,-0.31041905950787907,-0.2657268389153766,-0.044692220592502496,19.427917196279502,19.704775540440732,-0.009675273505370341,1.9322675481422504
IJH,2023-09-18,49.88483428955078,51.30799865722656,51.5359992980957,51.20000076293945,51.42399978637695,6070500,41.324345616771964,51.47919921875,51.88379974365235,-0.3258813427072411,-0.2777577396737495,-0.04812360303349161,19.401188980321884,20.29638099084964,-0.0014790346645409125,1.9294096574573805
IJH,2023-09-19,49.80705642700195,51.22800064086914,51.52000045776367,51.02399826049805,51.3380012512207,4837000,40.572128485816236,51.41599960327149,51.86729984283447,-0.34066352779841225,-0.29033889729868206,-0.05032463049973018,10.50689276469433,16.44533298043193,-0.0015591484597778926,1.9264014213616751
IJH,2023-09-20,49.515377044677734,50.928001403808594,51.68600082397461,50.90999984741211,51.402000427246094,6721500,37.7938010797417,51.34680023193359,51.84719982147217,-0.3722943694695644,-0.30672999173285853,-0.06556437773670587,6.342667265043681,12.083583003353326,-0.00585618591517667,1.9151200564909205
IJH,2023-09-21,48.61311721801758,50.0,50.624000549316406,49.992000579833984,50.61800003051758,8567500,30.773632250619126,50.969599914550784,51.7523998260498,-0.46686229906594434,-0.33875645319947567,-0.12810584586646867,3.066336953531595,6.6386323277565635,-0.018221810688143325,1.8802231013764767
IJH,2023-09-22,48.554786682128906,49.939998626708984,50.30799865722656,49.91600036621094,50.099998474121094,6379000,30.38069613699708,50.680799865722655,51.68089981079102,-0.5404200480542372,-0.37908917217042803,-0.16133087588380912,0.5613135801871588,3.3234392662541734,-0.0011998929348034926,1.8779670349612807
IJH,2023-09-25,48.8542366027832,50.24800109863281,50.321998596191406,49.70000076293945,49.70600128173828,8183000,34.97086692745799,50.4688003540039,51.616999816894534,-0.5673221322869892,-0.4167357641937403,-0.15058636809324893,6.932743275578574,3.520131269765804,0.0061672584953300635,1.8895489431115955
IJH,2023-09-26,48.08226776123047,49.22999954223633,49.933998107910156,49.209999084472656,49.65800094604492,8834000,28.32380546088889,50.069200134277345,51.47799987792969,-0.6631421556885897,-0.4660170424927102,-0.1971251131958795,7.098768153951194,4.864275003239004,-0.015801471791061728,1.8596912887891872
IJH,2023-09-27,48.36550521850586,49.52000045776367,49.742000579833984,49.13800048828125,49.4739990234375,6663500,32.273104978019205,49.78759994506836,51.31709995269775,-0.7075236718649975,-0.5143183683671677,-0.19320530349782983,11.355229417545779,8.462246949025209,0.0058906842472967735,1.8706461429688928
IJH,2023-09-28,48.869468688964844,50.0359992980957,50.262001037597656,49.50400161743164,49.54800033569336,7641000,38.74081293898139,49.7947998046875,51.17529983520508,-0.6930702665423638,-0.550068748002207,-0.14300151854015686,15.350824950493589,11.26827417399688,0.010419894678700858,1.8901380787597466
IJH,2023-09-29,48.70734405517578,49.869998931884766,50.5,49.7859992980957,50.41600036621094,8151500,37.50011284606414,49.780799865722656,51.02579975128174,-0.6870903312831445,-0.5774730646583945,-0.10961726662474991,23.748775825853162,16.81827673129754,-0.00331750350757698,1.8838675390536563
IJH,2023-10-02,48.07250213623047,49.220001220703125,49.875999450683594,48.9900016784668,49.74599838256836,7228000,33.038373382989995,49.575199890136716,50.81789989471436,-0.7264267768434394,-0.6072638070954035,-0.11916296974803586,21.819434436087263,20.306345070811364,-0.01303380283322697,1.8593135809857144
IJH,2023-10-03,47.2911491394043,48.41999816894531,49.09600067138672,48.20000076293945,48.84600067138672,8734500,28.537900482956516,49.41319961547852,50.630699729919435,-0.8127854687834031,-0.6483681394330034,-0.16441732935039965,13.169125341774722,19.579111867905077,-0.016253636946375938,1.8290929730709065
IJH,2023-10-04,47.52360153198242,48.65800094604492,48.71200180053711,48.0359992980957,48.433998107910156,8126500,31.526297997814694,49.24079971313476,50.462799835205075,-0.8521969236254776,-0.6891338962714983,-0.16306302735397926,10.09642746353103,15.028329080464365,0.004915346672860643,1.8380835991304434
IJH,2023-10-05,47.441566467285156,48.57400131225586,48.805999755859375,48.27199935913086,48.5359992980957,8180500,31.033048013614177,48.9484001159668,50.315199851989746,-0.8800640237199602,-0.7273199217611908,-0.15274410195876942,12.430058930945746,11.898537245417195,-0.0017261962909536077,1.8349107060391618
IJH,2023-10-06,47.83028030395508,48.97200012207031,49.242000579833984,48.10200119018555,48.290000915527344,8775500,36.13184301963194,48.76880035400391,50.1898998260498,-0.860118809350432,-0.753879699279039,-0.10623911007139297,19.02871387086572,13.851733421780859,0.00819352870521195,1.8499450995805944
IJH,2023-10-09,48.189701080322266,49.34000015258789,49.4640007019043,48.672000885009766,48.70600128173828,5753000,40.51122014164135,48.79280014038086,50.07899990081787,-0.805334165351816,-0.7641705924935944,-0.041163572858221587,25.369886130463243,18.942886310758265,0.007514502822963065,1.8638465172537195
IJH,2023-10-10,48.638980865478516,49.79999923706055,50.11199951171875,49.5,49.50600051879883,8260500,45.538269972329225,49.068800354003905,49.991799926757814,-0.7165390424849747,-0.7546442824918705,0.03810524000689586,43.17686330568004,29.19182110233636,0.0093231494506969,1.881223436887237
IJH,2023-10-11,48.78743362426758,49.95199966430664,50.15599822998047,49.58399963378906,49.86000061035156,7275000,47.12818840649285,49.32760009765625,49.92569999694824,-0.626679136726537,-0.7290512533388038,0.10237211661226686,60.54882513920253,43.031858191781964,0.0030521354713339832,1.8869651856684653
IJH,2023-10-12,47.86153793334961,49.00400161743164,49.987998962402344,48.715999603271484,49.987998962402344,5708000,39.40224241836041,49.41360015869141,49.78159999847412,-0.6247582098947007,-0.7081926446499832,0.08343443475528256,61.73541225611487,55.15370023366584,-0.018978159377037063,1.8511540596359288
IJH,2023-10-13,47.58024978637695,48.715999603271484,49.22200012207031,48.53799819946289,49.130001068115234,4766500,37.39650225263794,49.36240005493164,49.648200035095215,-0.6391079782085072,-0.6943757113616881,0.0552677331531809,48.21431243868589,56.83284994466779,-0.005877123032786091,1.840274599474807
IJH,2023-10-16,48.34402084350586,49.49800109863281,49.61399841308594,48.96200180053711,49.11600112915039,6937500,45.50771014766025,49.39400024414063,49.55770015716553,-0.580685506708079,-0.6716376704309663,0.09095216372288739,42.07255870023719,50.67409446501267,0.01605227085940153,1.8698151858012533
IJH,2023-10-17,48.933937072753906,50.10200119018555,50.428001403808594,49.231998443603516,49.231998443603516,8061500,50.809056634501836,49.454400634765626,49.50140018463135,-0.48011307293905503,-0.6333327509325841,0.1532196779935291,56.92644479295515,49.0711053106261,0.01220246514367651,1.89263154043111
IJH,2023-10-18,47.84981918334961,48.992000579833984,49.65800094604492,48.95399856567383,49.65800094604492,6995500,42.60572944761744,49.2624008178711,49.40460014343262,-0.48439268978124517,-0.6035447387023163,0.11915204892107112,60.66022317417603,53.219742222456155,-0.02215472439490107,1.8507008102717617
IJH,2023-10-19,47.10948944091797,48.23400115966797,49.18199920654297,48.09199905395508,48.80799865722656,33147500,38.08383969469263,49.10840072631836,49.31630020141601,-0.5426927115394307,-0.5913743332697392,0.048681621730308544,43.641286759276646,53.7426515754693,-0.015471944409964578,1.8220668702157605
IJH,2023-10-20,46.59770584106445,47.709999084472656,48.37200164794922,47.67399978637695,48.27199935913086,9383000,35.29505703490129,48.90720062255859,49.2048002243042,-0.6239855697810626,-0.5978965805720039,-0.026088989209058666,16.12785602141002,40.14312198495426,-0.010863705082080455,1.8022724730979072
IJH,2023-10-23,46.15818786621094,47.2599983215332,47.86199951171875,47.236000061035156,47.46799850463867,7649000,33.05636688924295,48.45960006713867,49.05540008544922,-0.716463105677434,-0.6216098855930899,-0.09485322008434405,3.44555022886304,21.071564336516598,-0.009432180553107572,1.785273113725752
IJH,2023-10-24,46.41408157348633,47.52199935913086,47.86199951171875,47.30799865722656,47.53200149536133,6347500,35.61687749878077,47.943599700927734,48.97000007629394,-0.7598518261790232,-0.6492582737102766,-0.11059355246874669,3.672954055373592,7.748786768548913,0.005543842145993683,1.7951703860557342
IJH,2023-10-25,45.71868896484375,46.810001373291016,47.35599899291992,46.762001037597656,47.19599914550781,6250500,32.03135056556469,47.50719985961914,48.83450012207031,-0.8419841180215855,-0.6878034425725383,-0.15418067544904712,3.673678957701865,3.5973944139795275,-0.014982362788792392,1.7682744920641507
IJH,2023-10-26,45.933555603027344,47.029998779296875,47.39799880981445,46.83599853515625,46.874000549316406,8264500,34.23437628898237,47.26639938354492,48.68420009613037,-0.8791878684958121,-0.7260803277571931,-0.15310754073861899,5.859856576899232,4.402163196658258,0.004699755024664354,1.776584948993215
IJH,2023-10-27,45.32605743408203,46.40800094604492,47.18600082397461,46.29800033569336,47.099998474121094,6319500,31.159308243192108,47.00599975585938,48.51110019683838,-0.9479349318504688,-0.7704512485758482,-0.1774836832746206,3.761049362086048,4.431528298895743,-0.013225585543507834,1.7530885727749967
IJH,2023-10-30,45.691341400146484,46.78200149536133,47.06800079345703,46.37200164794922,46.80400085449219,9929000,34.94331820023421,46.910400390625,48.38920021057129,-0.9611591122329983,-0.8085928213072783,-0.15256629092572005,7.230987822929211,5.617297920638191,0.00805902800162328,1.7672167626723163
IJH,2023-10-31,46.09959411621094,47.20000076293945,47.29800033569336,46.80400085449219,46.88600158691406,7944500,38.98037223945459,46.84600067138672,48.328200340270996,-0.9272218862047268,-0.8323186342867681,-0.09490325191795868,12.074268041681435,7.688768408898926,0.00893501270818775,1.783006866904916
IJH,2023-11-01,46.38283157348633,47.4900016784668,47.5,46.81800079345703,47.130001068115234,10545000,41.68413098814307,46.982000732421874,48.26980037689209,-0.8669322841039957,-0.8392413642502137,-0.027690919853782026,20.807120766387524,13.370792210332752,0.006144033645098634,1.7939617210846217
IJH,2023-11-02,47.381004333496094,48.512001037597656,48.534000396728516,47.9379997253418,48.03799819946289,9133000,50.07906079377875,47.27840118408203,48.26670036315918,-0.7282902562698581,-0.8170511426541427,0.08876088638428459,34.76998674554678,22.55045851787194,0.0215203066770151,1.8325683274891886
IJH,2023-11-03,48.306907653808594,49.459999084472656,49.71200180053711,49.108001708984375,49.11000061035156,6305500,56.355348580157774,47.88880081176758,48.291100311279294,-0.5357442050106869,-0.7607897551254516,0.22504555011476468,53.01048502677826,36.19586417957088,0.019541656689998188,1.8683797486059466
IJH,2023-11-06,47.83223342895508,48.9739990234375,49.529998779296875,48.801998138427734,49.45199966430664,6956500,52.69751610485396,48.32720031738281,48.272800254821775,-0.417552925217727,-0.6921423891439067,0.27458946392617967,69.51750026195926,52.43265734476146,-0.009826218400384223,1.8500206411412896
IJH,2023-11-07,47.713077545166016,48.85200119018555,48.986000061035156,48.59199905395508,48.849998474121094,4134000,51.78880663962192,48.65760040283203,48.225400352478026,-0.32992650267391355,-0.6196992118499081,0.2897727091759945,76.58478329996434,66.37092286290066,-0.0024911210547181595,1.8454120157704794
IJH,2023-11-08,47.482582092285156,48.61600112915039,49.071998596191406,48.53200149536133,48.86600112915039,4891500,49.99288338679342,48.88280029296875,48.158600425720216,-0.27633969212901377,-0.5510273079057293,0.2746876157767155,73.69651530049755,73.26626628747374,-0.004830865346354352,1.8364970788137478
IJH,2023-11-09,46.97665786743164,48.097999572753906,48.849998474121094,48.02199935913086,48.84199905395508,5110500,46.205420148819776,48.8,48.11330032348633,-0.27252861495162506,-0.49532756931490846,0.2227989543632834,65.14350734483473,71.80826864843225,-0.010654943403672124,1.8169293063779781
IJH,2023-11-10,47.55876159667969,48.694000244140625,48.71200180053711,48.0620002746582,48.316001892089844,5741000,50.821913695705796,48.6468002319336,48.11220035552979,-0.2188927759703816,-0.4400406106460031,0.2211478346756215,63.60083132207021,67.48028465580087,0.012391339777528376,1.8394434947650566
IJH,2023-11-13,47.49234390258789,48.625999450683594,48.7859992980957,48.38600158691406,48.52199935913086,5837000,50.29161421361409,48.57720031738281,48.068600273132326,-0.17980045515292886,-0.38799257954738825,0.2081921243944594,63.69845207234582,64.14759691308362,-0.0013965396041017986,1.8368746390751098
IJH,2023-11-14,49.34609603881836,50.52399826049805,50.66400146484375,49.66400146484375,49.694000244140625,9545500,62.15992303817024,48.911599731445314,48.08970012664795,0.004283752027170351,-0.3095373132324765,0.31382106525964687,78.38821828908878,68.5625005611683,0.039032652084570074,1.9085727277850988
IJH,2023-11-15,49.55510711669922,50.737998962402344,51.29999923706055,50.555999755859375,50.58399963378906,7955500,63.226036827251235,49.3359992980957,48.17700004577637,0.16553173384978948,-0.2145235038160233,0.3800552376658128,84.58252291669604,75.5563977593769,0.004235615269674753,1.91665670757419
IJH,2023-11-16,49.062862396240234,50.23400115966797,50.805999755859375,50.07400131225586,50.65599822998047,9871000,59.009357596021914,49.76319961547851,48.27700004577637,0.24977426829212135,-0.12166394939439437,0.37143821768651575,87.97545072589003,83.64873064389165,-0.009933279314678467,1.8976180211475036
IJH,2023-11-17,49.461341857910156,50.641998291015625,50.757999420166016,50.50600051879883,50.540000915527344,5954500,61.26167010114051,50.15279922485352,48.42360000610351,0.3454766032670733,-0.028235838862100848,0.37371244212917415,84.16592118159433,85.57463160806016,0.008121814386852,1.913030122492409
IJH,2023-11-20,49.68402862548828,50.869998931884766,50.970001220703125,50.428001403808594,50.60599899291992,7315000,62.50166403571181,50.60159912109375,48.60410003662109,0.4347080951456519,0.0643529479394497,0.3703551472062022,84.71311196001469,85.61816128916638,0.004502238702254635,1.921643040748473
IJH,2023-11-21,49.44376754760742,50.624000549316406,50.810001373291016,50.577999114990234,50.7140007019043,4905000,60.260407350990626,50.62159957885742,48.75920009613037,0.4800410671516673,0.14749057178189323,0.33255049536977405,85.22125264912133,84.70009526357681,-0.00483578092452841,1.9123503959882688
IJH,2023-11-22,49.74263381958008,50.93000030517578,51.104000091552734,50.715999603271484,50.84199905395508,6510500,62.08187068306897,50.65999984741211,48.96520004272461,0.5344980363742025,0.22489206470035508,0.3096059716738474,86.33722579576208,85.42386346829939,0.006044569149891155,1.9239097301956416
IJH,2023-11-24,49.94773483276367,51.13999938964844,51.21799850463867,50.827999114990234,50.88800048828125,4547500,63.32425779618301,50.841199493408205,49.17070007324219,0.5878246710064872,0.2974785859615815,0.29034608504490567,87.90819942210561,86.48889262232971,0.004123243934519127,1.9318424793212332
IJH,2023-11-27,49.86374282836914,51.05400085449219,51.16999816894531,50.72600173950195,50.95800018310547,7919000,62.422255122765385,50.92360000610351,49.403000068664554,0.6160456591987327,0.36119200060901174,0.2548536585897209,92.10903812525112,88.78482111437296,-0.001681597867766338,1.9285938971271461
IJH,2023-11-28,49.543392181396484,50.72600173950195,51.130001068115234,50.66999816894531,50.987998962402344,11566000,58.97201001649346,50.89480056762695,49.60020008087158,0.6049704851142437,0.40994769751005816,0.1950227876041855,90.03461700189762,90.01728484975148,-0.006424520679791379,1.9162036057521332
IJH,2023-11-29,49.73676681518555,50.92399978637695,51.459999084472656,50.854000091552734,51.04600143432617,9692500,60.39509990874175,50.95480041503906,49.78640003204346,0.6051938198686884,0.44899692198178426,0.1561968978869041,86.46481038294895,89.53615517003259,0.003903136730748047,1.9236828104293362
IJH,2023-11-30,50.01805877685547,51.21200180053711,51.29999923706055,50.82600021362305,51.097999572753906,11283000,62.436095751887386,51.011200714111325,49.972500038146975,0.6214465212204914,0.4834868418295257,0.13795967939096565,86.53354153076107,87.67765630520258,0.005655614139840726,1.934562418132569
IJH,2023-12-01,51.22524642944336,52.448001861572266,52.487998962402344,51.00199890136719,51.13800048828125,10546000,69.66194078468888,51.27280120849609,50.1693000793457,0.7256964029750463,0.5319287540586298,0.1937676489164165,92.04538737276071,88.34791309549028,0.024135036067143067,1.981253151868338
IJH,2023-12-04,51.65499496459961,52.88800048828125,52.933998107910156,52.25600051879883,52.32600021362305,12018500,71.74557689366597,51.639601135253905,50.34070014953613,0.8342032218310464,0.5923836476131131,0.24181957421793332,96.77331534622094,91.78408141658095,0.0083893893170075,1.9978746558949096
IJH,2023-12-05,50.9771614074707,52.194000244140625,52.68199920654297,52.099998474121094,52.64400100708008,7727000,64.25007520509845,51.93320083618164,50.501700210571286,0.8543472544867043,0.6447763689878314,0.20957088549887293,90.58139977450894,93.13336749783024,-0.013122323554448978,1.9716578982390232
IJH,2023-12-06,50.88926315307617,52.104000091552734,52.94599914550781,52.0620002746582,52.513999938964844,7205000,63.32610774704915,52.1692008972168,50.66430015563965,0.8532139658539393,0.6864638883610531,0.16675007749288617,81.13390847560494,89.49620786544496,-0.0017242673379151974,1.9682582329235472
IJH,2023-12-07,51.17445373535156,52.395999908447266,52.395999908447266,52.01599884033203,52.22200012207031,5396500,65.0806860506884,52.40600051879883,50.85330009460449,0.8658962582631133,0.7223503623414652,0.14354589592164813,74.32188676254748,82.01239833755382,0.005604140531914048,1.9792886286639475
IJH,2023-12-08,51.40299987792969,52.630001068115234,52.84199905395508,52.301998138427734,52.34600067138672,4478000,66.46530485880503,52.44240036010742,51.07990016937256,0.8846315227935193,0.754806594431876,0.12982492836164328,78.76338766118427,78.0730609664456,0.00446602017014297,1.9881281716020953
IJH,2023-12-11,51.65888977050781,52.891998291015625,52.948001861572266,52.540000915527344,52.56999969482422,6340000,67.9954734812697,52.443199920654294,51.28980007171631,0.910128941300357,0.7858710638055723,0.12425787749478479,87.7482279306178,80.27783411811654,0.004978112039877081,1.9980252963899665
IJH,2023-12-12,51.55535888671875,52.7859992980957,53.02000045776367,52.571998596191406,52.827999114990234,13394500,66.67001772769656,52.56159973144531,51.49780006408692,0.911277951335741,0.810952441311606,0.10032551002413492,91.70997298392122,86.07386285857446,-0.0020041252192796177,1.9940210035047128
IJH,2023-12-13,52.87583923339844,54.13800048828125,54.13800048828125,52.560001373291016,52.82600021362305,13571000,73.70954317296136,52.96839981079101,51.678500175476074,1.0096451857505144,0.8506909901993878,0.15895419555112666,95.89316547531367,91.7837887966176,0.025612863050398893,2.045093590387098
IJH,2023-12-14,54.081077575683594,55.37200164794922,55.599998474121094,54.83000183105469,54.900001525878906,20274500,78.22920349278635,53.56360015869141,51.91020030975342,1.1736464427071098,0.9152820807009322,0.25836436200617763,95.1392772519954,94.24747190374346,0.022793743981351033,2.0917089301042835
IJH,2023-12-15,53.63179397583008,54.9119987487793,55.5,54.77000045776367,55.433998107910156,18436500,73.17883747675322,54.01999969482422,52.144100189208984,1.2520671797882343,0.9826391005183926,0.2694280792698417,93.80664979843228,94.94636417524714,-0.008307593339366592,2.0743318629286556
IJH,2023-12-18,53.711883544921875,54.99399948120117,55.25199890136719,54.88600158691406,55.15800094604492,10713500,73.50717764690299,54.440399932861325,52.361700248718265,1.3057807253322977,1.0472674254811736,0.25851329985112415,89.57540267004379,92.84044324015719,0.0014933225826436747,2.0774295095434643
IJH,2023-12-19,54.420963287353516,55.720001220703125,55.74800109863281,55.17399978637695,55.257999420166016,6617500,76.27625039703705,55.027200317382814,52.60420036315918,1.3908979641623347,1.1159935332174058,0.2749044309449289,90.92733931246865,91.4364639269816,0.013201543041003294,2.1048547846283525
IJH,2023-12-20,53.53733444213867,54.577999114990234,55.7760009765625,54.577999114990234,55.40800094604492,8103500,64.80235571838841,55.11520004272461,52.80190029144287,1.3506346874149031,1.1629217640569054,0.18771292335799772,87.21436603066252,89.23903600439168,-0.016236920330665705,2.0706784251827215
IJH,2023-12-21,54.26126480102539,55.316001892089844,55.36199951171875,54.80400085449219,55.051998138427734,8912500,68.13793465034381,55.104000091552734,53.02120037078858,1.362569553237087,1.2028513218929417,0.1597182313441452,87.36760940793418,88.50310491702182,0.013521972403559124,2.0986780817046875
IJH,2023-12-22,54.484920501708984,55.54399871826172,55.854000091552734,55.29600143432617,55.55400085449219,6151500,69.11181478206392,55.23040008544922,53.24140033721924,1.3745801544364085,1.2371970884016352,0.13738306603477324,84.8648478108929,86.48227441649657,0.0041218298449867685,2.1073284756568773
IJH,2023-12-26,54.89298629760742,55.959999084472656,56.13999938964844,55.56999969482422,55.650001525878906,6336000,70.86183617374778,55.42360000610351,53.486700248718265,1.401510652914979,1.270059801304304,0.13145085161067493,91.77471026887348,88.00238916256689,0.007489518056388533,2.123111350326051
IJH,2023-12-27,54.90279006958008,55.970001220703125,56.13800048828125,55.801998138427734,56.04399871826172,6441500,70.9045196941316,55.47360000610352,53.74890022277832,1.4074363061468773,1.2975351022728188,0.10990120387405855,94.47865852127082,90.37273886701242,0.0001785978980903824,2.123490533550631
IJH,2023-12-28,54.90279006958008,55.970001220703125,56.08599853515625,55.7599983215332,55.81399917602539,5945000,70.9045196941316,55.752000427246095,54.00120029449463,1.3960397517713332,1.3172360321725216,0.0788037195988116,95.69459701965089,93.98265526993175,0.0,2.123490533550631
IJH,2023-12-29,54.37309265136719,55.43000030517578,55.97999954223633,55.422000885009766,55.88399887084961,8573500,64.94746795241922,55.77480010986328,54.212100219726565,1.3281245463721163,1.3194137350124406,0.008710811359675663,90.57542906622973,93.5828948690505,-0.00964791438725765,2.1030032786807826
IJH,2024-01-02,54.198486328125,55.25199890136719,55.608001708984375,54.970001220703125,55.08000183105469,9573500,63.06654878114389,55.716400146484375,54.35230007171631,1.245579762962116,1.3046469406023757,-0.059067177640259816,83.68131901267917,89.98378169951995,-0.003211263415927812,2.096249981188379
IJH,2024-01-03,52.97231674194336,54.00199890136719,54.75199890136719,53.96200180053711,54.68600082397461,10269500,51.73554881621374,55.32480010986328,54.407999992370605,1.0669981832196598,1.2571171891258326,-0.1901190059061728,65.25086035735377,79.83586947875426,-0.022623686919192587,2.0488250779096098
IJH,2024-01-04,52.87618637084961,53.90399932861328,54.242000579833984,53.86800003051758,53.94599914550781,9160000,50.96247925627036,54.911599731445314,54.49349994659424,0.9071066869257507,1.1871150886858162,-0.2800084017600655,39.0197542726149,62.65064454754931,-0.0018147284658522889,2.045107016719175
IJH,2024-01-05,53.068450927734375,54.099998474121094,54.45199966430664,53.59199905395508,53.72200012207031,8079500,52.49150727449469,54.53759918212891,54.593299865722656,0.7871334329248754,1.107118757533628,-0.31998532460875273,20.600313247677047,41.623642625881935,0.0036361275288712136,2.0525432866421554
IJH,2024-01-08,53.7335205078125,54.77799987792969,54.7859992980957,53.86800003051758,53.986000061035156,5851500,57.435681043243854,54.40719909667969,54.712399864196776,0.7382526942487999,1.0333455448766626,-0.2950928506278627,22.68933130054445,27.436466273612158,0.012532296844009583,2.078266368395534
IJH,2024-01-09,53.38823318481445,54.42599868774414,54.62200164794922,54.11000061035156,54.27000045776367,8367500,54.27747587914646,54.24199905395508,54.80219974517822,0.6634628160775407,0.9593689991168383,-0.2959061830392976,33.07168426048326,25.45377626956828,-0.006425920351670333,2.064911594242669
IJH,2024-01-10,53.5118293762207,54.551998138427734,54.65800094604492,54.141998291015625,54.47200012207031,5194000,55.2265247406318,54.35199890136719,54.88519973754883,0.6073571660995754,0.8889666325133857,-0.28160946641381035,38.98481357441174,31.581943045146506,0.002315045545305816,2.069691958630371
IJH,2024-01-11,53.39216232299805,54.43000030517578,54.5260009765625,53.88399887084961,54.492000579833984,8806000,54.05655431659028,54.45719909667969,54.967399787902835,0.5467462779531544,0.8205225616013395,-0.27377628364818507,34.43222949662866,35.49624244384125,-0.0022362728880248595,2.065063562616723
IJH,2024-01-12,53.37646484375,54.41400146484375,55.077999114990234,54.22800064086914,54.90800094604492,7082500,53.89530452261106,54.51999969482422,54.98119983673096,0.4917521272939709,0.7547684747398657,-0.26301634744589486,34.275279976484974,35.89744101584182,-0.00029400343730390244,2.0644564268310623
IJH,2024-01-16,53.01548385620117,54.04600143432617,54.25,53.75600051879883,54.02399826049805,10985500,50.18691501670905,54.373600006103516,54.914899826049805,0.41370540138244394,0.6865558600683814,-0.2728504586859375,27.655753060765118,32.12108751129295,-0.006762924232721956,2.050494664434648
IJH,2024-01-17,52.646644592285156,53.66999816894531,53.86000061035156,53.29600143432617,53.44599914550781,7564000,46.65461586899352,54.22239990234375,54.852799797058104,0.3178485277019263,0.6128143935950904,-0.2949658658931641,21.079436839493592,27.670156625581257,-0.006957198861307301,2.0362289652901264
IJH,2024-01-18,53.09199142456055,54.124000549316406,54.15999984741211,53.560001373291016,53.900001525878906,10472500,51.127453577272355,54.136800384521486,54.809299850463866,0.27534149715332035,0.5453198143067364,-0.269978317153416,20.21834735876808,22.984512419675625,0.008459168399511885,2.0534537690074792
IJH,2024-01-19,53.594234466552734,54.63600158691406,54.72999954223633,53.86600112915039,54.262001037597656,7206500,55.644279247831534,54.17800064086914,54.755099868774415,0.2797438608662972,0.4922046236186486,-0.21246076275235137,30.920859948394348,24.0728813822187,0.009459864445013899,2.0728791633063928
IJH,2024-01-22,54.2279167175293,55.28200149536133,55.41600036621094,54.9640007019043,54.9640007019043,9635000,60.59295025147617,54.351600646972656,54.79029998779297,0.3315377982284815,0.4600712585406152,-0.1285334603121337,55.167530039723374,35.43557911562863,0.011823701882933468,2.097388268572672
IJH,2024-01-23,54.012107849121094,55.0620002746582,55.7140007019043,54.875999450683594,55.599998474121094,6893500,58.211059896301336,54.55480041503906,54.77759990692139,0.3507889304279104,0.4382147929180743,-0.08742586249016393,69.62023746445209,51.902875817523295,-0.00397966363952984,2.089041368742257
IJH,2024-01-24,53.664859771728516,54.70800018310547,55.597999572753906,54.678001403808594,55.571998596191406,7138500,54.498710365892336,54.7624008178711,54.73579998016358,0.3336348081192355,0.4172987959583066,-0.08366398783907109,72.44350705878097,65.74375818765218,-0.006429078427425794,2.0756107579444762
IJH,2024-01-25,54.00425720214844,55.05400085449219,55.358001708984375,54.737998962402344,55.15399932861328,5568000,57.360969344620926,54.94840087890625,54.69050006866455,0.34399405578722764,0.4026378479240908,-0.05864379213686316,68.04519581487506,70.03631344603606,0.0063243886570019114,2.0887377270783714
IJH,2024-01-26,54.05919647216797,55.11000061035156,55.428001403808594,54.98400115966797,55.220001220703125,5625000,57.823404261674156,55.04320068359375,54.64750003814697,0.3526573322818507,0.3926417447956428,-0.03998441251379209,68.70690453051964,69.73186913472524,0.0010173136872133615,2.0908626285571272
IJH,2024-01-29,54.575164794921875,55.63600158691406,55.63800048828125,54.91400146484375,55.06399917602539,5621500,61.99298301524896,55.114000701904295,54.63080005645752,0.3973861045059053,0.39359061673769535,0.0037954877682099264,81.4998695829599,72.7506566427849,0.009544505956901261,2.110818879370453
IJH,2024-01-30,54.44371795654297,55.50199890136719,55.65999984741211,55.29399871826172,55.45000076293945,5431000,60.35596855109445,55.20200042724609,54.63439998626709,0.4172117248713718,0.3983148383644307,0.018896886506941102,87.67574747895442,79.29417386414468,-0.0024085467972996266,2.1057348733188657
IJH,2024-01-31,53.42942810058594,54.46799850463867,55.625999450683594,54.439998626708984,55.36000061035156,10395500,49.495109896879704,55.15400009155273,54.59519996643066,0.3455057066167271,0.38775301201489004,-0.04224730539816296,78.82542627440581,82.66701444544007,-0.018630062273973236,2.066504901496458
IJH,2024-02-01,54.135704040527344,55.1879997253418,55.21799850463867,54.17399978637695,54.77399826049805,8747500,55.49995244049325,55.180799865722655,54.654500007629395,0.3428243856286741,0.37876728673764687,-0.03594290110897275,72.64949579089516,79.71688984808516,0.013218856443901528,2.0938217331299587
IJH,2024-02-02,54.14551544189453,55.198001861572266,55.439998626708984,54.481998443603516,54.7760009765625,9904000,55.57896589942529,55.1984001159668,54.719200134277344,0.33761469617062545,0.3705367686242426,-0.03292207245361717,68.45874404183438,73.31122203571181,0.00018123716207418816,2.0942012114387603
IJH,2024-02-05,53.53537368774414,54.57600021362305,54.810001373291016,54.13999938964844,54.70600128173828,7864000,49.672349645938475,54.9863998413086,54.743000221252444,0.2800672046372199,0.3524428558268381,-0.0723756511896182,69.94760179891371,70.35194721054778,-0.011268555653610068,2.0706025885378048
IJH,2024-02-06,53.800228118896484,54.84600067138672,54.922000885009766,54.46799850463867,54.63600158691406,6446500,52.05431515695571,54.8552001953125,54.74640026092529,0.2533269876205466,0.3326196821855798,-0.07929269456503318,63.766410687931455,67.39091884289321,0.004947279021477735,2.0808464372858952
IJH,2024-02-07,54.067039489746094,55.11800003051758,55.33000183105469,54.67399978637695,55.0880012512207,6924000,54.395955739427684,54.98520050048828,54.78100032806397,0.25118771247979765,0.31633328824442336,-0.06514557576462571,60.129338300784816,64.61445026254336,0.004959298132713563,2.091165975136791
IJH,2024-02-08,54.567317962646484,55.62799835205078,55.645999908447266,55.06399917602539,55.108001708984375,6320500,58.489626408092015,55.07320022583008,54.83480033874512,0.2873327309678402,0.31053317678910675,-0.02320044582126657,73.99593569442365,65.96389489438,0.009252928912360181,2.110515385248678
IJH,2024-02-09,54.98911666870117,56.05799865722656,56.066001892089844,55.56399917602539,55.698001861572266,8069500,61.61802153378827,55.245199584960936,54.91620025634766,0.34667904921645487,0.31776235127457636,0.02891669794187851,87.28980221240077,73.80502540253644,0.007729877915997774,2.1268294115164856
IJH,2024-02-12,55.50117111206055,56.58000183105469,56.768001556396484,56.099998474121094,56.124000549316406,11164500,65.06049621250338,55.645999908447266,55.0245002746582,0.43086597283095784,0.3403830755858527,0.09048289724510516,95.6556066509384,85.64711485258765,0.0093119234201271,2.146634284124201
IJH,2024-02-13,54.13963317871094,55.19200134277344,55.652000427246094,54.763999938964844,55.20399856567383,8716500,51.76557913682631,55.71520004272461,55.081800270080564,0.38119054955684817,0.3485445703800518,0.03264597917679635,77.48707797867876,86.81082894733935,-0.024531697369062244,2.0939737015040127
IJH,2024-02-14,54.90475845336914,55.97200012207031,56.06800079345703,55.332000732421875,55.67399978637695,6175500,57.07413404866375,55.886000061035155,55.196900367736816,0.4001491313850778,0.358865482581057,0.0412836488040208,67.52918236163624,80.22395566375116,0.014132442902458964,2.123566665279769
IJH,2024-02-15,55.90923309326172,56.99599838256836,57.04999923706055,56.33000183105469,56.36600112915039,5392500,62.85404045858682,56.15960006713867,55.34050025939941,0.4921290879980873,0.3855182036644631,0.1066108843336242,69.29518674756581,71.43714902929362,0.01829485582284618,2.1624170112512644
IJH,2024-02-16,55.38933563232422,56.465999603271484,57.03200149536133,56.45800018310547,56.7599983215332,4850500,58.46604855157006,56.24120025634765,55.432000160217285,0.5163057429732234,0.4116757115262152,0.10463003144700822,82.59545351234574,73.13994087384928,-0.00929895532765157,2.142308792063885
IJH,2024-02-20,54.998931884765625,56.06800079345703,56.11399841308594,55.790000915527344,55.99399948120117,4770500,55.34158271806612,56.138800048828124,55.47130012512207,0.49761454773522473,0.4288634787680171,0.06875106896720762,81.44331023103604,77.77798349698256,-0.007048355845069243,2.127209037367398
IJH,2024-02-21,55.065635681152344,56.13600158691406,56.189998626708984,55.7760009765625,55.88199996948242,3820500,55.77643591557952,56.32760009765625,55.525000190734865,0.4827241925654491,0.4396356215275035,0.043088571037945556,71.59225821787642,78.5436739870861,0.0012128198512377786,2.12978895871565
IJH,2024-02-22,55.92295837402344,57.0099983215332,57.06999969482422,56.41999816894531,56.5099983215332,3376500,61.02889388846301,56.53519973754883,55.64010009765625,0.5352773667175512,0.45876397056551305,0.07651339615203817,77.59922113901375,76.87826319597544,0.015569105527724503,2.1629478677656766
IJH,2024-02-23,55.952396392822266,57.040000915527344,57.25,56.81999969482422,57.040000915527344,5335400,61.199259734918265,56.544000244140626,55.73940010070801,0.5727448483608342,0.48156014612457726,0.09118470223625691,86.59697845241925,78.59615260310316,0.0005264031026745997,2.164086450234192
IJH,2024-02-26,55.89353561401367,56.97999954223633,57.29999923706055,56.83000183105469,56.959999084472656,5917500,60.62843441923063,56.6468002319336,55.832900047302246,0.5907862717406402,0.5034053712477898,0.08738090049285041,93.30012321038525,85.83210760060611,-0.0010519795862782289,2.1618098754656043
IJH,2024-02-27,56.18781661987305,57.279998779296875,57.29999923706055,57.060001373291016,57.209999084472656,5728300,62.511224720110626,56.889199829101564,55.915099906921384,0.6221202460431385,0.5271483462068596,0.09497189983627896,93.72885521451077,91.20865229243846,0.005265027567617153,2.1731918640558776
IJH,2024-02-28,56.14858627319336,57.2400016784668,57.43000030517578,56.84000015258789,56.880001068115234,5692100,62.08494115653058,57.10999984741211,56.00200004577637,0.6363893147775315,0.548996539920994,0.08739277485653751,93.60407241685022,93.54435028058212,-0.0006982002334259274,2.1716745409891143
IJH,2024-02-29,56.560569763183594,57.65999984741211,57.880001068115234,57.29999923706055,57.61000061035156,8787000,64.79946355525004,57.24000015258789,56.16160011291504,0.673820612137412,0.5739613543642775,0.09985925777313442,95.01708940081444,94.1166723440585,0.00733737957329339,2.187608941406009
IJH,2024-03-01,57.041229248046875,58.150001525878906,58.16999816894531,57.4900016784668,57.7400016784668,8394800,67.70454281727744,57.4620002746582,56.3097002029419,0.7345567127712798,0.606080426045678,0.12847628672560174,95.07526653685629,94.56547611817366,0.008498137251371052,2.206199542442404
IJH,2024-03-04,57.384552001953125,58.5,58.84000015258789,58.43000030517578,58.709999084472656,15020500,69.63238991219903,57.76600036621094,56.47480010986328,0.8016910663286012,0.6452025541022627,0.15648851222633853,94.67033807459491,94.92089800408858,0.006018852651531903,2.219478332408242
IJH,2024-03-05,57.22760009765625,58.34000015258789,58.68000030517578,58.099998474121094,58.2599983215332,6277900,67.6444581548074,57.97800064086914,56.66300010681152,0.8323896054608255,0.6826399643739752,0.1497496410868503,92.27274885204127,94.0061178211642,-0.002735089825072312,2.2134078598043034
IJH,2024-03-06,57.62978744506836,58.75,58.959999084472656,58.5099983215332,58.849998474121094,12172300,70.00740031621137,58.28000030517578,56.85820007324219,0.8796617865635454,0.7220443288118893,0.15761745775165614,90.26996493667235,92.40435062110288,0.007027856256872411,2.2289633720808397
IJH,2024-03-07,58.18892288208008,59.31999969482422,59.38999938964844,59.06999969482422,59.06999969482422,5055200,72.963570072388,58.6120002746582,57.06830005645752,0.9521438210708837,0.7680642272636882,0.18407959380719552,92.40483499563184,91.6491829281152,0.009702195024485771,2.2505892094192035
IJH,2024-03-08,57.884830474853516,59.0099983215332,59.86000061035156,58.849998474121094,59.630001068115234,6013100,68.98139014645814,58.783999633789065,57.23740005493164,0.9733516437292451,0.8091217105567996,0.1642299331724455,90.21821887377585,90.96433960202671,-0.005225950097801357,2.2388277425201286
IJH,2024-03-11,57.60036087036133,58.720001220703125,58.97999954223633,58.38999938964844,58.77000045776367,4195300,65.38624897412203,58.827999877929685,57.37050018310547,0.9557414609169683,0.8384456606288334,0.11729580028813491,83.11210387510815,88.57838591483865,-0.004914406799822357,2.227825232238657
IJH,2024-03-12,57.91426467895508,59.040000915527344,59.16999816894531,58.56999969482422,58.779998779296875,8037700,67.40496858404299,58.96800003051758,57.4935001373291,0.9565797097432807,0.8620724704517229,0.0945072392915578,75.81201084232953,83.04744453040455,0.005449684756320128,2.2399661774465334
IJH,2024-03-13,58.149681091308594,59.279998779296875,59.439998626708984,59.040000915527344,59.060001373291016,4447200,68.87129573149704,59.07399978637695,57.697900009155276,0.9654803928595328,0.882754054933285,0.08272633792624784,76.39000569455031,78.43804013732935,0.004064912395219666,2.2490714437261086
IJH,2024-03-14,57.44341278076172,58.560001373291016,59.31999969482422,58.11000061035156,59.220001220703125,6302100,60.13170266278598,58.922000122070315,57.82730007171631,0.9040155464702764,0.8870063532406833,0.017009193229593045,71.39317736582056,74.53173130090016,-0.01214569533817167,2.2217549071768294
IJH,2024-03-15,57.35512924194336,58.470001220703125,58.79999923706055,58.34000015258789,58.380001068115234,7879500,59.12175864905114,58.8140007019043,57.90100021362305,0.8383776569677437,0.8772806139860955,-0.03890295701835178,63.996750910515324,70.59331132362875,-0.0015368783737711444,2.2183403401081696
IJH,2024-03-18,57.22760009765625,58.34000015258789,58.7400016784668,58.33000183105469,58.58000183105469,6279900,57.61643954469421,58.73800048828125,57.994700241088864,0.7670273431549433,0.8552299598198652,-0.0882026166649219,53.579373743233326,62.98976733985643,-0.002223500251375077,2.2134078598043034
IJH,2024-03-19,57.6788330078125,58.79999923706055,58.86000061035156,58.220001220703125,58.220001220703125,5838400,61.36493986166017,58.69000015258789,58.131300163269046,0.7390801314572002,0.8319999941473323,-0.09291986269013208,54.07870744401691,57.218277365921885,0.007884882633313994,2.230860320998515
IJH,2024-03-20,58.46358108520508,59.599998474121094,59.7400016784668,58.63999938964844,58.66999816894531,6330900,66.85519874085959,58.75400009155273,58.30450000762939,0.7725792052320983,0.8201158363642855,-0.0475366311321872,65.76400866527753,57.80736328417595,0.013605477719812464,2.261212241391874
IJH,2024-03-21,59.09307098388672,60.08000183105469,60.22999954223633,59.66999816894531,59.689998626708984,5289800,69.64269227454669,59.05800018310547,58.45800018310547,0.828311462956627,0.821754961682754,0.006556501273873083,80.19367227294286,66.67879612741247,0.01076721416986448,2.2855591978784595
IJH,2024-03-22,58.62095260620117,59.599998474121094,60.189998626708984,59.58000183105469,60.11000061035156,5557400,63.85899916758533,59.283999633789065,58.58600006103516,0.8242460242907583,0.822253174204355,0.001992850086403375,84.13659938265658,76.69809344029235,-0.007989403323010236,2.267298943627993
IJH,2024-03-25,58.670135498046875,59.650001525878906,59.970001220703125,59.63999938964844,59.709999084472656,4825400,64.19260933836803,59.545999908447264,58.71950016021729,0.8156565818945793,0.8209338557423999,-0.005277273847820507,78.67398219386754,81.00141794982235,0.0008389985092207564,2.2692012040616545
IJH,2024-03-26,58.59144592285156,59.56999969482422,59.959999084472656,59.529998779296875,59.84000015258789,5940700,63.18762512427014,59.7,58.834000205993654,0.7932498176322937,0.8153970481203787,-0.02214723048808498,70.64400171857592,77.81819443170004,-0.0013412202737784762,2.2661577054014845
IJH,2024-03-27,59.58485794067383,60.58000183105469,60.58000183105469,59.869998931884766,59.90999984741211,5197000,69.64813311606962,59.896000671386716,59.001000213623044,0.8472247474664769,0.8217625879895983,0.025462159476878576,80.50316841956888,76.60705077733748,0.016954898486893688,2.3045801792518588
IJH,2024-03-28,59.74222946166992,60.7400016784668,61.0099983215332,60.61000061035156,60.650001525878906,7421200,70.53045731006104,60.02800064086914,59.15500030517578,0.8926213356205324,0.8359343375157853,0.05668699810474709,86.51922654043062,79.22213222619183,0.002641132771563859,2.310666881487977
IJH,2024-04-01,59.37830352783203,60.369998931884766,60.84000015258789,60.310001373291016,60.810001373291016,5938800,65.76905944227963,60.182000732421876,59.26600017547607,0.8885002515623697,0.8464475203251022,0.04205273123726749,89.5402672307161,85.52088739690522,-0.006091602826295284,2.296591216582078
IJH,2024-04-02,58.59144592285156,59.56999969482422,59.90999984741211,59.349998474121094,59.90999984741211,9825000,56.83510473670212,60.16600036621094,59.31950016021729,0.8113285200525766,0.8394237202705971,-0.028095200218020477,72.98854581433103,83.01601319515927,-0.013251601312786798,2.266157705401484
IJH,2024-04-03,58.85700607299805,59.84000015258789,59.91999816894531,59.380001068115234,59.380001068115234,6521100,58.865978357161595,60.220000457763675,59.394500160217284,0.7631589262405427,0.8241707614645863,-0.06101183522404363,62.64369252463437,75.05750185656053,0.004532404789875821,2.2764288494400597
IJH,2024-04-04,58.18817901611328,59.15999984741211,60.43000030517578,59.040000915527344,60.31999969482422,6778100,52.20424403280925,59.93600006103516,59.41500015258789,0.6624772095790235,0.7918320510874739,-0.12935484150845045,47.89726050766137,61.176499615542276,-0.011363592909487186,2.250560438707611
IJH,2024-04-05,58.679969787597656,59.65999984741211,59.83000183105469,59.130001068115234,59.13999938964844,6268200,56.135087831387025,59.71999969482422,59.432000160217285,0.6159319647920327,0.7566520338283858,-0.14072006903635303,48.319951136171625,52.95363472282248,0.008451729883971693,2.2695815676231206
IJH,2024-04-08,58.935699462890625,59.91999816894531,60.11000061035156,59.72999954223633,59.900001525878906,4622800,58.066363210533765,59.62999954223633,59.47750015258789,0.5931863318214923,0.7239588934270071,-0.13077256160551487,48.74550109085866,48.32090424489726,0.004358040336738922,2.279472495642341
IJH,2024-04-09,59.014381408691406,60.0,60.25,59.52000045776367,60.06999969482422,5142600,58.66935744979679,59.715999603271484,59.541500091552734,0.5749876334606583,0.6941646414337375,-0.11917700797307917,56.64292635729392,51.23612619477476,0.001335047289127811,2.28251569921829
IJH,2024-04-10,57.814422607421875,58.779998779296875,59.279998779296875,58.56999969482422,58.88999938964844,6950100,47.46119693433735,59.50399932861328,59.52849998474121,0.45685479368071213,0.6467026718831325,-0.18984787820242033,42.30746537830106,49.23196427548458,-0.02033332846377689,2.2361045577823573
IJH,2024-04-11,57.843929290771484,58.810001373291016,59.040000915527344,58.41999816894531,59.0099983215332,6122600,47.72567803388013,59.433999633789064,59.50500011444092,0.36148762136626544,0.589659661779759,-0.2281720404134936,27.016193483321235,41.98886173963877,0.0005103689013721269,2.237245796008866
IJH,2024-04-12,56.93904113769531,57.88999938964844,58.65999984741211,57.709999084472656,58.52000045776367,5334300,40.922776283354956,59.07999954223633,59.47150001525879,0.20925976263711732,0.5135796819512307,-0.3043199193141134,9.706372851148698,26.34334390425703,-0.015643614881821977,2.2022471843801283
IJH,2024-04-15,56.31938552856445,57.2599983215332,58.540000915527344,57.09000015258789,58.279998779296875,6746600,37.0302144159903,58.54799957275391,59.410999870300294,0.03735169965053586,0.41833408549109175,-0.3809823858405559,8.28309462101363,15.001886985161216,-0.010882789677338467,2.1782805914550085
IJH,2024-04-16,56.07349395751953,57.0099983215332,57.310001373291016,56.61000061035156,57.040000915527344,7929800,35.58375703830131,57.949999237060545,59.34449977874756,-0.11770278502157794,0.31112671138855785,-0.4288294964101358,6.294035924532132,8.094501132231516,-0.004366020132094861,2.1687701745393646
IJH,2024-04-17,55.58170700073242,56.5099983215332,57.349998474121094,56.5,57.31999969482422,4941800,32.82233042252087,57.49599914550781,59.229999732971194,-0.27772891648809406,0.19335558581322748,-0.47108450230132154,4.549748055403455,6.375626200316435,-0.008770399739307821,2.149749193165966
IJH,2024-04-18,55.503028869628906,56.43000030517578,57.040000915527344,56.2400016784668,56.709999084472656,6735300,32.3892421832764,57.019998931884764,59.071499824523926,-0.4063221214605832,0.07342004435846534,-0.47974216581904855,4.480986818594473,5.108256932843382,-0.0014155400283492048,2.146706137132128
IJH,2024-04-19,55.65056610107422,56.58000183105469,56.81999969482422,56.2599983215332,56.29999923706055,7662500,34.14394601286576,56.757999420166016,58.89649982452393,-0.4904753982611041,-0.03935904416544854,-0.45111635409565554,4.15555447612946,4.395429783375825,0.0026581834262029425,2.1524124758067806
IJH,2024-04-22,56.22103500366211,57.15999984741211,57.5099983215332,56.54999923706055,56.81999969482422,6621300,40.56686139355845,56.737999725341794,58.77449989318848,-0.5045503414778949,-0.1323973036279378,-0.3721530378499571,11.400658380375633,6.67906655836655,0.010250909245950623,2.174476660756128
IJH,2024-04-23,56.899696350097656,57.849998474121094,58.06999969482422,57.2400016784668,57.279998779296875,5189200,47.168285054765434,56.905999755859376,58.684499740600586,-0.45478523170825014,-0.19687488924400026,-0.2579103424642499,22.832108654267177,12.796107170257452,0.012071306520617053,2.200725435050043
IJH,2024-04-24,56.91936492919922,57.869998931884766,58.13999938964844,57.5099983215332,57.86000061035156,5046900,47.35083295313247,57.177999877929686,58.59949970245361,-0.40901725754623186,-0.2393033629044466,-0.16971389464178527,33.67669625406026,22.636487762901055,0.0003456710731906121,2.2014861621729747
IJH,2024-04-25,56.73249435424805,57.68000030517578,57.79999923706055,56.9900016784668,57.40999984741211,5617400,45.734174839264284,57.427999877929686,58.45449962615967,-0.38365457840979644,-0.2681736060055166,-0.11548097240427985,38.327763305553646,31.61218940462706,-0.003283075543509928,2.194258516794569
IJH,2024-04-26,56.87019348144531,57.81999969482422,58.06999969482422,57.59000015258789,57.72999954223633,5281600,47.16559698361342,57.67599945068359,58.30849952697754,-0.3482433590755676,-0.2841875566195268,-0.06405580245604076,38.653332026886126,36.88593052883338,0.002427165044735169,2.199584344365645
IJH,2024-04-29,57.21444320678711,58.16999816894531,58.290000915527344,57.91999816894531,57.9900016784668,4516500,50.66896860705584,57.87799911499023,58.198499488830564,-0.28861083477754335,-0.28507221225113016,-0.003538622526413182,46.26615190454036,41.08241574566008,0.006053253985395912,2.2128989870643907
IJH,2024-04-30,56.1915283203125,57.130001068115234,57.9900016784668,57.119998931884766,57.93000030517578,5075400,41.79960866265958,57.73399963378906,58.07649955749512,-0.321563915410529,-0.29237055288300995,-0.02919336252751903,44.89131721293103,43.2702670481192,-0.017878612971510388,2.173335422529619
IJH,2024-05-01,56.22103500366211,57.15999984741211,58.130001068115234,56.939998626708984,57.11000061035156,10119400,42.114366926453926,57.59199981689453,57.94249954223633,-0.3413242450176881,-0.30216129130994557,-0.03916295370774253,44.42965679377614,45.19570863708254,0.0005251091086437842,2.1744766607561274
IJH,2024-05-02,56.96854782104492,57.91999816894531,58.029998779296875,57.09000015258789,57.720001220703125,5504200,49.55728776307833,57.63999938964844,57.88049945831299,-0.2922896030204498,-0.3001869536520464,0.007897350631596578,47.61517769250867,45.64538389973865,0.013295963287301982,2.203388422606636
IJH,2024-05-03,57.56852722167969,58.529998779296875,59.04999923706055,58.310001373291016,58.75,7163900,54.60278678190394,57.78199920654297,57.82399940490723,-0.20188019546727531,-0.2805256020150922,0.07864540654781688,64.18482049412349,52.076551660136126,0.010531765747645139,2.2265939933246024
IJH,2024-05-06,58.34555435180664,59.31999969482422,59.34000015258789,58.959999084472656,59.09000015258789,5129700,60.16056121308713,58.01199951171875,57.79399948120117,-0.06572596898932659,-0.2375656754099391,0.1718397064206125,84.63093436037916,65.47697751567047,0.013497429370302516,2.256647288485841
IJH,2024-05-07,58.542266845703125,59.52000045776367,59.779998779296875,59.349998474121094,59.43000030517578,6470600,61.44737130826921,58.48999938964844,57.769999504089355,0.05765106098132122,-0.17852232813168703,0.23617338911300825,91.16828726988842,79.99468070813039,0.0033715078394895848,2.264255592509934
IJH,2024-05-08,58.306209564208984,59.279998779296875,59.31999969482422,59.04999923706055,59.11000061035156,4057300,58.98523620371232,58.91399917602539,57.794999504089354,0.1345115510124728,-0.11591555230285508,0.2504271033153279,92.6018962163887,89.46703928221878,-0.004032253860553503,2.255125539155756
IJH,2024-05-09,58.866844177246094,59.849998474121094,59.880001068115234,59.220001220703125,59.33000183105469,6163900,62.797840632081915,59.29999923706055,57.84699935913086,0.2386670496153016,-0.04499903191922375,0.2836660815345253,92.51662890680718,92.09560413102811,0.00961535001550251,2.2768093605436377
IJH,2024-05-10,58.8275032043457,59.810001373291016,60.09000015258789,59.66999816894531,60.04999923706055,3415400,62.359789560370146,59.555999755859375,57.94299945831299,0.31435985615112116,0.02687274569484524,0.28748711045627595,92.00187741963394,92.37346751427663,-0.000668304432660527,2.2752877587556632
IJH,2024-05-13,58.797996520996094,59.779998779296875,60.31999969482422,59.75,60.150001525878906,3255700,62.01036030145523,59.6479995727539,58.068999481201175,0.3676875192306426,0.09503570040200471,0.27265181882863787,91.4112741557786,91.97659349407327,-0.0005015797329883664,2.274146520529155
IJH,2024-05-14,59.31929016113281,60.310001373291016,60.52000045776367,60.040000915527344,60.40999984741211,7364000,65.6699541064112,59.805999755859375,58.23399963378906,0.4475576898909921,0.1655400982998022,0.2820175915911899,89.75630251881216,91.05648469807493,0.008865840181315976,2.294308740129062
IJH,2024-05-15,59.791404724121094,60.790000915527344,60.880001068115234,60.459999084472656,60.77000045776367,4339200,68.61838225357815,60.10800018310547,58.44799976348877,0.5433242236649249,0.24109692337282676,0.3022273002920982,91.95782899009737,91.04180188822939,0.007958870743494106,2.312568846837418
IJH,2024-05-16,59.27010726928711,60.2599983215332,60.810001373291016,60.22999954223633,60.689998626708984,6891600,62.259993319128824,60.19000015258789,58.63949966430664,0.569883845492086,0.3068543077966786,0.26302953769540743,92.03791326687578,91.25068159192847,-0.008718601900043366,2.2924064796954005
IJH,2024-05-17,59.31929016113281,60.310001373291016,60.349998474121094,60.09000015258789,60.2400016784668,3808100,62.61199288698537,60.29000015258789,58.825999641418456,0.5881871106479721,0.36312086836693735,0.22506624228103478,89.17088154952773,91.05554126883366,0.0008298093948480023,2.294308740129062
IJH,2024-05-20,59.348793029785156,60.34000015258789,60.560001373291016,60.209999084472656,60.31999969482422,4103400,62.83594491941584,60.402000427246094,58.984999656677246,0.5982173536553574,0.4101401654246214,0.18807718823073605,85.36377085495634,88.85752189045331,0.0004973570751134471,2.29544983081346
IJH,2024-05-21,59.27994918823242,60.27000045776367,60.290000915527344,60.099998474121094,60.18000030517578,3352700,61.90415134174824,60.39400024414063,59.10599975585937,0.5936744931349338,0.44684703096668393,0.14682746216824988,85.24413803657161,86.59293014701859,-0.0011599872219504315,2.292787138341088
IJH,2024-05-22,58.78816223144531,59.77000045776367,60.279998779296875,59.58000183105469,60.119998931884766,4763900,55.56578210520389,60.19000015258789,59.20099983215332,0.5434637107541391,0.466170366924175,0.07729334382996411,75.66957070649293,82.09249319934032,-0.008296008406240896,2.2737661569676892
IJH,2024-05-23,58.050479888916016,59.02000045776367,60.0099983215332,58.900001525878906,59.970001220703125,4946100,47.67960770933324,59.94200057983399,59.26799983978272,0.43810240021929303,0.4605567735831987,-0.022454373363905655,48.924954712163405,69.94622115174268,-0.012548144295191355,2.245234611136536
IJH,2024-05-24,58.542266845703125,59.52000045776367,59.560001373291016,59.189998626708984,59.34000015258789,3239300,52.517800783768834,59.784000396728516,59.35299987792969,0.3904477848404895,0.44653497583465684,-0.05608719099416737,31.394315922492385,51.9962804470496,0.008471712167206658,2.264255592509935
IJH,2024-05-28,58.1783447265625,59.150001525878906,59.72999954223633,58.970001220703125,59.709999084472656,4762000,48.913228937166586,59.54600067138672,59.40200004577637,0.3191464160048554,0.4210572638686966,-0.10191084786384119,16.666634556412852,32.328635063689575,-0.006216399513530924,2.2501800751461465
IJH,2024-05-29,57.420997619628906,58.380001068115234,58.61000061035156,58.290000915527344,58.540000915527344,8963100,42.39230177300786,59.16800079345703,59.46450004577637,0.1982219860584138,0.37649020830664004,-0.17826822224822625,15.80475310476343,21.28856786122292,-0.013017680556109301,2.220887949734172
IJH,2024-05-30,57.94228744506836,58.90999984741211,59.099998474121094,58.599998474121094,58.63999938964844,5377700,47.57319864011839,58.99600067138672,59.55200004577637,0.1435007884538777,0.3298923243360876,-0.1863915358822099,13.3464519983121,15.272613219829488,0.009078383292686842,2.241050021791968
IJH,2024-05-31,58.69963836669922,59.68000030517578,59.709999084472656,58.81999969482422,59.18000030517578,9405900,54.04020521513273,59.12800064086914,59.64000015258789,0.16041725660863904,0.2959973107905979,-0.13558005418195884,27.02700579667022,18.72607029991528,0.013070780513262603,2.270342294746053
IJH,2024-06-03,58.21768569946289,59.189998626708984,60.06999969482422,58.810001373291016,60.06999969482422,8138000,49.82795400679788,59.0620002746582,59.67300014495849,0.13275432988228886,0.2633487146089361,-0.13059438472664725,37.45168418628874,25.94171399375705,-0.008210487843648195,2.2517016769341205
IJH,2024-06-04,57.44066619873047,58.400001525878906,59.0099983215332,58.349998474121094,58.959999084472656,8942000,43.88833013219139,58.912000274658205,59.62700023651123,0.04654851508879432,0.21998867470490774,-0.17344015961611342,30.88799961116597,31.788896531375002,-0.013346794730790701,2.2216486768571038
IJH,2024-06-05,58.079986572265625,59.04999923706055,59.08000183105469,58.290000915527344,58.709999084472656,5225700,49.24880400761174,59.045999908447264,59.60350017547607,0.030329548662919592,0.18205684949651013,-0.15172730083359054,23.05157665585457,30.463753484436456,0.011130100255509978,2.2463758493630444
IJH,2024-06-06,57.9029426574707,58.869998931884766,59.099998474121094,58.619998931884766,58.900001525878906,5094000,47.884561422892666,59.0379997253418,59.58300018310547,0.0029177466495582394,0.14622902892711975,-0.1433112822775615,19.985451297480424,24.641675854833682,-0.0030482774746277697,2.2395282724618832
IJH,2024-06-07,57.48984146118164,58.45000076293945,58.810001373291016,58.27000045776367,58.41999816894531,6739000,44.76835720783847,58.79199981689453,59.513000297546384,-0.052096114520637116,0.10656400023756837,-0.1586601147582055,21.189832840852123,21.4089535980624,-0.007134373096248203,2.223550642206544
IJH,2024-06-10,57.56852722167969,58.529998779296875,58.630001068115234,57.849998474121094,57.91999816894531,6902500,45.495928983044315,58.65999984741211,59.44900016784668,-0.08822284644575262,0.06760663090090419,-0.1558294773466568,20.42655917645379,20.533947771595475,0.0013686898154203764,2.2265939933246033
IJH,2024-06-11,57.31308364868164,58.11000061035156,58.220001220703125,57.59000015258789,58.0099983215332,5347600,42.342268974474,58.60199966430664,59.36550025939941,-0.14902600491893736,0.024280103736935878,-0.17330610865587323,18.35333039286406,19.989907470056686,-0.004437208754957456,2.2167141309636875
IJH,2024-06-12,58.0823860168457,58.88999938964844,59.59000015258789,58.709999084472656,59.15999984741211,7365200,49.36242042518433,58.56999969482422,59.29450016021728,-0.1327433802469713,-0.007124593059845558,-0.12561878718712574,33.20635091219528,23.99541349383774,0.013422805390820303,2.2464686533506946
IJH,2024-06-13,57.727317810058594,58.529998779296875,58.81999969482422,58.189998626708984,58.7599983215332,4102400,46.54558530381605,58.50199966430664,59.18150005340576,-0.1471915904579788,-0.03513799253947221,-0.1120535979185066,36.551131027775675,29.370270777611704,-0.006113182173406728,2.232735581225914
IJH,2024-06-14,57.036930084228516,57.83000183105469,58.08000183105469,57.459999084472656,57.9900016784668,6904300,41.57737838558953,58.37799987792969,59.06000022888183,-0.21267422862600682,-0.07064523975677914,-0.14202898886922768,34.83295276911917,34.863478236363406,-0.011959463076072208,2.20603326248361
IJH,2024-06-17,57.5497932434082,58.349998474121094,58.380001068115234,57.599998474121094,57.650001525878906,5955100,46.17364514340981,58.34199981689453,58.96200008392334,-0.22007343824380143,-0.1005308794541836,-0.11954255878961784,28.726370018518498,33.370151271804474,0.008991773547810666,2.225869414018801
IJH,2024-06-18,57.65828323364258,58.459999084472656,58.630001068115234,58.25,58.33000183105469,6733100,47.12137288719062,58.41199951171875,58.86800003051758,-0.21458760292207302,-0.1233422241477615,-0.09124537877431152,28.863366637630104,30.807563141755953,0.001885149956586618,2.230065511648006
IJH,2024-06-20,57.51034164428711,58.310001373291016,58.68000030517578,58.18000030517578,58.400001525878906,5632500,45.93370684532318,58.295999908447264,58.77000007629395,-0.21980977040902872,-0.14263573340001495,-0.07717403700901376,34.99362755701578,30.861121404388154,-0.002565834101511122,2.2243435335096158
IJH,2024-06-21,57.74705123901367,58.54999923706055,58.560001373291016,57.9900016784668,58.369998931884766,5772100,48.18404278687308,58.3,58.70900001525879,-0.20225112879002438,-0.15455881247801684,-0.04769231631200754,37.547915119838905,33.80163643816163,0.004115948331356867,2.233498816564729
IJH,2024-06-24,58.092247009277344,58.900001525878906,59.27000045776367,58.560001373291016,58.68000030517578,6621400,51.363350769729664,58.513999938964844,58.70300006866455,-0.1582690916182301,-0.1553008683060595,-0.0029682233121706147,47.31176419840451,39.951102291753095,0.005977721162504279,2.2468500497069366
IJH,2024-06-25,57.53992462158203,58.34000015258789,58.849998474121094,58.119998931884766,58.849998474121094,4540200,46.45225127472088,58.512000274658206,58.64400005340576,-0.16667906843712643,-0.15757650833227288,-0.009102560104853552,50.227582042535,45.029087120259504,-0.009507678152079535,2.225487722578339
IJH,2024-06-26,57.38212585449219,58.18000030517578,58.279998779296875,57.93000030517578,58.15999984741211,4180500,45.124689404412116,58.45600051879883,58.595499992370605,-0.18413212564221482,-0.16288763179426127,-0.021244493847953544,47.574385066930255,48.37124376928995,-0.002742422207321682,2.2193844956258184
IJH,2024-06-27,57.569515228271484,58.369998931884766,58.38999938964844,58.04999923706055,58.189998626708984,5497000,47.05955657159523,58.46800003051758,58.59499988555908,-0.18055121590141,-0.16642034861569102,-0.014130867285718968,39.280138928936175,45.69403534613384,0.0032656401447110905,2.2266322067312836
IJH,2024-06-28,57.71745681762695,58.52000045776367,58.959999084472656,58.16999816894531,58.66999816894531,8202400,48.60041822541632,58.4620002746582,58.57549991607666,-0.1637221624343539,-0.16588071137942362,0.002158548945069727,42.09704370064844,42.98385589883832,0.0025697904310790776,2.232354184869674
IJH,2024-07-01,57.17500686645508,57.970001220703125,58.79999923706055,57.88999938964844,58.709999084472656,9317900,43.590620229491755,58.27600021362305,58.48999996185303,-0.1925458099685926,-0.1712137310972574,-0.021332078871335203,38.81067469961508,40.062619109733255,-0.009398368900519705,2.21137369672365
IJH,2024-07-02,57.35253143310547,58.150001525878906,58.20000076293945,57.880001068115234,57.900001525878906,6219200,45.56817684954447,58.23800048828125,58.43800010681152,-0.1985751868549741,-0.17668602224880076,-0.02188916460617335,35.36783752143896,38.75851864056752,0.0031049330184609314,2.218239863930763
IJH,2024-07-03,57.470890045166016,58.27000045776367,58.599998474121094,58.150001525878906,58.310001373291016,4108800,46.90453796059452,58.25600051879883,58.43150005340576,-0.19146352817566026,-0.17964152343417267,-0.01182200474148759,33.6965459879798,35.958352736344644,0.0020637033641417446,2.22281765300043
IJH,2024-07-05,57.10596466064453,57.900001525878906,58.279998779296875,57.689998626708984,58.209999084472656,4909700,43.36898024032148,58.162001037597655,58.37400016784668,-0.21322537958096177,-0.1863582946635305,-0.026867084917431283,33.8184654705978,34.29428299333889,-0.006349743047909806,2.2087033320615195
IJH,2024-07-08,57.28349685668945,58.08000183105469,58.529998779296875,57.970001220703125,58.20000076293945,7811400,45.520444230906385,58.07400131225586,58.334500312805176,-0.2134863456015168,-0.19178390485112776,-0.021702440750389046,32.60120456080471,33.372072006460805,0.0031088205426510473,2.215569794352854
IJH,2024-07-09,56.93829345703125,57.72999954223633,58.150001525878906,57.689998626708984,58.0,6115800,42.165972422864655,58.0260009765625,58.29850025177002,-0.23917832383558135,-0.2012627886480185,-0.037915535187562854,18.52796370963949,28.315877913680698,-0.006026227772404025,2.2022182661264256
IJH,2024-07-10,57.569515228271484,58.369998931884766,58.439998626708984,57.88999938964844,57.959999084472656,5472200,49.49498574958498,58.07000045776367,58.290500259399415,-0.20552760534233272,-0.20211575198688136,-0.0034118533554513553,24.770775515203407,25.299981261882564,0.011086067616631112,2.226632206731283
IJH,2024-07-11,58.989768981933594,59.810001373291016,59.93000030517578,59.029998779296875,59.18000030517578,10369900,61.35998493400635,58.37800064086914,58.37550029754639,-0.06194889774578627,-0.17408238113866237,0.1121334833928761,46.737517847710045,30.01208569085101,0.02467023993567774,2.2815637575198515
IJH,2024-07-12,59.591400146484375,60.41999816894531,60.72999954223633,60.130001068115234,60.310001373291016,8102100,65.10026678870422,58.88199996948242,58.45200023651123,0.09990822606717842,-0.11928425969749423,0.21919248576467265,75.8278141462245,49.11203583637934,0.010198906944949071,2.3048332139717647
IJH,2024-07-15,59.956329345703125,60.790000915527344,61.20000076293945,60.439998626708984,60.689998626708984,9157800,67.17577116113164,59.42399978637695,58.56500034332275,0.25509669629110476,-0.04440806849977444,0.2995047647908792,90.92153269738203,71.16228823043889,0.006123856769965075,2.318947682452786
IJH,2024-07-16,61.396305084228516,62.25,62.31999969482422,61.02000045776367,61.06999969482422,10038600,73.79756331307986,60.327999877929685,58.78600025177002,0.4902431831618941,0.06252218183255928,0.42772100132933477,92.2032723805985,86.31753974140172,0.02401707633271899,2.374642025953836
IJH,2024-07-17,60.4987907409668,61.34000015258789,62.40999984741211,61.34000015258789,61.709999084472656,11181300,64.9963347551169,60.922000122070315,58.93550033569336,0.5962953638720947,0.16927681824046636,0.42701854563162833,88.04591615628844,90.39024041142302,-0.01461837714876224,2.3399286132251422
IJH,2024-07-18,59.837974548339844,60.66999816894531,62.06999969482422,60.529998779296875,61.31999969482422,8632400,59.38108759345134,61.09399948120117,59.04600028991699,0.6191418387946683,0.2592498223513068,0.35989201644336155,79.65140529567059,86.63353127751923,-0.01092280001853796,2.3143700409252292
IJH,2024-07-19,59.423736572265625,60.25,60.66999816894531,60.06999969482422,60.540000915527344,7867200,56.10868952575428,61.05999984741211,59.14300022125244,0.5964816237464134,0.3266961826303281,0.2697854411160853,64.90113040011201,77.53281728402371,-0.006922660387503221,2.298348443120892
IJH,2024-07-22,60.153587341308594,60.9900016784668,61.060001373291016,59.9900016784668,60.5,6679300,60.26372835761023,61.1,59.265000343322754,0.6309618555521581,0.38754931721469416,0.24341253833746396,62.429390402913775,68.99397536623216,0.01228214197125399,2.3265770849987133
IJH,2024-07-23,60.29166793823242,61.130001068115234,61.34000015258789,60.7400016784668,60.849998474121094,6681400,61.01563704351136,60.876000213623044,59.37650032043457,0.6619538761633379,0.44243022900442297,0.21952364715891493,65.67799760773279,64.33617280358622,0.0022954673698905026,2.3319176667808628
IJH,2024-07-24,59.117984771728516,59.939998626708984,61.22999954223633,59.900001525878906,60.81999969482422,8131500,52.00722821603406,60.59599990844727,59.45650024414063,0.583762770191953,0.47069673724192895,0.11306603295002404,63.488722938824715,63.86537031649045,-0.019466755633735677,2.2865227954036484
IJH,2024-07-25,59.591400146484375,60.41999816894531,61.349998474121094,59.95000076293945,60.040000915527344,8170000,54.89966802636261,60.545999908447264,59.5685001373291,0.5541399267723506,0.48738537514801333,0.06675455162433724,59.4632754663304,62.876665337629326,0.008007975518513621,2.304833213971764
IJH,2024-07-26,60.61714172363281,61.459999084472656,61.61000061035156,60.90999984741211,61.11000061035156,6873600,60.46002270402463,60.7879997253418,59.7230001449585,0.6075791973913951,0.5114241395966898,0.09615505779470535,61.79376932941083,61.581922578188674,0.017212912846937822,2.344506107210588
IJH,2024-07-29,60.538238525390625,61.380001068115234,61.790000915527344,61.18000030517578,61.54999923706055,6146200,59.84878759330253,60.86599960327148,59.866000175476074,0.6361419842081091,0.5363677085189736,0.09977427568913544,71.64141582877045,64.29948687483726,-0.0013016647766389555,2.341454346192217
IJH,2024-07-30,60.75522232055664,61.599998474121094,61.88999938964844,61.25,61.54999923706055,6726800,61.015998735869765,60.959999084472656,60.04750003814697,0.6688204053076205,0.562858247876703,0.10596215743091753,77.70691966469089,70.38070160762409,0.0035842436194275518,2.349846688992737
IJH,2024-07-31,61.12015151977539,61.970001220703125,62.86000061035156,61.58000183105469,62.029998779296875,9847800,62.96595121054959,61.36599960327148,60.23850002288818,0.716317160536768,0.593550030408716,0.12276713012805196,74.3934441164305,74.58059320329731,0.006006548660019817,2.3639611574737582
IJH,2024-08-01,59.7689323425293,60.599998474121094,62.41999816894531,60.150001525878906,62.029998779296875,10629600,52.495591121438515,61.40199966430664,60.35499992370605,0.6360785911395368,0.6020557425548801,0.03402284858465665,56.53882217248442,69.54639531786863,-0.022107588800870492,2.3116996762630984
IJH,2024-08-02,58.111976623535156,58.91999816894531,59.369998931884766,58.2599983215332,59.349998474121094,16747900,43.0433548492093,60.89399948120117,60.405999755859376,0.43194773788108165,0.5680341416201204,-0.1360864037390388,35.97627074884698,55.63617901258733,-0.027722692275952143,2.247613137503638
IJH,2024-08-05,56.53391647338867,57.31999969482422,58.060001373291016,56.0099983215332,56.290000915527344,23579000,36.333490352890315,60.08199920654297,60.36799964904785,0.13945847043666504,0.48231900738342937,-0.3428605369467643,19.040156581094312,37.18508316747526,-0.027155506348881864,2.186578064678328
IJH,2024-08-06,57.096099853515625,57.88999938964844,58.630001068115234,56.97999954223633,57.439998626708984,17881400,39.92628085748422,59.33999938964844,60.37599964141846,-0.045818996725394356,0.3766914065616646,-0.42251040328705897,20.305726259015643,25.10738452965234,0.009944178914113921,2.208321788163166
IJH,2024-08-07,56.69172286987305,57.47999954223633,58.93000030517578,57.40999984741211,58.720001220703125,10063500,38.2540655087183,58.44199905395508,60.33149967193604,-0.2231637921960683,0.25672036681011806,-0.47988415900618636,22.676409270286666,20.674097370132234,-0.007082392399481496,2.1926815867150697
IJH,2024-08-08,57.904850006103516,58.709999084472656,58.7599983215332,57.779998779296875,58.02000045776367,13235300,45.613290340382086,58.06399917602539,60.276499557495114,-0.26144634605086026,0.15308702423792242,-0.4145333702887827,29.44039430776814,24.140843279023514,0.021398664122715294,2.239602043517248
IJH,2024-08-09,57.86539840698242,58.66999816894531,58.869998931884766,58.2599983215332,58.72999954223633,5619100,45.42368275376325,58.01399917602539,60.188999557495116,-0.29165131061105853,0.06413935726812624,-0.3557906678791848,33.236007537319466,28.45093703845812,-0.0006813176982055635,2.2380761630080626
IJH,2024-08-12,57.52020263671875,58.31999969482422,58.869998931884766,58.20000076293945,58.77000045776367,5507200,43.71153488925244,58.21399917602539,60.065499496459964,-0.33991261342302437,-0.016671036870103885,-0.32324157655292046,37.323598154912254,33.333333333333314,-0.005965495438842727,2.224724929865855
IJH,2024-08-13,58.299373626708984,59.11000061035156,59.189998626708984,58.400001525878906,58.689998626708984,6537200,48.43599010489374,58.45799942016602,59.908499526977536,-0.3108305113855039,-0.07550293177318389,-0.23532757961231998,39.27007694919359,36.60989421380847,0.013546040421854144,2.254861143693325
IJH,2024-08-14,58.23033142089844,59.040000915527344,59.380001068115234,58.83000183105469,59.2599983215332,6204000,48.051142064155826,58.76999969482422,59.79349956512451,-0.29008718189610505,-0.11841978179776813,-0.17166740009833692,41.07057633095295,39.22141714501962,-0.0011842701133055744,2.252190779031195
IJH,2024-08-15,59.38428497314453,60.209999084472656,60.40999984741211,59.779998779296875,60.040000915527344,5558800,54.55120013380933,59.06999969482422,59.77049961090088,-0.17719626147547984,-0.1301750777333105,-0.04702118374216935,50.267650579787336,43.53610128664466,0.019817052798568602,2.2968225626117054
IJH,2024-08-16,59.41387176513672,60.2400016784668,60.4900016784668,59.970001220703125,60.0,8228000,54.70770357079106,59.38400039672852,59.76999969482422,-0.08433625921505694,-0.12100731402965978,0.03667105481460284,55.76643739508421,49.03488810194153,0.0004982259533068412,2.2979668992225393
IJH,2024-08-19,59.98591613769531,60.81999969482422,60.81999969482422,60.290000915527344,60.290000915527344,4928200,57.737471233272245,59.88400039672852,59.76149959564209,0.03564604880911304,-0.08967664146190522,0.12532269027101828,64.42822904734135,56.820772340737655,0.009628128172152861,2.3200920190636185
IJH,2024-08-20,59.45332717895508,60.279998779296875,60.810001373291016,60.150001525878906,60.7599983215332,4200500,54.10834631600951,60.11800003051758,59.71899948120117,0.086166062702695,-0.05450810062898519,0.1406741633316802,66.19516706395152,62.12994450212572,-0.008878566720856518,2.2994929272738354
IJH,2024-08-21,60.173309326171875,61.0099983215332,61.04999923706055,60.40999984741211,60.630001068115234,6030100,57.95571580341473,60.51199951171875,59.77249946594238,0.18299890245351946,-0.007006700012484261,0.19000560246600373,78.6799930622334,69.76779639117545,0.012110039612243106,2.327339877711194
IJH,2024-08-22,59.808387756347656,60.63999938964844,61.25,60.529998779296875,61.040000915527344,6953500,55.419672249774635,60.597999572753906,59.783499526977536,0.22726404555577062,0.039847449101166714,0.1874165964546039,84.72659173531265,76.53391728716588,-0.006064508897892673,2.3132257043143944
IJH,2024-08-23,61.11028289794922,61.959999084472656,62.13999938964844,60.95000076293945,61.060001373291016,9246600,61.83582071767325,60.94199905395508,59.80849952697754,0.36465393053005357,0.10480874538694408,0.2598451851431095,94.69224126059241,86.03294201937952,0.021767768542856114,2.3635794660332956
IJH,2024-08-26,60.922889709472656,61.77000045776367,62.41999816894531,61.720001220703125,62.290000915527344,5306500,60.48639141122887,61.13199920654297,59.82799949645996,0.45298339234759055,0.1744436747790734,0.27853971756851714,90.63212734622499,90.01698678071004,-0.00306647555190509,2.3563316073857195
IJH,2024-08-27,60.686180114746094,61.529998779296875,61.63999938964844,61.27000045776367,61.5,6120400,58.742533163945225,61.38199920654297,59.82449951171875,0.4978797497076002,0.23913088976477875,0.25874885994282143,88.11886249334277,91.14774370005343,-0.003885396701557964,2.347176324330606
IJH,2024-08-28,60.4100227355957,61.25,61.56999969482422,60.95000076293945,61.29999923706055,4124800,56.689104394909364,61.42999954223633,59.788499450683595,0.5050450302057641,0.29231371785297583,0.21273131235278825,80.03995781820791,86.26364921925858,-0.0045505810157803195,2.336495308308418
IJH,2024-08-29,60.56782913208008,61.40999984741211,61.95000076293945,61.04999923706055,61.54999923706055,5157300,57.60117591982608,61.58399963378906,59.828999519348145,0.5176668756294518,0.337384349408271,0.1802825262211808,76.38675326188418,81.51519119114498,0.0026122552076344174,2.3425988303451604
IJH,2024-08-30,61.04124450683594,61.88999938964844,61.900001525878906,61.11000061035156,61.650001525878906,5201800,60.30205823484357,61.56999969482422,59.9774995803833,0.55994701002151,0.38189688153091883,0.1780501284905912,78.3857411305607,78.27081740355095,0.00781628434665338,2.3609092489132757
IJH,2024-09-03,59.46318817138672,60.290000915527344,61.689998626708984,60.099998474121094,61.349998474121094,8719800,49.07900490159567,61.273999786376955,60.12599964141846,0.45905610301962696,0.39732872582866047,0.06172737719096649,67.85028506255539,74.20759315166679,-0.025852296233450756,2.299874323630076
IJH,2024-09-04,59.265933990478516,60.09000015258789,60.540000915527344,59.91999816894531,60.060001373291016,9199700,47.879437385346826,60.986000061035156,60.23599967956543,0.3588246352136437,0.38962790770565714,-0.030803272492013423,46.408986130085026,64.21500410773373,-0.0033172486537329515,2.292245068626259
IJH,2024-09-05,58.86155700683594,59.68000030517578,60.2400016784668,59.5,60.119998931884766,6770200,45.42816877010839,60.672000122070315,60.3459997177124,0.24349999727906635,0.360402325620339,-0.11690232834127268,19.525138838117353,44.594803343585944,-0.006823093072447772,2.276604867178163
IJH,2024-09-06,58.0823860168457,58.88999938964844,60.099998474121094,58.7599983215332,59.709999084472656,7316900,41.065542468948905,60.168000030517575,60.354999732971194,0.08735099142182179,0.3057920587806356,-0.2184410673588138,7.152939584692118,24.362354850964863,-0.013237349292335998,2.2464686533506932
IJH,2024-09-09,58.319095611572266,59.130001068115234,59.529998779296875,58.93000030517578,59.029998779296875,8901000,42.86080620736349,59.61600036621094,60.37799987792969,-0.016837993134757312,0.24126604839755703,-0.25810404153231437,6.608568286814186,11.095548903207913,0.00407541099737041,2.2556239364058066
IJH,2024-09-10,58.190879821777344,59.0,59.2400016784668,58.540000915527344,59.189998626708984,6593100,42.112486507600956,59.35800018310547,60.41199989318848,-0.10864610905426275,0.1712836169071931,-0.2799297259614558,8.505653960491388,7.422387277332592,-0.002198521572571832,2.2506648985220092
IJH,2024-09-11,58.42758560180664,59.2400016784668,59.310001373291016,57.91999816894531,58.810001373291016,10200300,44.054464567193534,59.18800048828125,60.41849994659424,-0.16019197926673456,0.10498849767240756,-0.26518047693914215,17.099477101436197,10.737899782913951,0.004067747055110038,2.2598200340350116
IJH,2024-09-12,58.92073440551758,59.7400016784668,59.880001068115234,59.02000045776367,59.369998931884766,6598100,47.970524085196516,59.20000076293945,60.453499984741214,-0.15886533080907128,0.05221773197611179,-0.21108306278518307,27.211196218647263,17.605442426858314,0.008440341982840494,2.2788936879419412
IJH,2024-09-13,59.97605514526367,60.810001373291016,60.86000061035156,60.150001525878906,60.2400016784668,6046500,55.19789869513828,59.58400115966797,60.48350009918213,-0.07065940173736607,0.027642305233416223,-0.09830170697078229,44.666742395471594,29.659138571851713,0.01791085515809976,2.319710622707377
IJH,2024-09-16,60.380435943603516,61.220001220703125,61.279998779296875,60.810001373291016,61.0,5561400,57.62678536768191,60.002001190185545,60.53250007629394,0.031959583531033786,0.028505760892939738,0.0034538226380940486,62.184231653851334,44.68739008932342,0.0067423707237901365,2.335350971697584
IJH,2024-09-17,60.686180114746094,61.529998779296875,61.939998626708984,61.29999923706055,61.54999923706055,7568400,59.41821311153773,60.50800094604492,60.56800003051758,0.13672401160883396,0.050149411036118585,0.08657460057271538,78.56209792860545,61.80435732597615,0.005063629739741282,2.3471763243306056
IJH,2024-09-18,60.745361328125,61.59000015258789,62.619998931884766,61.349998474121094,61.560001373291016,11061300,59.77271310063965,60.97800064086914,60.63350009918213,0.2220327299196967,0.08452607481283421,0.1375066551068625,83.18304542289451,74.64312500178379,0.0009752008326608941,2.349465292636495
IJH,2024-09-19,61.79082489013672,62.650001525878906,62.790000915527344,62.06999969482422,62.790000915527344,6282000,65.50548909896132,61.560000610351565,60.71550025939941,0.37089827142384024,0.14180051413503542,0.22909775728880483,88.26284266617722,83.33599533922575,0.017210590885524457,2.3899009785878005
IJH,2024-09-20,61.34699630737305,62.20000076293945,62.45000076293945,61.93000030517578,62.45000076293945,9012400,61.4986550706517,61.83800048828125,60.79350032806396,0.4474065604997435,0.20292172340797704,0.24448483709176644,87.6984735689286,86.38145388600014,-0.0071827586628402385,2.3727348966305186
IJH,2024-09-23,61.682334899902344,62.540000915527344,62.65999984741211,62.189998626708984,62.459999084472656,8227200,63.32404494376018,62.1020004272461,60.8225004196167,0.5293728212585336,0.26821194297808837,0.2611608782804452,93.29227248777126,89.75119624095906,0.005466259356026404,2.3857048809585955
IJH,2024-09-24,61.67246627807617,62.529998779296875,62.84000015258789,62.400001525878906,62.65999984741211,5670300,63.22907309583187,62.30200042724609,60.86050033569336,0.5867607717120364,0.33192170872487803,0.2548390629871584,92.1502360851486,91.04699404728285,-0.00015999105484876264,2.385323189518133
IJH,2024-09-25,61.0477294921875,61.65999984741211,62.369998931884766,61.54999923706055,62.310001373291016,5986900,55.440403832629194,62.316000366210936,60.86700038909912,0.5556344845185706,0.37666426388361657,0.178970220634954,88.19398597290281,91.21216484860759,-0.010129914102539495,2.3611600705015188
IJH,2024-09-26,61.54277038574219,62.15999984741211,62.56999969482422,61.97999954223633,62.279998779296875,11220700,58.596967590942036,62.21800003051758,60.91250038146973,0.5648018152414238,0.41429177415517804,0.15051004108624577,85.29809546922174,88.54743917575775,0.008109079529616814,2.380306905295371
IJH,2024-09-27,61.651676177978516,62.27000045776367,62.81999969482422,62.029998779296875,62.58000183105469,8363900,59.28038611289262,62.23199996948242,60.9555004119873,0.5743226864028514,0.4462979566047127,0.12802472979813873,83.53658993597458,85.67622379269973,0.001769595218962694,2.3845190850146456
IJH,2024-09-30,61.7011833190918,62.31999969482422,62.40999984741211,61.7400016784668,62.09000015258789,9545800,59.60676063085804,62.1879997253418,60.9770004272461,0.5792256136435228,0.47288348801247476,0.106342125631048,88.00813181479492,85.61427240666377,0.0008030137083436806,2.3864338865277195
IJH,2024-10-01,61.21604919433594,61.83000183105469,62.27000045776367,61.34000015258789,62.2599983215332,13104000,54.95778464726372,62.04800033569336,61.05400047302246,0.5373779280340258,0.485782376016785,0.051595552017240864,83.80192851229661,85.11555008768873,-0.007862638909969633,2.3676702185954364
IJH,2024-10-02,61.26554489135742,61.880001068115234,62.119998931884766,61.470001220703125,61.689998626708984,5452600,55.34054686053894,62.092000579833986,61.14350051879883,0.5024558578999674,0.4891170723934215,0.01333878550654588,75.76780799669628,82.52595610792929,0.0008085411860598857,2.369584577482178
IJH,2024-10-03,61.067535400390625,61.68000030517578,61.83000183105469,61.220001220703125,61.599998474121094,6870400,53.386244989312154,61.99600067138672,61.243500518798825,0.45341479214278024,0.4819766163432933,-0.028561824200513064,60.24321691200145,73.2709844736648,-0.00323198775621647,2.361926109140436
IJH,2024-10-04,61.66157531738281,62.279998779296875,62.52000045776367,61.84000015258789,62.43000030517578,6157300,58.15983155565994,61.99800033569336,61.41300048828125,0.45768831072852834,0.47711895522034037,-0.019430644491812032,57.533796895961956,64.51494060155325,0.009727589513762958,2.384901956791994
IJH,2024-10-07,61.235843658447266,61.849998474121094,62.119998931884766,61.47999954223633,62.11000061035156,6748100,53.8997240726635,61.90400009155273,61.549000358581544,0.42151866919930114,0.46599889801613253,-0.04448022881683139,49.05928406730967,55.612099291757715,-0.006904326669311178,2.368435814608022
IJH,2024-10-08,61.275447845458984,61.88999938964844,62.09000015258789,61.599998474121094,61.84000015258789,7000600,54.235547921392204,61.91599960327149,61.69350032806396,0.3915679556307339,0.4511127095390528,-0.059544753908318926,48.55955837393316,51.717546445734946,0.0006467484506724741,2.369967596801637
IJH,2024-10-09,61.68137741088867,62.29999923706055,62.4900016784668,61.77000045776367,61.86000061035156,4491200,57.641561672041064,61.99999923706055,61.84650020599365,0.39634652450156693,0.44015947253155563,-0.043812948029988696,48.97109069801937,48.863311046420755,0.00662466909182724,2.3856678478888007
IJH,2024-10-10,61.35465621948242,61.970001220703125,62.08000183105469,61.63999938964844,61.900001525878906,6165300,54.148419723892374,62.05799942016601,61.95800018310547,0.36924901989604564,0.4259773820044537,-0.05672836210840804,51.44028464253668,49.65697790482975,-0.005296917888681474,2.3730311611888664
IJH,2024-10-11,62.39422607421875,63.02000045776367,63.04999923706055,62.08000183105469,62.08000183105469,5225600,62.03255707886535,62.205999755859374,62.0685001373291,0.42757143810571563,0.42629619322470613,0.0012752448810094963,70.44121188721911,56.95086240925841,0.016943617954886747,2.413238894579092
IJH,2024-10-14,62.77045440673828,63.400001525878906,63.45000076293945,62.790000915527344,63.060001373291016,4285800,64.4171853537551,62.51600036621094,62.17750015258789,0.498706506944643,0.4407782559686935,0.0579282509759495,80.80497625755605,67.56215759577064,0.006029858148604905,2.4277903827921
IJH,2024-10-15,62.61204147338867,63.2400016784668,63.97999954223633,63.220001220703125,63.279998779296875,5504500,62.63343127400961,62.78600082397461,62.263000297546384,0.5359923251081327,0.4598210697965814,0.07617125531155128,89.76902294779437,80.33840369752319,-0.002523686260467839,2.421663401559752
IJH,2024-10-16,63.17638397216797,63.810001373291016,64.02999877929688,63.4900016784668,63.58000183105469,11747200,66.22189271070906,63.0880012512207,62.37400035858154,0.6045667471867802,0.4887702052746212,0.11579654191215899,87.70575073121968,86.09324997885672,0.00901332212621031,2.443490633879264
IJH,2024-10-17,63.245689392089844,63.880001068115234,64.08000183105469,63.66999816894531,63.9900016784668,5081000,66.6455214605209,63.470001220703125,62.43550033569336,0.6569875179501992,0.5224136678097369,0.1345738501404623,86.12211291030512,87.86562886310641,0.001097014668525631,2.4461711789470346
IJH,2024-10-18,63.275390625,63.90999984741211,64.0199966430664,63.70000076293945,63.939998626708984,5280400,66.83747223180961,63.64800109863281,62.52100028991699,0.6929639501680143,0.5565237242813923,0.13644022588662197,93.07791593522472,88.96859319224986,0.00046961671531509097,2.44731994182119
IJH,2024-10-21,62.5328369140625,63.15999984741211,63.900001525878906,63.040000915527344,63.869998931884766,4891800,57.870688068140666,63.60000076293945,62.55200023651123,0.6534245286843259,0.575903885161979,0.07752064352234689,84.96498304282947,88.05500396278647,-0.011735268697718904,2.418599984714633
IJH,2024-10-22,62.117008209228516,62.7400016784668,62.97999954223633,62.5,62.869998931884766,5797300,53.53899449291866,63.50000076293945,62.562500381469725,0.5814957886466701,0.5770222658589172,0.004473522787752815,71.6782797052813,83.24039289444518,-0.0066497655528637845,2.4025168618501205
IJH,2024-10-23,61.74078369140625,62.36000061035156,62.75,61.970001220703125,62.52000045776367,7746000,49.89968501239509,63.210000610351564,62.5975004196167,0.4882011545379328,0.5592580435947203,-0.07105688905678753,51.60837609390969,69.41721294734018,-0.006056706990057004,2.3879655211792232
IJH,2024-10-24,61.83979034423828,62.459999084472656,62.650001525878906,62.209999084472656,62.59000015258789,7413300,50.84656703807026,62.92600021362305,62.61250038146973,0.41752060831950644,0.5309105565396776,-0.11338994822017112,41.56175994923913,54.9494719161434,0.0016035859429139876,2.3917948291211495
IJH,2024-10-25,61.5031623840332,62.119998931884766,62.77000045776367,61.95000076293945,62.709999084472656,6107300,47.555571853579245,62.56800003051758,62.60500030517578,0.3302635230892932,0.49078114984960075,-0.16051762676030756,30.835384682973398,41.33517357537409,-0.005443549506413237,2.3787749755596455
IJH,2024-10-28,62.117008209228516,62.7400016784668,62.880001068115234,62.36000061035156,62.459999084472656,5959000,53.46981982383232,62.48400039672852,62.62600040435791,0.30759493156117657,0.4541439061919159,-0.14654897463073935,34.58066827527915,35.65927096916391,0.009980719712628483,2.402516861850121
IJH,2024-10-29,62.186317443847656,62.810001373291016,62.84000015258789,62.15999984741211,62.41999816894531,6470400,54.09919226176242,62.49800033569336,62.67500038146973,0.29191330494749934,0.42169778594303264,-0.1297844809955333,38.000200303781405,34.47208442067801,0.0011157851386802697,2.405197554460002
IJH,2024-10-30,62.097206115722656,62.720001220703125,63.45000076293945,62.54999923706055,62.599998474121094,4556100,53.104618356791654,62.57000045776367,62.71700038909912,0.2691209835486106,0.3911824254641482,-0.12206144191553764,43.06103566822091,38.54730141576051,-0.001432973229287371,2.4017509707533136
IJH,2024-10-31,61.28535079956055,61.900001525878906,62.75,61.880001068115234,62.630001068115234,7116100,44.98921954432096,62.45800094604492,62.728000450134275,0.1827837648193551,0.34950269333518963,-0.16671892851583453,28.336734165591384,36.46599004586459,-0.01307394272536444,2.370350616121096
IJH,2024-11-01,61.40415954589844,62.02000045776367,62.58000183105469,61.939998626708984,62.220001220703125,7601500,46.28293342063122,62.438001251220705,62.715000534057616,0.12263020323231899,0.3041281953146155,-0.1814979920822965,14.47431863994963,28.624029491253996,0.0019386157505481005,2.3749458151598297
IJH,2024-11-04,61.58237075805664,62.20000076293945,62.70000076293945,61.939998626708984,61.939998626708984,5362300,48.24896292772821,62.33000106811524,62.73250064849854,0.08846284794901038,0.2609951258414945,-0.1725322778924841,7.27271781480339,16.69459020678149,0.002902266124577446,2.381838539946875
IJH,2024-11-05,62.47343063354492,63.099998474121094,63.11000061035156,61.849998474121094,61.970001220703125,6218400,56.76874413743381,62.38800048828125,62.79300060272217,0.13248011808685334,0.23529212429056626,-0.10281200620371292,25.65425644059589,15.800430965116327,0.014469398701603353,2.416302311424211
IJH,2024-11-06,65.0575180053711,65.70999908447266,65.76000213623047,64.69999694824219,65.62000274658203,15648700,71.44857520201876,62.986000061035156,62.963500595092775,0.37366201525323817,0.26296610248310065,0.11069591277013752,56.44010455914205,29.7890262715138,0.041362981760739936,2.5162477798600844
IJH,2024-11-07,64.95851135253906,65.61000061035156,66.0199966430664,65.47000122070312,65.69999694824219,9011100,70.46136035766146,63.72799987792969,63.145500564575194,0.5503868482570908,0.3204502516378987,0.22993659661919214,81.64761152557254,54.58065750843685,-0.0015218326162375062,2.512418471918158
IJH,2024-11-08,65.27533721923828,65.93000030517578,66.05000305175781,65.47000122070312,65.66999816894531,9127300,71.80396168080097,64.5099998474121,63.291000556945804,0.7081013016420172,0.39798046163872236,0.3101208400032949,95.34396738674475,77.81056115715313,0.004877357256230175,2.524672434382855
IJH,2024-11-11,65.84957122802734,66.51000213623047,66.75,66.3499984741211,66.3499984741211,7061400,74.1016599299808,65.37200012207032,63.446500587463376,0.8698651784050355,0.492357404991985,0.37750777341305053,94.1376124430492,90.37639711845553,0.008797105204687128,2.5468822433954945
IJH,2024-11-12,65.1565170288086,65.80999755859375,66.55000305175781,65.61000061035156,66.25,9147800,67.0047884517497,65.91399993896485,63.57500038146973,0.9308494439958679,0.5800558127927616,0.35079363120310625,91.02038782670924,93.50065588550109,-0.010524809596994977,2.5200767927177896
IJH,2024-11-13,64.79019927978516,65.44000244140625,66.16000366210938,65.41999816894531,66.02999877929688,7970900,63.54083749517424,65.86000061035156,63.65650043487549,0.9385058883840287,0.6517458279110151,0.2867600604730136,83.0612442967698,89.40641485550945,-0.005622119869628239,2.505908618908462
IJH,2024-11-14,64.21595764160156,64.86000061035156,65.76000213623047,64.7300033569336,65.62999725341797,7071100,58.44051125925342,65.71000061035156,63.7055004119873,0.8875413510155852,0.6989049325319292,0.18863641848365598,71.83674761607439,81.97279324651784,-0.008863094180399544,2.4836985148116013
IJH,2024-11-15,63.53280258178711,64.16999816894531,64.8499984741211,64.0,64.81999969482422,10003200,52.99105087592531,65.35800018310547,63.71850032806397,0.7824545090219601,0.7156148478299355,0.06683966119202467,60.680292657254945,71.85942819003307,-0.010638400249782798,2.4572759359112446
IJH,2024-11-18,63.6516227722168,64.29000091552734,64.54000091552734,64.05999755859375,64.2300033569336,6327300,53.79796230212029,64.91399993896485,63.775000381469724,0.7007775213295488,0.7126473825298583,-0.011869861200309417,52.85715546158076,61.791398578303394,0.0018702179913554495,2.4618715775763107
IJH,2024-11-19,63.68131637573242,64.31999969482422,64.41999816894531,63.58000183105469,63.75,6794000,54.01048300864537,64.61600036621094,63.8540002822876,0.6311925758012933,0.6963564211841453,-0.06516384538285203,49.18368098968262,54.24037636950613,0.0004665019087084499,2.463020045366245
IJH,2024-11-20,64.06744384765625,64.70999908447266,64.70999908447266,63.9900016784668,64.31999969482422,8453700,56.79300864773343,64.46999969482422,63.97150020599365,0.600592440720618,0.6772036250914399,-0.07661118437082193,52.85715546158076,51.63266397094807,0.006063434204871099,2.477954405356602
IJH,2024-11-21,65.07732391357422,65.7300033569336,65.9000015258789,64.7699966430664,64.94000244140625,7450500,63.083982950121204,64.64400024414063,64.1350004196167,0.6511414798056165,0.6719911960342753,-0.02084971622865872,62.65308738664248,54.897974612635316,0.015762765068625617,2.517013818499004
IJH,2024-11-22,66.1762924194336,66.83999633789062,66.9000015258789,66.0199966430664,66.02999877929688,9529300,68.46495001540193,65.1779998779297,64.37100028991699,0.7718714607057535,0.691967248968571,0.07990421173718254,78.78762295111386,64.76595526644572,0.016887118888275987,2.55951893009543
IJH,2024-11-25,67.1960678100586,67.87000274658203,68.33000183105469,67.41999816894531,67.44999694824219,16430200,72.47441505217189,65.89400024414063,64.62750034332275,0.9398299745179344,0.7415397940784437,0.19829018043949065,89.43711212739036,76.95927415504893,0.015409980724842232,2.5989610674730694
IJH,2024-11-26,66.87924194335938,67.55000305175781,67.7699966430664,67.16000366210938,67.69000244140625,10175600,69.51722226606572,66.54000091552734,64.8645004272461,1.0351840484358803,0.8002686449499311,0.2349154034859492,90.90218699636921,86.3756406916245,-0.00471494652923421,2.5867071050083723
IJH,2024-11-27,66.65152740478516,67.31999969482422,68.19999694824219,67.22000122070312,67.80000305175781,6563900,67.38882782769889,67.06200103759765,65.09450035095215,1.0797468408562594,0.8561642841311968,0.22358255672506255,84.21052631578941,88.18327514651635,-0.0034048612388141164,2.5778997262503642
IJH,2024-11-29,66.7307357788086,67.4000015258789,67.9000015258789,67.37000274658203,67.5999984741211,2904900,67.75859142051017,67.39600067138672,65.36950035095215,1.1087378147072826,0.9066789902464141,0.20205882446086854,80.91227213541661,85.34166181585844,0.0011883954818079356,2.580963290637594
IJH,2024-12-02,66.5228271484375,67.19000244140625,67.52999877929688,66.97000122070312,67.45999908447266,8246200,65.65421930800213,67.46600189208985,65.62800045013428,1.1020642881687195,0.9457560498308752,0.15630823833784424,78.38595206277405,81.16958350466005,-0.00311563521583591,2.572921950518504
IJH,2024-12-03,66.35449981689453,67.0199966430664,67.37000274658203,66.76000213623047,67.20999908447266,6719300,63.92341039998716,67.29600067138672,65.86900024414062,1.070714888441401,0.9707478175529805,0.0999670708884206,76.28066748903503,78.52629722907525,-0.002530369480048811,2.5664115073403644
IJH,2024-12-04,66.5426254272461,67.20999908447266,67.26000213623047,66.79000091552734,67.08000183105469,8503600,65.03290740580184,67.22799987792969,66.0745002746582,1.049108403770731,0.9864199347965306,0.06268846897420044,74.94731702302626,76.53797885827846,0.002835159798818321,2.5736876940732003
IJH,2024-12-05,65.99808502197266,66.66000366210938,67.23999786376953,66.5999984741211,67.19999694824219,4979800,59.34360330194963,67.09600067138672,66.12200050354004,0.9763503162331517,0.9844060110838548,-0.008055694850703121,71.22802734374993,74.15200395193709,-0.008183332139018229,2.5526263528504956
IJH,2024-12-06,66.00798034667969,66.66999816894531,67.12999725341797,66.48999786376953,67.11000061035156,6796500,59.413089563857156,66.95,66.17500038146973,0.9090168998617401,0.9693281888394318,-0.06031128897769178,68.7718977007949,71.64908068919038,0.0001499335125214607,2.553009077085733
IJH,2024-12-09,65.70106506347656,66.36000061035156,67.08000183105469,66.33000183105469,66.94999694824219,9362000,56.20444008054251,66.78399963378907,66.19650039672851,0.8211744817927666,0.9396974474300989,-0.11852296563733222,62.80699612801529,67.60230705752006,-0.004649669351965868,2.541138429024717
IJH,2024-12-10,65.26543426513672,65.91999816894531,66.44000244140625,65.73999786376953,66.4000015258789,6433800,51.9185211723222,66.56399993896484,66.16700019836426,0.7078940508653773,0.8933367681171547,-0.1854427172517774,56.01626940909,62.53172107930008,-0.00663049827151152,2.5242894150633974
IJH,2024-12-11,65.6713638305664,66.33000183105469,66.52999877929688,66.06999969482422,66.38999938964844,5865800,55.33631023206794,66.38800048828125,66.1930004119873,0.6437812526618814,0.8434256650261001,-0.1996444123642187,48.93885344504496,55.92070632738344,0.006219671561222162,2.539989666150561
IJH,2024-12-12,65.29513549804688,65.94999694824219,66.41999816894531,65.93000030517578,66.22000122070312,5686000,51.670293114692164,66.24599914550781,66.2185001373291,0.5559001095411986,0.7859205539291199,-0.23002044438792124,32.1327768615167,45.69596657188391,-0.005728955675265213,2.525438177937553
IJH,2024-12-13,64.97830963134766,65.62999725341797,66.02999877929688,65.36000061035156,65.94999694824219,5444500,48.74188448791816,66.03799896240234,66.25699996948242,0.4551852769160547,0.7197734985265068,-0.26458822161045215,20.339719752024426,33.80378335286205,-0.004852212408820167,2.5131842154728563
IJH,2024-12-16,64.96841430664062,65.62000274658203,66.0199966430664,65.4000015258789,65.66000366210938,8206400,48.64914547753447,65.88999938964844,66.32950019836426,0.3702930653177958,0.6498774118847647,-0.27958434656696884,8.784623089438078,20.419039900993095,-0.0001522865824483688,2.5128014912376186
IJH,2024-12-17,64.18006896972656,64.55999755859375,65.26000213623047,64.37000274658203,65.02999877929688,9054800,39.9642743633087,65.61799926757813,66.34300003051757,0.2150033909176159,0.5629026076913349,-0.34789921677371904,7.735505497037388,12.286616112833322,-0.012134286257829752,2.48231043863384
IJH,2024-12-18,61.74449157714844,62.11000061035156,64.9000015258789,61.93000030517578,64.79000091552734,12372000,27.669281534822076,64.7739990234375,66.23250007629395,-0.104553841488368,0.4294113178553944,-0.5339651593437624,5.710268012297238,7.410132199590925,-0.03794912395196981,2.388108932110856
IJH,2024-12-19,61.58543395996094,61.95000076293945,63.0099983215332,61.90999984741211,62.66999816894531,13263400,27.083283219194893,63.97399978637695,66.09450016021728,-0.3664912183351987,0.2702308106172758,-0.6367220289524744,2.8958492109721554,5.447207573435617,-0.0025760616554556526,2.381957016261794
IJH,2024-12-20,61.99302291870117,62.36000061035156,63.029998779296875,61.619998931884766,61.709999084472656,15847100,31.109583013156282,63.32000045776367,65.92600002288819,-0.5348297312468588,0.10921870224444885,-0.6440484334913077,5.53214198011604,4.712753067795169,0.006618268842681685,2.3977214481671263
IJH,2024-12-23,62.15208053588867,62.52000045776367,62.56999969482422,61.88999938964844,62.279998779296875,9695800,32.67199409994539,62.7,65.71000022888184,-0.6478604332359907,-0.04219712485163907,-0.6056633083843517,9.846270288356209,6.091420493148159,0.002565734169732048,2.4038733640161882
IJH,2024-12-24,62.61931610107422,62.9900016784668,63.02000045776367,62.349998474121094,62.630001068115234,4274500,37.179167694594,62.38600082397461,65.46600017547607,-0.6915412512826578,-0.17206595013784282,-0.519475301144815,17.734776123644966,11.037729464039096,0.007517617449921854,2.421944764364919
IJH,2024-12-26,62.8578987121582,63.22999954223633,63.29999923706055,62.59000015258789,62.72999954223633,5210400,39.409681137567624,62.61000061035156,65.25,-0.6987381737104386,-0.27740039485236195,-0.4213377788580766,23.184787734960096,16.92194471565378,0.0038100481758518434,2.4311724905964014
IJH,2024-12-27,62.24155044555664,62.61000061035156,63.220001220703125,62.209999084472656,62.869998931884766,6660900,35.86675948804133,62.742000579833984,65.01450004577637,-0.7458725642106501,-0.37109482872401955,-0.3747777354866305,23.909595884413175,21.609719914339436,-0.009805422695148835,2.407333816681286
IJH,2024-12-30,61.80413818359375,62.16999816894531,62.5,61.61000061035156,62.189998626708984,9979200,33.56085918678182,62.704000091552736,64.75299987792968,-0.8094011553505069,-0.45875609404931705,-0.3506450613011899,19.57785946146963,22.22408102694766,-0.0070276569081533236,2.3904159005542547
IJH,2024-12-31,61.94331741333008,62.310001373291016,62.70000076293945,62.11000061035156,62.470001220703125,17054600,34.99296890053134,62.662000274658205,64.50899982452393,-0.838781976491191,-0.5347612705376918,-0.30402070595349917,14.580540252908989,19.355998532930624,0.0022519403041085795,2.3957989744642947
IJH,2025-01-02,61.78425979614258,62.150001525878906,62.970001220703125,61.95000076293945,62.70000076293945,11429100,34.088636300553816,62.49400024414062,64.26550006866455,-0.8650058899819726,-0.600810194426548,-0.26419569555542455,12.278789157392465,15.479062957257051,-0.002567793005436747,2.3896470586152327
IJH,2025-01-03,62.53978729248047,62.90999984741211,62.97999954223633,62.02000045776367,62.400001525878906,9732200,41.78460030375205,62.43000030517578,64.05050010681153,-0.8150674274381089,-0.6436616410288603,-0.17140578640924864,18.288686222065717,15.049338544122413,0.012228478561218559,2.418868806440388
IJH,2025-01-06,62.649139404296875,63.02000045776367,63.709999084472656,62.93000030517578,63.31999969482422,10063200,42.82517843251022,62.512000274658206,63.86849994659424,-0.7578783562154356,-0.6665049840661753,-0.09137337214926033,24.20373666884399,18.257070682767417,0.001748520686599031,2.4230982485866184
IJH,2025-01-07,62.24155044555664,62.61000061035156,63.41999816894531,62.29999923706055,63.279998779296875,11706600,39.95825183877652,62.60000076293945,63.66550006866455,-0.7371418539830756,-0.6806323580495555,-0.05650949593352017,29.59394095612568,24.028787949011818,-0.0065058987659817324,2.407333816681286
IJH,2025-01-08,62.41054916381836,62.779998779296875,62.779998779296875,61.9900016784668,62.36000061035156,7671000,41.70095751523098,62.694000244140625,63.48649997711182,-0.6989337221873484,-0.684292630877114,-0.014641091310234389,31.644102572802996,28.480593399257582,0.0027152073984650915,2.4138702272709143
IJH,2025-01-10,61.525787353515625,61.88999938964844,62.20000076293945,61.59000015258789,62.04999923706055,8534800,35.83651614453152,62.64199981689453,63.285000038146975,-0.7320306218385824,-0.6938402290694077,-0.038190392769174686,25.703469279282626,28.98050426940379,-0.01417647853058246,2.379650047818396
IJH,2025-01-13,62.002960205078125,62.369998931884766,62.400001525878906,61.380001068115234,61.439998626708984,7663100,40.68164692564441,62.533999633789065,63.08699989318848,-0.7113284501409112,-0.6973378732837084,-0.01399057685720273,30.73412463098765,29.360565494357783,0.0077556561579741334,2.3981057953655824
IJH,2025-01-14,62.72866439819336,63.099998474121094,63.2400016784668,62.54999923706055,62.77000045776367,8630500,47.2104286753426,62.54999923706055,62.94449996948242,-0.6287689111094608,-0.683624080848859,0.05485516973939819,43.48660780639693,33.308067238889095,0.011704347513649793,2.4261740589690386
IJH,2025-01-15,63.55378341674805,63.93000030517578,64.48999786376953,63.75,64.37999725341797,8864300,53.47982279958776,62.81399917602539,62.859500122070315,-0.49070908162906335,-0.6450410810048999,0.15433199937583653,66.10084598735777,46.77385947491414,0.013153779479775585,2.4580874175202694
IJH,2025-01-16,64.03096008300781,64.41000366210938,64.55000305175781,63.75,64.0,7401000,56.68371947903158,63.14000015258789,62.79900016784668,-0.33865955619383215,-0.5837647760426864,0.24510521984885425,83.79898043948465,64.46214474441314,0.007508233823480204,2.476543312609566
IJH,2025-01-17,64.31924438476562,64.69999694824219,64.94000244140625,64.56999969482422,64.87999725341797,6988700,58.54143725292865,63.70199966430664,62.8060001373291,-0.19253969940984206,-0.5055197607161176,0.31298006130627554,90.27850752589707,80.05944465091319,0.004502264238800846,2.4876933650017694
IJH,2025-01-21,65.41278076171875,65.80000305175781,65.80000305175781,65.18000030517578,65.18000030517578,7655100,64.72195579549286,64.38800048828125,62.99050025939941,0.011885629113443485,-0.40203868275020543,0.4139243118636489,96.2806311655554,90.11937304364574,0.01700169812959018,2.529988376632514
IJH,2025-01-22,65.09466552734375,65.4800033569336,65.91000366210938,65.41000366210938,65.77999877929688,8071500,61.83408497521255,64.86400146484375,63.16700038909912,0.14638543359313871,-0.29235385948153664,0.43873929307467535,94.58866674421809,93.71593514522355,-0.004863196926817803,2.51768454493439
IJH,2025-01-23,65.10459899902344,65.48999786376953,65.58000183105469,65.0199966430664,65.30000305175781,10442500,61.89127851776004,65.1760009765625,63.32350025177002,0.2508918458123617,-0.18370471842275699,0.43459656423511867,93.74535969992182,94.87155253656515,0.00015260039512021706,2.5180687445907353
IJH,2025-01-24,65.01513671875,65.4000015258789,65.62000274658203,65.23999786376953,65.4800033569336,7349600,61.004769293097034,65.3740005493164,63.46750030517578,0.322731727624614,-0.0824174292132828,0.40514915683789676,89.9925867478222,92.77553773065408,-0.00137413149990806,2.5146085870098593
IJH,2025-01-27,64.32919311523438,64.70999908447266,65.2300033569336,64.37999725341797,64.72000122070312,9220100,54.552945701627635,65.3760009765625,63.553500175476074,0.32029575106761854,-0.001874793157102525,0.3221705442247211,84.32662772253154,89.35485805675854,-0.010550521588271966,2.4880781548265576
IJH,2025-01-28,64.40872192382812,64.79000091552734,64.98999786376953,64.4800033569336,64.81999969482422,7297600,55.145271852749204,65.1740005493164,63.631500244140625,0.3211190408456588,0.06272397364344974,0.25839506720220906,79.1758069174821,84.49834046261196,0.0012362786589175112,2.4911541127510883
IJH,2025-01-29,64.16019439697266,64.54000091552734,65.12000274658203,64.26000213623047,64.7300033569336,9199400,52.82816808269673,64.98600006103516,63.728000259399415,0.2981615722575697,0.10981149336627373,0.18835007889129596,72.84762356285779,78.78335273429049,-0.00385860050366138,2.481541744236929
IJH,2025-01-30,64.86601257324219,65.25,65.58999633789062,63.22999954223633,65.06999969482422,7518100,58.19992910434589,64.93800048828125,63.88200035095215,0.3334152024982444,0.1545322351926679,0.1788829673055765,76.82113795806862,76.28152281280286,0.011000873406063594,2.5088408708171417
IJH,2025-01-31,64.26954650878906,64.6500015258789,65.55999755859375,64.55999755859375,65.31999969482422,7540400,52.73471038722855,64.78800048828126,63.99900035858154,0.30937283848342645,0.18550035585081961,0.12387248263260683,75.79097379705873,75.15324510599507,-0.009195355792521398,2.485771186383159
IJH,2025-02-03,63.533897399902344,63.90999984741211,64.30999755859375,63.029998779296875,63.31999969482422,11917500,46.88677344443002,64.62800064086915,64.08700027465821,0.22797913918120116,0.1939961125168959,0.03398302666430525,66.03064854884144,72.88092010132296,-0.011446309315191971,2.4573182804970255
IJH,2025-02-04,63.94148635864258,64.31999969482422,64.36000061035156,63.79999923706055,63.849998474121094,7998900,50.1830164172547,64.53400039672852,64.15750026702881,0.19431763451655115,0.194060416916827,0.00025721759972416325,52.484392361284385,64.76867156906154,0.006415299161874888,2.4730827124023578
IJH,2025-02-05,64.51808166503906,64.9000015258789,64.9000015258789,64.19999694824219,64.56999969482422,6383300,54.48620097063042,64.60600051879882,64.25150032043457,0.21199816713388486,0.19764796696023856,0.0143502001736463,50.06610622957108,56.19371571323233,0.00901754618531081,2.4953838499815397
IJH,2025-02-06,64.4981918334961,64.87999725341797,65.26000213623047,64.4000015258789,65.18000030517578,5482600,54.31194567470491,64.53199996948243,64.3650001525879,0.22183872033139096,0.20248611763446905,0.019352602696921906,57.98603752525461,53.51217870537005,-0.0003082830584800744,2.4946145654161858
IJH,2025-02-07,63.67308044433594,64.05000305175781,64.87999725341797,63.959999084472656,64.87999725341797,8873000,47.52111282415867,64.4120002746582,64.42850036621094,0.16081011520746813,0.19415091714906887,-0.033340801941600745,54.861081676768485,54.30440847719808,-0.012792783265772822,2.4627015019491765
IJH,2025-02-10,63.74266815185547,64.12000274658203,64.44999694824219,63.84000015258789,64.41999816894531,28784100,48.110382269155394,64.4540008544922,64.54000053405761,0.11674710832761548,0.1786701553847782,-0.06192304705716273,45.83333333333328,52.89348417845215,0.001092890543914704,2.4653929651331414
IJH,2025-02-11,63.44443130493164,63.81999969482422,64.02999877929688,63.619998931884766,63.849998474121094,5818200,45.73988954771225,64.35400085449218,64.6125005722046,0.056962490736466975,0.15432862245511597,-0.097366131718649,34.58865663543825,45.094357215180025,-0.004678763151447218,2.4538579753740395
IJH,2025-02-12,62.97719192504883,63.349998474121094,63.56999969482422,62.849998474121094,63.060001373291016,6814900,42.229362373225214,64.04400024414062,64.62500057220458,-0.02801942943503377,0.11785901207708603,-0.14587844151211982,28.799909537223076,36.40729983533156,-0.007364545166101855,2.435786427483198
IJH,2025-02-13,63.563724517822266,63.939998626708984,63.9900016784668,63.380001068115234,63.619998931884766,6762900,47.659976696686876,63.85600051879883,64.62550048828125,-0.04721585694774433,0.08484403827211996,-0.13205989521986428,29.44449709515042,30.944354422603936,0.009313412917353991,2.4584719122608356
IJH,2025-02-14,63.523963928222656,63.900001525878906,64.3499984741211,63.810001373291016,64.19999694824219,4607100,47.335124063240364,63.82600021362305,64.60000038146973,-0.06490837250741777,0.05489355611621242,-0.11980192862363018,32.05096043173494,30.09845568803617,-0.0006255232823630941,2.4569340808406808
IJH,2025-02-18,64.11048889160156,64.48999786376953,64.48999786376953,63.959999084472656,64.04000091552734,7107700,52.48042307239072,63.89999923706055,64.5895004272461,-0.030965098512965028,0.03772182519037693,-0.06868692370334195,45.98546886935435,35.82697546541326,0.009233129154875064,2.479619270534097
IJH,2025-02-19,63.76254653930664,64.13999938964844,64.29000091552734,63.90999984741211,64.05000305175781,6102300,49.397277139260886,63.96399917602539,64.50650024414062,-0.03193859290858825,0.023789741570583896,-0.055728334479172144,48.418570072145116,42.151666457744824,-0.005427229745248452,2.466161807072163
IJH,2025-02-20,63.14619827270508,63.52000045776367,64.05999755859375,63.16999816894531,63.970001220703125,6024900,44.41904190229327,63.997999572753905,64.40850009918213,-0.08179593387706063,0.0026726064810549885,-0.08446854035811563,43.885909953370295,46.09664963162328,-0.009666305692819455,2.442323133157047
IJH,2025-02-21,61.63513946533203,62.0,63.869998931884766,61.810001373291016,63.849998474121094,7323600,35.08395423910473,63.60999984741211,64.23400020599365,-0.24117940353006162,-0.046097795521168335,-0.1950816080088933,25.770298741868334,39.35825958912793,-0.023929529389043247,2.3838794899646256
IJH,2025-02-24,61.54566955566406,61.90999984741211,62.34000015258789,61.54999923706055,62.18000030517578,8270300,34.620015453204324,63.21199951171875,64.05950012207032,-0.3704835084101674,-0.11097493809896816,-0.2595085703111992,13.311349015746066,27.655852570328253,-0.001451605536129108,2.380419037299528
IJH,2025-02-25,61.53573226928711,61.900001525878906,62.36000061035156,61.41999816894531,61.939998626708984,8880600,34.56533131070411,62.694000244140625,63.919000244140626,-0.46836569590680455,-0.18245308966053544,-0.28591260624626913,9.236930923665405,16.106192893759957,-0.0001614619915373261,2.3800346901010725
IJH,2025-02-26,61.64508056640625,62.0099983215332,62.63999938964844,61.84000015258789,62.18000030517578,9461800,35.76739452180271,62.26800003051758,63.78000011444092,-0.5309418454783881,-0.252150840824106,-0.2787910046542821,12.522719616902576,11.69033318543804,0.001776988638741095,2.384263984705192
IJH,2025-02-27,60.88955307006836,61.25,62.27000045776367,61.2400016784668,62.04999923706055,6390400,31.466270613216285,61.81399993896484,63.61550006866455,-0.63454477070119,-0.3286296267995228,-0.3059151439016672,9.37977514525401,10.379808561940687,-0.012256087418427652,2.3550422368800366
IJH,2025-02-28,61.515846252441406,61.880001068115234,61.90999984741211,60.97999954223633,61.099998474121094,9909100,38.11022840688942,61.79000015258789,63.447000122070314,-0.6582273788101247,-0.3945491772016432,-0.26367820160848154,13.76011076828208,11.887535176812912,0.010285724739223179,2.379265553077829
IJH,2025-03-03,60.14396667480469,60.5,62.2599983215332,60.18000030517578,62.060001373291016,18809800,31.01698451313253,61.508000183105466,63.23950004577637,-0.7793665173341822,-0.47151264522815106,-0.3078538721060311,11.113450654759196,11.417778856098453,-0.022301238806127444,2.3262049837954475
IJH,2025-03-04,59.19955825805664,59.54999923706055,60.4900016784668,58.7599983215332,59.90999984741211,15810100,27.25605226782773,61.0379997253418,63.02150001525879,-0.9411779657304322,-0.5654457093286074,-0.37573225640182484,15.617591687139345,13.4970510367269,-0.015702463089180885,2.2896778358995307
IJH,2025-03-05,59.935203552246094,60.290000915527344,60.36000061035156,59.189998626708984,59.630001068115234,11791100,33.97214324932066,60.694000244140625,62.820000076293944,-0.9981961692887751,-0.6519958013206409,-0.34620036796813414,15.97110392360038,14.234048755166333,0.012426533505245141,2.3181305942435535
IJH,2025-03-06,59.0206184387207,59.369998931884766,60.150001525878906,59.09000015258789,59.58000183105469,13480900,30.234765071115277,60.31800003051758,62.54349994659424,-1.1048835677029558,-0.742573354597104,-0.36231021310585176,17.04481881296104,16.211171474566942,-0.015259564651818325,2.282756930569336
IJH,2025-03-07,59.38844299316406,59.7400016784668,59.93000030517578,58.400001525878906,59.25,10932900,33.40775450525649,59.89000015258789,62.28650016784668,-1.1463634064174713,-0.8233313649611775,-0.3230320414562937,19.783551217966433,17.59982465150931,0.006232136568091962,2.2969833835124023
IJH,2025-03-10,58.12591552734375,58.470001220703125,59.58000183105469,58.02000045776367,59.150001525878906,12583300,28.599650022916574,59.48400039672852,62.007500076293944,-1.2671084629365765,-0.9120867845562575,-0.35502167838031906,13.27536023554453,16.701243422157358,-0.021258807306425487,2.248152256376251
IJH,2025-03-11,57.8177375793457,58.15999984741211,58.880001068115234,57.689998626708984,58.4900016784668,16160600,27.557082317569478,59.20600051879883,61.70949993133545,-1.3719987624897172,-1.0040691801429493,-0.36792958234676787,12.186233765427277,15.081715072979435,-0.005301902691804861,2.2362327718765824
IJH,2025-03-12,57.76803207397461,58.11000061035156,58.95000076293945,57.720001220703125,58.790000915527344,10838100,27.38369392339787,58.77000045776367,61.42399997711182,-1.4425310017058095,-1.0917615444555215,-0.35076945725028796,7.117183251411174,10.859592417461018,-0.0008596930189957996,2.2343102981737504
IJH,2025-03-13,56.87332534790039,57.209999084472656,58.189998626708984,56.90999984741211,58.099998474121094,11885000,24.40680717655654,58.33800048828125,61.11700000762939,-1.5531471968688138,-1.1840386749381802,-0.3691085219306336,6.470031271661608,8.591149429500042,-0.015487921155571072,2.1997054764385546
IJH,2025-03-14,58.25514602661133,58.599998474121094,58.630001068115234,57.59000015258789,57.779998779296875,9394500,35.98200441554073,58.10999984741211,60.85,-1.511229481689881,-1.2494768362885205,-0.26175264540136056,13.84186921727237,9.143027913448408,0.024296463592698103,2.2531505404615024
IJH,2025-03-17,59.12997055053711,59.47999954223633,59.689998626708984,58.529998779296875,58.529998779296875,9560100,42.033668337149855,58.31199951171875,60.628999900817874,-1.3909664631480183,-1.27777476166042,-0.11319170148759827,26.52703852755775,15.612979672163933,0.015017120093152814,2.286986372715565
IJH,2025-03-18,58.644508361816406,58.83000183105469,59.119998931884766,58.630001068115234,59.0099983215332,7183300,39.09401375696165,58.44599990844726,60.34600009918213,-1.332743500075324,-1.288768509343401,-0.043974990731923125,36.722151612217154,25.697019785682446,-0.008210086766503477,2.268210016161759
IJH,2025-03-19,59.37220764160156,59.560001373291016,59.880001068115234,58.75,58.84000015258789,7493900,43.843982518467726,58.736000061035156,60.11700019836426,-1.2137056766339853,-1.2737559428015177,0.060050266167532396,43.401779192768764,35.55032311084791,0.012408651723968767,2.296355444289128
IJH,2025-03-20,58.94356155395508,59.130001068115234,59.75,59.060001373291016,59.06999969482422,8331600,41.777171964348575,59.12000045776367,59.89750022888184,-1.1409130395742082,-1.2471873621560559,0.10627432258184766,42.28301437834666,40.80231506111088,-0.007219642062730625,2.2797765799325576
IJH,2025-03-21,58.614601135253906,58.79999923706055,58.95000076293945,58.189998626708984,58.58000183105469,10708600,40.210554353381795,59.16000061035156,59.73750019073486,-1.0972048456135113,-1.2171908588475469,0.11998601323403557,47.94045557393036,44.54174971501529,-0.005580938952934655,2.2670532860136237
IJH,2025-03-24,60.06999588012695,60.2599983215332,60.34000015258789,59.54999923706055,59.63999938964844,6861000,49.27368424740733,59.316000366210936,59.65500011444092,-0.933989611747748,-1.1605506094275873,0.22656099767983928,63.79666578894543,51.34004524707418,0.02482990102610616,2.3233439947262506
IJH,2025-03-25,59.92047119140625,60.11000061035156,60.529998779296875,59.779998779296875,60.34000015258789,6149800,48.4609246507578,59.572000122070314,59.56550006866455,-0.8074363016423689,-1.0899277478705436,0.2824914462281747,79.4308242752532,63.722648546043025,-0.002489174279603601,2.3175607866119066
IJH,2025-03-26,59.54166793823242,59.72999954223633,60.5,59.540000915527344,60.209999084472656,6732600,46.37400125450146,59.60599975585937,59.45150012969971,-0.7293967700802,-1.017821552312475,0.28842478223227497,87.79992927618837,77.00913978012902,-0.006321766929432204,2.3029097074741545
IJH,2025-03-27,59.09308624267578,59.279998779296875,59.79999923706055,59.0099983215332,59.540000915527344,11175900,43.95974643864189,59.635999298095705,59.35300006866455,-0.6958399698020941,-0.9534252358103988,0.2575852660083048,77.25600244196893,81.49558533113685,-0.007533912150764599,2.285559788046901
IJH,2025-03-28,58.02646255493164,58.209999084472656,59.25,57.93000030517578,59.11000061035156,6207600,38.788800747054076,59.517999267578126,59.16949996948242,-0.746975330199227,-0.9121352546881646,0.16515992448893757,59.76058728089629,74.93883966635121,-0.018049889683606435,2.2443056860073676
IJH,2025-03-31,58.166019439697266,58.349998474121094,58.68000030517578,57.119998931884766,57.5099983215332,13852400,39.78680782518852,59.135999298095705,59.06199989318848,-0.7673580648951202,-0.8831798167295557,0.11582175183443555,47.05339137576073,61.35666036620867,0.0024050558765926766,2.24970336658637
IJH,2025-04-01,58.47504425048828,58.65999984741211,58.880001068115234,57.650001525878906,58.290000915527344,9880800,42.040274859498396,58.84599914550781,59.017499923706055,-0.7498531683983671,-0.856514487063318,0.10666131866495088,41.34437558550872,49.386118080721936,0.0053128065796455015,2.261655605434621
IJH,2025-04-02,59.412078857421875,59.599998474121094,59.7400016784668,57.95000076293945,58.040000915527344,9091400,48.35217189225968,58.81999893188477,58.98299980163574,-0.6526075252130283,-0.8157330946932602,0.16312556948023182,53.616265861220114,47.33801094082988,0.016024521553496207,2.2978975544304934
IJH,2025-04-03,55.41472244262695,55.59000015258789,57.33000183105469,55.56999969482422,56.95000076293945,17671900,32.228218286418105,58.08199920654297,58.7939998626709,-0.8888667019255934,-0.8303598161397269,-0.05850688578586649,40.491017789279404,45.15055307866944,-0.06728188091832044,2.1432906848108013
IJH,2025-04-04,52.7132682800293,52.880001068115234,53.9900016784668,51.790000915527344,53.5099983215332,33104500,25.93408284849144,57.01599960327148,58.45099983215332,-1.2800227735879517,-0.9202924076293719,-0.35973036595857977,28.53396611418964,40.88041658822974,-0.048749755363199365,2.038805788254051
IJH,2025-04-07,52.13509750366211,52.29999923706055,54.65999984741211,50.150001525878906,50.91999816894531,35421900,24.8169788611469,55.805999755859375,58.14249973297119,-1.618164881514815,-1.0598669024064606,-0.5582979791083544,11.195842885590011,26.74027559635304,-0.010968221004544088,2.016443715783137
IJH,2025-04-08,50.99869155883789,51.15999984741211,54.150001525878906,50.459999084472656,53.900001525878906,28373100,22.74332351945539,54.305999755859375,57.792499732971194,-1.955590531269749,-1.2390116281791184,-0.7165789030906307,14.30484347764331,18.011550825807678,-0.021797330382750224,1.9724906259119914
IJH,2025-04-09,55.72374725341797,55.900001525878906,56.27000045776367,50.45000076293945,50.54999923706055,34232300,43.77858785493967,53.566000366210936,57.68199977874756,-1.8195496325816052,-1.355119229059616,-0.4644304035219893,28.612711593865168,18.037799319032853,0.09265052788910699,2.1552429236590527
IJH,2025-04-10,53.510746002197266,53.68000030517578,54.709999084472656,52.220001220703125,54.54999923706055,18839300,38.49235985142198,53.184000396728514,57.505499839782715,-1.8693233890206926,-1.4579600610518313,-0.4113633279688613,33.044315425811654,25.320623499106734,-0.03971379098316041,2.0696500566709215
IJH,2025-04-11,54.198570251464844,54.369998931884766,54.59000015258789,52.68000030517578,53.66999816894531,22334300,40.88174122098844,53.48199996948242,57.2939998626709,-1.8319744657067716,-1.5327629419828195,-0.2992115237239521,43.35260037715772,35.00320913227821,0.012853946181937692,2.096253227114814
IJH,2025-04-14,54.8963623046875,55.06999969482422,55.400001525878906,54.2400016784668,55.310001373291016,12671300,43.28865921510383,54.03600006103515,57.073499870300296,-1.7259947701613,-1.5714093076185156,-0.1545854625427845,40.73300576951961,39.04330719082969,0.012874731750027957,2.1232419250940477
IJH,2025-04-15,54.806644439697266,54.97999954223633,55.66999816894531,54.849998474121094,55.040000915527344,10284100,43.045997172976385,54.8,56.88099975585938,-1.6304722884428173,-1.5832219037833761,-0.0472503846594412,46.08103924271023,43.38888179646255,-0.0016343134813247007,2.1197718821917526
IJH,2025-04-16,54.218505859375,54.38999938964844,55.119998931884766,53.790000915527344,54.61000061035156,8282100,41.4073018747157,54.497999572753905,56.62249965667725,-1.5841173956966799,-1.583401002166037,-0.0007163935306429003,47.26690819794997,44.69365107005996,-0.010731154704597623,2.097024282185497
IJH,2025-04-17,54.67705535888672,54.849998474121094,55.189998626708984,54.439998626708984,54.630001068115234,8512600,43.22212415482077,54.731999206542966,56.408499526977536,-1.4930517562288514,-1.5653311529786,0.07227939674974859,47.75795185556558,47.03529976540862,0.008457435191981277,2.114759729148092
IJH,2025-04-21,53.43099594116211,53.599998474121094,54.560001373291016,53.040000915527344,54.439998626708984,12707000,39.6299919026312,54.577999114990234,56.148499488830566,-1.5044042978853511,-1.5531457819599503,0.04874148407459922,43.06566410536991,46.03017471962852,-0.022789438998603417,2.0665655413039685
IJH,2025-04-22,54.76677322387695,54.939998626708984,55.13999938964844,54.15999984741211,54.2599983215332,17708300,44.91514908421428,54.551998901367185,55.88249950408935,-1.3892599317643715,-1.5203686119208346,0.13110868015646315,44.97737501364043,45.26699699152533,0.0250000446217733,2.1182297720503867
IJH,2025-04-23,55.47453689575195,55.650001525878906,57.349998474121094,55.459999084472656,56.380001068115234,13815500,47.535975362463105,54.6859992980957,55.65949954986572,-1.2265766793795194,-1.4616102254125718,0.23503354603305238,54.103898044644865,47.382312387885094,0.012923231189498452,2.145604145107072
IJH,2025-04-24,56.67074966430664,56.849998474121094,56.91999816894531,55.61000061035156,55.83000183105469,9981700,51.71719739480714,55.177999114990236,55.51549949645996,-0.9894139566611884,-1.367170971662295,0.3777570150011067,73.13076840318867,57.40401382049135,0.021563276333475656,2.191870400190267
IJH,2025-04-25,56.41157150268555,56.59000015258789,56.7599983215332,56.150001525878906,56.52000045776367,7533900,50.773028301081546,55.52599945068359,55.38099956512451,-0.8130679407886632,-1.2563503654875687,0.44328242469890555,86.2963123871043,71.1769929449793,-0.0045734027369737085,2.181846094102945
IJH,2025-04-28,56.620906829833984,56.79999923706055,57.13999938964844,56.220001220703125,56.72999954223633,9639400,51.54252562423389,56.16599960327149,55.310499572753905,-0.6488873126025183,-1.1348577549105587,0.48597044230804043,91.50966993827787,83.6455835761903,0.0037108579245743734,2.1899426149714487
IJH,2025-04-29,56.900028228759766,57.08000183105469,57.349998474121094,56.36000061035156,56.630001068115234,6467300,52.60631058991992,56.594000244140624,55.246999740600586,-0.4905246498292044,-1.005991133894288,0.5154664840650836,92.52015369255942,90.10871200598056,0.004929652570995424,2.200738271213675
IJH,2025-04-30,56.730560302734375,56.90999984741211,57.08000183105469,55.68000030517578,56.290000915527344,11475700,51.861890584871176,56.84599990844727,55.15949974060059,-0.3744227258406454,-0.8796774522835594,0.505254726442914,93.17967397408609,92.40316586830782,-0.002978345201237298,2.1941837129444264
IJH,2025-05-01,57.0794563293457,57.2599983215332,57.880001068115234,56.84000015258789,57.290000915527344,10142100,53.326256695629304,56.927999877929686,55.042499732971194,-0.25127264813235684,-0.7539964914533189,0.5027238433209621,91.86230000313064,92.52070922325875,0.0061500543049370915,2.2076780619340433
IJH,2025-05-02,58.44514083862305,58.630001068115234,58.7599983215332,57.9900016784668,58.09000015258789,10495700,58.63112190370621,57.33600006103516,55.194499778747556,-0.04263607016482496,-0.6117244071956202,0.5690883370307952,92.4090719494077,92.4836819755415,0.023926025177910093,2.260499022828597
IJH,2025-05-05,58.315547943115234,58.5,58.91999816894531,58.150001525878906,58.18000030517578,7682700,57.95795165402777,57.67600021362305,55.4754997253418,0.1109410617853257,-0.467191313399431,0.5781323751847567,92.88712079408374,92.38616424887407,-0.002217342513822329,2.2554867222428254
IJH,2025-05-06,57.896873474121094,58.08000183105469,58.560001373291016,57.7599983215332,58.04999923706055,7799300,55.731651174239595,57.876000213623044,55.76449985504151,0.1964966125223171,-0.33445372821508135,0.5309503407373984,92.09961056566868,92.46526776972007,-0.007179465575845145,2.2392935329637074
IJH,2025-05-07,58.05636978149414,58.2400016784668,58.56999969482422,57.880001068115234,58.29999923706055,7799400,56.418451143676485,58.14200057983398,56.11849994659424,0.27405155762238564,-0.21275267104758794,0.4868042286699736,89.00231347224542,91.32968161066599,0.002754834549819618,2.2454624161555032
IJH,2025-05-08,58.7840690612793,58.970001220703125,59.5099983215332,58.47999954223633,58.790000915527344,9429300,59.505349314485194,58.48400115966797,56.27199993133545,0.3899244660401848,-0.09221724363003339,0.4821417096702182,88.60119930892428,89.90104111561283,0.012534357255267414,2.273607844282872
IJH,2025-05-09,58.71428680419922,58.900001525878906,59.20000076293945,58.70000076293945,59.130001068115234,14164700,59.073264645203736,58.538001251220706,56.532999992370605,0.4706804788483083,0.020362300865634952,0.4503181779826734,89.56248136271351,89.05533138129444,-0.0011870947043038926,2.27090885645126
IJH,2025-05-12,60.817630767822266,61.0099983215332,61.25,60.5,60.959999084472656,10139000,66.88005894220832,59.040000915527344,56.86499996185303,0.6969058118544709,0.15567100306340215,0.5412348087910688,92.03563653359384,90.06643906841059,0.035823375844405536,2.3522604779243026
IJH,2025-05-13,61.01700210571289,61.209999084472656,61.5,61.08000183105469,61.18000030517578,6619200,67.5126377294526,59.66600036621094,57.17199993133545,0.8821604121153825,0.30096888487379825,0.5811915272415843,93.17648868494081,91.59153552708274,0.003278183240181587,2.3599716187995754
IJH,2025-05-14,60.82760238647461,61.02000045776367,61.310001373291016,60.88999938964844,61.13999938964844,10606900,66.21871216841951,60.22200012207031,57.473999977111816,1.0020932094813162,0.44119374979530185,0.5608994596860144,94.227954441265,93.14669321993324,-0.003104048260354486,2.352646153001755
IJH,2025-05-15,60.967159271240234,61.15999984741211,61.189998626708984,60.56999969482422,60.81999969482422,4761500,66.72477630772991,60.65999984741211,57.8125,1.0958058287059842,0.5721161655774384,0.5236896631285458,93.66234735029896,93.68893015883494,0.002294301917062924,2.3580438335807576
IJH,2025-05-16,61.62508010864258,61.81999969482422,61.81999969482422,60.97999954223633,61.25,4637900,69.07667153685546,61.24399948120117,58.16100006103515,1.209389141240166,0.6995707607099839,0.5098183805301821,95.3035524752492,94.39795142227108,0.010791397291044502,2.3834904214186254
IJH,2025-05-19,61.38583755493164,61.58000183105469,61.63999938964844,60.97999954223633,61.060001373291016,6878600,67.2162160988486,61.35800018310547,58.56000022888183,1.2654515748481217,0.8127469235376115,0.4527046513105102,96.7497707628213,95.23855686278985,-0.0038822270622473898,2.3742371704019867
IJH,2025-05-20,61.216373443603516,61.40999984741211,61.709999084472656,61.220001220703125,61.5099983215332,6728500,65.86301978981231,61.39800033569336,58.883500289916995,1.2813926215740636,0.906476063144902,0.3749165584291616,95.95277006517729,96.00203110108264,-0.0027606385785072796,2.367682759674849
IJH,2025-05-21,59.57157516479492,59.7599983215332,61.0,59.75,60.84000015258789,8216700,54.41303881394058,61.145999908447266,59.089000129699706,1.1476552273823941,0.9547118959924005,0.19294333138999364,79.03979242562222,90.58077775120698,-0.026868600445988378,2.3040664376222906
IJH,2025-05-22,59.51176452636719,59.70000076293945,60.040000915527344,59.349998474121094,59.529998779296875,8088200,54.04511871170338,60.854000091552734,59.231500244140626,1.0250103956078647,0.9687715959154934,0.05623879969237122,62.93714428789993,79.30990225956651,-0.0010040130425001959,2.3017531248681307
IJH,2025-05-23,59.4021110534668,59.59000015258789,59.77000045776367,58.84000015258789,58.84000015258789,7804200,53.33309650985625,60.40800018310547,59.381500244140625,0.9084651323307327,0.9567103031985413,-0.04824517086780866,47.372761254214346,63.11656598924552,-0.0018425511959372365,2.2975120268951525
IJH,2025-05-27,60.71794891357422,60.90999984741211,60.90999984741211,59.939998626708984,60.349998474121094,6966600,60.12245704252622,60.273999786376955,59.5870002746582,0.912100982828008,0.9477884391244347,-0.03568745629642667,56.58692193443276,55.632275825515705,0.022151365275942192,2.3484050550287776
IJH,2025-05-28,59.94041061401367,60.130001068115234,60.97999954223633,60.04999923706055,60.90999984741211,6958800,55.02788741426256,60.01800003051758,59.73950023651123,0.8423331456061476,0.9266973804207773,-0.08436423481462973,57.1262372113857,53.69530680001096,-0.01280574053427419,2.318331989224701
IJH,2025-05-29,60.09990310668945,60.290000915527344,60.61000061035156,59.790000915527344,60.540000915527344,5703800,55.85424881191934,60.124000549316406,59.908500289916994,0.7908360171420554,0.8995251077650329,-0.10868909062297749,59.08878365115812,57.600647598992225,0.0026608508524046393,2.3245007248743863
IJH,2025-05-30,59.85069274902344,60.040000915527344,60.279998779296875,59.52000045776367,60.04999923706055,6267400,54.17906165441636,60.19200057983399,60.047500419616696,0.7215338678651477,0.8639268597850559,-0.14239299191990817,46.87709666501339,54.36403917585243,-0.004146601654641868,2.314861946322406
IJH,2025-06-02,59.77094268798828,59.959999084472656,60.029998779296875,59.13999938964844,59.95000076293945,6197300,53.624796749756904,60.26600036621094,60.11400032043457,0.6526327915342591,0.8216680461348966,-0.1690352546006375,42.93797050337863,49.634616939850076,-0.0013324835080786857,2.3117774309554524
IJH,2025-06-03,60.518577575683594,60.709999084472656,60.83000183105469,59.79999923706055,60.06999969482422,6834800,57.96620405498546,60.226000213623045,60.224500274658205,0.6510421158729187,0.7875428600825012,-0.13650074420958247,46.86800078683472,45.56102265174227,0.012508333549264172,2.3406939141535044
IJH,2025-06-04,60.4089241027832,60.599998474121094,60.959999084472656,60.58000183105469,60.790000915527344,5861500,57.12158002456447,60.31999969482422,60.35050010681152,0.6336015991771831,0.7567546079014377,-0.12315300872425461,53.13195654316684,47.64597594446008,-0.0018118977228647193,2.3364528161805262
IJH,2025-06-05,60.319210052490234,60.5099983215332,60.900001525878906,60.20000076293945,60.709999084472656,6474500,56.39750873659217,60.36399917602539,60.46399993896485,0.605537346298263,0.7265111555808028,-0.12097380928253987,59.28407423384946,53.09467718795037,-0.0014851125330476167,2.332982920820342
IJH,2025-06-06,60.89738082885742,61.09000015258789,61.22999954223633,60.83000183105469,61.13999938964844,6351600,59.923205034380445,60.5739990234375,60.569999885559085,0.6229169256220217,0.7057923095890466,-0.08287538396702487,64.49927092429904,58.9717672337718,0.009585184816977232,2.3553449932912565
IJH,2025-06-09,61.076812744140625,61.27000045776367,61.599998474121094,61.0099983215332,61.369998931884766,4638600,60.977772130550406,60.8359992980957,60.68849983215332,0.6437936354695069,0.6933925747651386,-0.04959893929563175,73.03549634386188,65.60628050067015,0.0029464635890903423,2.3622849315537353
IJH,2025-06-10,61.256248474121094,61.45000076293945,61.70000076293945,61.2400016784668,61.470001220703125,6860300,62.05310317473156,60.98399963378906,60.710499954223636,0.6671723511706631,0.6881485300462435,-0.020976178875580453,84.7750055119199,74.1032575933603,0.0029378699037907463,2.3692250173583256
IJH,2025-06-11,60.937255859375,61.130001068115234,61.70000076293945,60.970001220703125,61.630001068115234,7357200,58.94334983392672,61.09000015258789,60.70650005340576,0.6523588638716689,0.6809905968113286,-0.028631732939659704,85.33257326970931,81.04769170849706,-0.0052075114407448275,2.3568872509747334
IJH,2025-06-12,61.00703430175781,61.20000076293945,61.20000076293945,60.619998931884766,60.790000915527344,8475100,59.42239898157838,61.22800064086914,60.715500068664554,0.6389025874966521,0.6725729949483933,-0.03367040745174121,84.61539145543559,84.9076567456883,0.0011450867190974101,2.3595860912642346
IJH,2025-06-13,60.06999588012695,60.2599983215332,60.95000076293945,60.029998779296875,60.54999923706055,7669800,50.84319638622332,61.0620002746582,60.67049999237061,0.546093029911205,0.6472770019409556,-0.1011839720297506,68.77912201651725,79.57569558055407,-0.015359514396258045,2.3233439947262515
IJH,2025-06-16,60.7400016784668,60.7400016784668,61.06999969482422,60.439998626708984,60.58000183105469,7617000,54.45895717123061,60.95600051879883,60.61650009155274,0.505446572755929,0.6189109161039503,-0.11346434334802136,62.92249231173284,72.10566859456192,0.011153751361609565,2.349257995970917
IJH,2025-06-17,60.22999954223633,60.22999954223633,60.65999984741211,60.18000030517578,60.36000061035156,6822000,50.231272035791086,60.7120002746582,60.54899997711182,0.42715705189217346,0.580560143261595,-0.15340309136942154,49.60936626885549,60.436993532368554,-0.00839647879712313,2.3295325010187753
IJH,2025-06-18,60.45000076293945,60.45000076293945,60.93000030517578,60.150001525878906,60.310001373291016,8181700,51.963644003389874,60.57600021362305,60.501000022888185,0.37850117649212933,0.5401483499077019,-0.16164717341557255,52.08335506418169,54.871737881590036,0.0036526850801128496,2.3380415496288847
IJH,2025-06-20,60.43000030517578,60.43000030517578,60.86000061035156,60.16999816894531,60.65999984741211,7921200,51.787159642159516,60.422000122070315,60.53450012207031,0.3344715945594743,0.4990129988380564,-0.1645414042785821,48.04688101478835,49.913200782608534,-0.00033085951217937115,2.337267986342319
IJH,2025-06-23,60.970001220703125,60.970001220703125,61.02000045776367,59.84000015258789,60.33000183105469,10129900,56.12036143325946,60.5640007019043,60.5980001449585,0.3392408373658853,0.4670585665436222,-0.12781772917773693,54.38051241383414,51.503582830934754,0.008935974065866326,2.3581537524532536
IJH,2025-06-24,61.529998779296875,61.529998779296875,61.68000030517578,61.11000061035156,61.31999969482422,14281200,60.12298843952683,60.72200012207031,60.695000076293944,0.38378360107790854,0.4504035734504795,-0.06661997237257095,67.60991581786666,56.679103082163074,0.009184804779101663,2.3798129343086427
IJH,2025-06-25,61.040000915527344,61.040000915527344,61.58000183105469,60.95000076293945,61.58000183105469,9935700,55.36412485790647,60.88400039672852,60.70150012969971,0.3752200268071064,0.4353668641218049,-0.0601468373146985,72.31842086741584,64.76961636637225,-0.007963560433783101,2.360861150185177
IJH,2025-06-26,61.849998474121094,61.849998474121094,61.90999984741211,61.25,61.34000015258789,6601800,60.876898707809005,61.16399993896484,60.7875,0.4288498519037631,0.4340634616781966,-0.00521360977443347,84.15921426359559,74.69585031629272,0.013269946697980872,2.3921896518094683
IJH,2025-06-27,62.02000045776367,62.02000045776367,62.43000030517578,61.65999984741211,62.0,7374900,61.93936965136077,61.48199996948242,60.873999977111815,0.47954175514010444,0.44315912037057814,0.0363826347695263,81.92914079306108,79.4689253080242,0.0027486174266231345,2.3987648659742193
IJH,2025-06-30,62.02000045776367,62.02000045776367,62.18000030517578,61.790000915527344,62.18000030517578,7139700,61.939369651360764,61.69199981689453,60.97299995422363,0.5137927704376466,0.45728585038399183,0.05650692005365476,88.48038816443956,84.85624774036543,0.0,2.3987648659742193
IJH,2025-07-01,62.790000915527344,62.790000915527344,63.2400016784668,61.7400016784668,61.84000015258789,9975400,66.69108709571503,61.944000244140625,61.11450004577637,0.5961969611568989,0.4850680725385733,0.1111288886183256,85.03482379021979,85.1481175825735,0.012415357176400743,2.4285463885674905
IJH,2025-07-02,63.41999816894531,63.41999816894531,63.43000030517578,62.61000061035156,62.84000015258789,7752100,69.99206828978501,62.41999969482422,61.25,0.7042205728345863,0.528898572597776,0.17532200023681033,90.21865645050451,87.91128946838798,0.010033400927410563,2.452912968154803
IJH,2025-07-03,63.790000915527344,63.790000915527344,63.93000030517578,63.540000915527344,63.63999938964844,4202400,71.76204214796002,62.80800018310547,61.40950012207031,0.8103450395705423,0.5851878659923293,0.22515717357821297,94.35437017440806,89.86928347171083,0.005834165204426256,2.467223667643098
